:020000040800F2
:1000000078550224AD020008A9CC000809C30008F5
:10001000A1CC0008390F0008B1EB00080000000077
:10002000000000000000000000000000C9D000082F
:10003000011A00080000000021CD000829D10008A5
:10004000CB020008CB020008CB020008CB0200085C
:10005000CB020008CB020008CB020008CB0200084C
:10006000CB020008CB020008CB020008410F0008B9
:10007000510F0008610F0008710F0008CB02000843
:10008000CB020008CB020008290F0008CB020008B1
:10009000CB020008CB020008CB020008091A0008B6
:1000A000CB020008CB020008CB020008CB020008FC
:1000B000CB020008A9D30008CB020008CB0200083D
:1000C000CB020008CB020008CB020008CB020008DC
:1000D000CB02000891EB0008CB020008A1EB00085E
:1000E000CB020008CB02000800000000CB02000891
:1000F000CB020008CB020008CB020008CB020008AC
:10010000CB020008CB020008CB020008CB0200089B
:10011000CB020008CB020008CB020008B9D30008CC
:10012000CB020008CB020008CB020008CB0200087B
:10013000CB020008CB020008CB020008CB0200086B
:1001400000000000000000000000000000000000AF
:10015000CB020008CB020008CB020008CB0200084B
:10016000CB020008CB020008CB020008CB0200083B
:10017000CB020008CB020008CB020008CB0200082B
:10018000CB020008CB020008CB020008CB0200081B
:10019000CB020008CB020008CB020008CB0200080B
:1001A000CB020008CB020008CB020008CB020008FB
:1001B000CB020008CB020008CB020008CB020008EB
:1001C000CB020008CB020008CB020008CB020008DB
:1001D000CB020008CB020008CB020008CB020008CB
:1001E000CB020008CB020008CB020008CB020008BB
:1001F000CB020008CB020008CB020008CB020008AB
:10020000CB020008CB020008CB020008CB0200089A
:10021000CB020008CB020008CB020008CB0200088A
:10022000CB020008CB020008CB020008000000004F
:10023000CB020008CB02000800000000CB0200083F
:10024000CB020008CB020008CB020008CB0200085A
:10025000CB020008CB020008CB020008CB0200084A
:10026000CB020008CB020008CB020008CB0200083A
:10027000CB020008CB020008CB02000800000000FF
:10028000CB020008CB020008CB02000800000000EF
:1002900000000000CB020008DFF80CD000F04CFAA0
:1002A00000480047D90D01087855022407488047C7
:1002B0000748804707480047FEE7FEE7FEE7FEE7FE
:1002C000FEE7FEE7FEE7FEE7FEE7FEE7291A000885
:1002D00019D20008990200082DE9F05F05460020B8
:1002E00092469B4688460646814640241BE02846A7
:1002F00041464746224600F057F853465A46C01A30
:10030000914110D311461846224600F03EF82D1AAE
:1003100067EB01084F4622460120002100F035F826
:1003200017EB00094E41201EA4F10104DFDC484612
:1003300031462A464346BDE8F09FD2B201E000F8BC
:10034000012B491EFBD270470022F6E710B5134679
:100350000A4604461946FFF7F0FF204610BD30B5A7
:100360000B46014600202022012409E021FA02F573
:100370009D4205D303FA02F5491B04FA02F528440D
:10038000151EA2F10102F1DC30BD202A04DB203A67
:1003900000FA02F1002070479140C2F1200320FAD8
:1003A00003F3194390407047202A04DB203A21FAD6
:1003B00002F00021704721FA02F3D040C2F120027E
:1003C00091400843194670472DE9FE4F804681EA67
:1003D0000300C00F0C46009021F0004123F00045BF
:1003E000B8EB0200A94105D24046214690461C4682
:1003F0000B46024623F00040104347D0270DC7F3B9
:100400000A00C3F30A510290401A019040286BDAA7
:10041000C3F3130040F4801B0098924620B10023E0
:10042000D2EB030A63EB0B0B01985946C0F1400273
:100430005046FFF7AAFF06460D4650465946019A18
:1004400000F092F910EB08006141002487EA115294
:1004500084EAE7731A4340D0009A62B3019A012AF2
:100460004FEA075215DC001B61EB02014FF000421E
:1004700002EA0752CDE90042001C41F580113246E4
:100480002B4600F092F903B0BDE8F08F40462146BC
:10049000F9E7001B61EB0201001C41F58013001815
:1004A0005B412018A2F5001747EB030140EAD57025
:1004B000B6196D4111E06D084FEA360645EAC07580
:1004C0004FEA0752001B61EB0201001C41F580114D
:1004D00049084FEA30000019514132462B4603B01B
:1004E000BDE8F04F00F052B900980122400000230F
:1004F000D0EB020263EBE073009821464FEAE07410
:10050000B8EB000061EB0401E9E783F000435BE72F
:1005100081F0004158E72DE9FE4F81EA030404F021
:10052000004421F0004100944FF0000B23F0004301
:1005300050EA01045ED052EA03045BD0C3F30A54CC
:10054000C1F30A552C44A4F2F3340194A0FB0254E5
:10055000C1F3130141F48011C3F3130343F4801377
:1005600001FB024400FB034E840A970A44EA8154CB
:1005700047EA8357A4FB076802958D0A05FB0785A8
:100580004FEA932C04FB0C542705029D4FEA0658B2
:1005900047EA1637B5EB08056EEB070C870E920E8F
:1005A00047EA811742EA8312A7FB0201B6EB0B016F
:1005B00064EB00042B0D43EA0C335E1844EB1C5033
:1005C000DA465146E7FB0201C5F313044FEA0B3349
:1005D00043EA14534FEA0432019C43EA0603A4F1B0
:1005E0000C040294009CCDE900B400F0DEF803B0E6
:1005F000BDE8F08F00200146F9E72DE9F04D81EAD2
:10060000030404F0004B21F0004514464FF0000AAB
:1006100023F0004150EA050220D054EA01021DD027
:10062000C5F30A570246C5F31303C1F31300C1F320
:100630000A5640F4801543F48013A7EB0608101BFC
:10064000D64608F2FD3873EB050002D308F1010825
:1006500001E092185B41B8F1000F03DA0020014677
:10066000BDE8F08D00204FF48011064684460EE070
:10067000171B73EB050705D3121B63EB050306433A
:100680004CEA010C49084FEA300092185B4150EAED
:100690000107EDD152EA030012D082EA040083EA96
:1006A0000501084305D0101BAB4106D201220023EF
:1006B00006E000224FF0004302E06FF00102531009
:1006C0001AEB06004CEB085110EB0A0041EB0B0152
:1006D000BDE8F04D00F05AB8C1F30A52C1F313015E
:1006E00040F2FF3341F480119A4202DA00200146C1
:1006F000704740F233439A42A2F2334202DC524244
:10070000FFF752BEFFF741BE30B5041E71F1000481
:1007100004DB4FF00044404264EB0101141E73F10E
:10072000000405DB1C464FF00043524263EB040318
:10073000994208BF904230BD1CB509480090094855
:1007400001900546009C06E0E06840F0010394E853
:10075000070098471034AC42F6D3FFF7A1FD000024
:1007600058C7010878C70108202A06DBCB17203AB2
:1007700041FA02F043EAE07306E041FA02F3D040A6
:10078000C2F12002914008431946704710B5141E6B
:1007900073F1000408DA401C41F1000192185B413A
:1007A0001A4301D120F0010010BD2DE9F04D924611
:1007B0009B4611B1B1FA81F202E0B0FA80F2203228
:1007C0009046FFF7E2FD04460F4640EA0A0041EA80
:1007D0000B0153465A46084313D0114653EA010011
:1007E00019D0C8F140025046FFF7DEFD05460E461F
:1007F000504659464246FFF7C8FD084305D0012040
:1008000004E020463946BDE8F08D0020054346EA65
:10081000E0762C4337430A986305E40AA0EB08000E
:100820000022FD0A44EA47540A3002D5002001465E
:10083000E9E7010510196941DDE908450019694139
:10084000BDE8F04DA2E7000080B584B003900398A6
:10085000006842F20001C4F20201884209D0FFE7B9
:100860000398006842F20011C4F20201884209D1E3
:10087000FFE742F20830C4F20200006810F4403F83
:1008800009D129E046F20830C5F60200006810F4EC
:10089000403F21D0FFE709F097F8029003984068A5
:1008A0000190B0F5803F0AD0FFE70198B0F5003F16
:1008B00005D0FFE70198B0F5403F07D00AE0039864
:1008C000C1880298B0FBF1F0029004E00298800821
:1008D000029000E0FFE75FE04FF40020002106F007
:1008E000AFFF0290039840680090B0F5802F32D09F
:1008F000FFE70098B0F5002F2DD0FFE70098B0F586
:10090000402F28D0FFE70098B0F5801F23D0FFE7E5
:100910000098B0F5A01F1ED0FFE70098B0F5C01FEB
:1009200019D0FFE70098B0F5E01F1FD0FFE700984F
:10093000B0F5001F1ED0FFE70098B0F5101F1DD0C6
:10094000FFE70098B0F5201F1CD0FFE70098B0F536
:10095000301F1BD01EE0039841686FF0010000EAD1
:1009600051410298B0FBF1F0029014E002980009A6
:10097000029010E00298400902900CE00298800971
:10098000029008E00298C009029004E00298000A70
:10099000029000E0FFE7FFE706F012F841F20301E2
:1009A000884217D8FFE7029842F60151C0F2311190
:1009B000884207D3FFE703980168886840F4807095
:1009C000886006E003980168886820F48070886079
:1009D000FFE743E0029840080290029845F6106154
:1009E000C0F25F01884209D8FFE703980068806879
:1009F00020F440700399096888602EE002984BF655
:100A00002041C0F2BE0188420AD8FFE7039800687F
:100A10008068012161F309200399096888601BE05F
:100A2000029847F64001C0F27D1188420AD8FFE7DC
:100A3000039800688068022161F30920039909681E
:100A4000886008E003980068806840F4407003996B
:100A500009688860FFE7FFE7FFE7FFE704B080BDB4
:100A600080B58AB0089007910020059007980490FF
:100A7000089800680BF0ECFC0290089800680BF0F6
:100A80009BFC0190029828B9FFE70198002800F02C
:100A9000A880FFE708980068C0688001002836D564
:100AA000FFE70898407D012831D1FFE70898007DD5
:100AB00001282CD1FFE701200490FFE70898006887
:100AC000006800F040010020B0EB911F1AD1FFE751
:100AD00005984DF60041C0F20C0188420ED3FFE7A5
:100AE0000899486D40F0100048650899886D40F0FD
:100AF0000100886501208DF8270076E00598013017
:100B00000590DBE70898016840200860FFE704983B
:100B1000022813D0FFE7089800680BF099FC60B139
:100B2000FFE7089800680BF073FC28B9FFE7089806
:100B300000680BF0E9FCFFE7FFE7FFE704980128F6
:100B400013D0FFE7089800680BF036FC60B1FFE7B0
:100B5000089800680BF05CFC28B9FFE7089800686B
:100B60000BF03EFCFFE7FFE7FFE704980090022848
:100B700007D0FFE70098032806D1FFE70C20039079
:100B800005E00820039002E004200390FFE705F051
:100B90001FFF0690FFE708980068806803990842E5
:100BA0001ED0FFE705F014FF0699401A062816D359
:100BB000FFE7089800688068039908420ED0FFE7B5
:100BC0000899486D40F0100048650899886D40F01C
:100BD0000100886501208DF8270006E0FFE7DAE7CD
:100BE000FFE700208DF82700FFE79DF827000AB0F7
:100BF00080BD00000000000080B582B00190019827
:100C0000806B00900098406D10F0500F4AD1FFE7C4
:100C10000099486D40F400704865009800680068CD
:100C20000007002821D5FFE7009800680BF020FCA2
:100C3000D0B1FFE700980068C0688004002812D493
:100C4000FFE70099486D20F4807048650098406D7A
:100C5000C004002806D4FFE70099486D40F0010069
:100C60004865FFE7FFE7FFE718E000980068C06805
:100C7000800790B9FFE70099486D20F480704865BF
:100C80000098406DC004002806D4FFE70099486D25
:100C900040F001004865FFE7FFE7FFE7009801F03B
:100CA00073FC10E00098406DC006002804D5FFE7F3
:100CB000009801F089FC05E00098C06CC16C0198B7
:100CC0008847FFE7FFE702B080BD0000000000009A
:100CD00080B582B001900198806B00900099486DBA
:100CE00040F0400048650099886D40F00400886538
:100CF000009801F069FC02B080BD00000000000017
:100D000080B582B001900198806B0090009801F04E
:100D100057FC02B080BD000080B584B002900298FC
:100D200000680BF075FB0090029800680BF078FBF0
:100D300000284BD0FFE70098002847D1FFE7029832
:100D40000068806800F00D00012809D1FFE70298D3
:100D500000680BF0DDFA02980168032008600DE0DE
:100D60000299486D40F0100048650299886D40F086
:100D70000100886501208DF80F002BE005F028FEAA
:100D80000190FFE7029800688068C007E8B1FFE7BC
:100D900005F01EFE0199401A032815D3FFE70298BB
:100DA00000688068C00770B1FFE70299486D40F0A5
:100DB000100048650299886D40F0010088650120A7
:100DC0008DF80F0006E0FFE7DCE7FFE700208DF875
:100DD0000F00FFE79DF80F0004B080BD0000000089
:100DE00080B586B00490049800680BF019FB0028C9
:100DF00040F09280FFE70498006880683F21C8F2C5
:100E0000000108420ED0FFE70499486D40F0100041
:100E100048650499886D40F00100886501208DF8CF
:100E200017007DE0049800680BF08EFA05F0D0FD05
:100E3000039004980168012042F20002C4F2020209
:100E4000914201900CD0FFE7049800684DF60071C4
:100E5000CBF6FD710844B0FA80F040090190FFE73D
:100E60000198C10746F20030C5F6020000291CBFF8
:100E700042F20030C4F202000BF096FA029004989D
:100E8000006842F20011C4F20201884206D1FFE775
:100E900042F20000C4F20200009003E004980068EF
:100EA0000090FFE7009804990968884203D0FFE7A3
:100EB000029880BBFFE7FFE7049800680068C0075E
:100EC00040BBFFE7049800680BF0AAFA28B9FFE7D7
:100ED000049800680BF038FAFFE705F079FD0399F4
:100EE000401A032815D3FFE7049800680068C0077C
:100EF00070B9FFE70499486D40F010004865049907
:100F0000886D40F00100886501208DF8170007E02A
:100F1000FFE7D1E7FFE7FFE700208DF81700FFE7C5
:100F20009DF8170006B080BD80B544F28800C2F27B
:100F3000014001F04DFB80BDFFE7FEE7000000002F
:100F400080B544F25820C2F2014003F0D1F980BDCF
:100F500080B544F2E010C2F2014003F0C9F980BD4F
:100F600080B544F2F000C2F2014003F0C1F980BD47
:100F700080B544F26810C2F2014003F0B9F980BDB7
:100F800083B002900298016801201022C4F202028C
:100F90009142009000F0A380FFE7029801680120D1
:100FA0002822C4F202029142009000F09880FFE7EC
:100FB0000298016801204022C4F20202914200908E
:100FC00000F08D80FFE70298016801205822C4F2EA
:100FD00002029142009000F08280FFE702980168CF
:100FE00001207022C4F202029142009077D0FFE704
:100FF0000298016801208822C4F202029142009006
:101000006DD0FFE7029801680120A022C4F202021D
:101010009142009063D0FFE7029801680120B82256
:10102000C4F202029142009059D0FFE70298016891
:10103000012040F21042C4F20202914200904ED0D0
:10104000FFE702980168012040F22842C4F2020240
:101050009142009043D0FFE702980168012040F2DE
:101060004042C4F202029142009038D0FFE7029859
:101070000168012040F25842C4F2020291420090FD
:101080002DD0FFE702980168012040F27042C4F2BF
:1010900002029142009022D0FFE7029801680120ED
:1010A00040F28842C4F202029142009017D0FFE75A
:1010B00002980168012040F2A042C4F2020291426B
:1010C00000900CD0FFE7029800684FF64831CBF64D
:1010D000FD710844B0FA80F040090090FFE70098E5
:1010E000C00740B3FFE70298007810384AF6AB21FA
:1010F000CAF6AA21A0FB011000090190019800F096
:10110000070142F29070C0F60100405C0299C86588
:101110000198042807D3FFE702990868042262F3C4
:101120000900886506E00299086840F2FF329043A2
:101130008865FFE705E00299086820F0FF008865F0
:10114000FFE70298806D03B07047000000000000C8
:1011500084B003900398006801900398016801200F
:1011600045F20842C5F60202914200904ED0FFE7D8
:1011700003980168012045F21C42C5F60202914223
:10118000009043D0FFE703980168012045F2304208
:10119000C5F602029142009038D0FFE7039801683B
:1011A000012045F24442C5F60202914200902DD042
:1011B000FFE703980168012045F25842C5F6020294
:1011C0009142009022D0FFE703980168012045F288
:1011D0006C42C5F602029142009017D0FFE70398D7
:1011E0000168012045F28042C5F60202914200905A
:1011F0000CD0FFE7039800684AF66C31CAF2FD7123
:101200000844B0FA80F040090090FFE70098C0075A
:1012100010B3FFE70398007808384CF6CD41CCF6C0
:10122000CC41A0FB011000090290029945F6000094
:10123000C5F6020000EB810003990866039945F6A4
:101240008000C5F602004866029800F01F010120E8
:1012500088400399886635E00398007810384AF68C
:10126000AB21CAF6AA21A0FB011000090290019847
:1012700040F2B841C4F2020188420CD8FFE701985D
:1012800040F21041C4F20201884204D3FFE7029801
:1012900008300290FFE7029940F60000C4F2020015
:1012A00000EB810003990866039940F68000C4F2C0
:1012B00002004866029800F01F010120884003994F
:1012C0008866FFE704B0704783B002900298007907
:1012D00001900198002800F08A80FFE70198082813
:1012E00000F28580FFE702980168012045F208427C
:1012F000C5F60202914200904ED0FFE702980168C5
:10130000012045F21C42C5F602029142009043D0F2
:10131000FFE702980168012045F23042C5F602025B
:101320009142009038D0FFE702980168012045F211
:101330004442C5F60202914200902DD0FFE7029888
:101340000168012045F25842C5F602029142009020
:1013500022D0FFE702980168012045F26C42C5F6F1
:1013600002029142009017D0FFE702980168012025
:1013700045F28042C5F60202914200900CD0FFE790
:10138000029800684AF66C31CAF2FD710844B0FA5E
:1013900080F040090090FFE70098C00780B1FFE7A8
:1013A000019945F6FC00C5F6020000EB81000299A8
:1013B000C866029945F64010C5F6020008670FE0BE
:1013C000019940F6FC00C4F2020000EB8100029992
:1013D000C866029940F64010C4F202000867FFE7B1
:1013E0000198411E0120884002994867FFE703B039
:1013F000704700000000000085B0049000208DF8C8
:101400000F000498806918BBFFE70498806A029077
:1014100003281BD80299DFE801F0020D0218049896
:1014200090F82F00C00720B1FFE701208DF80F00D2
:10143000FFE70CE00498C06AB0F1C07F04D1FFE779
:1014400001208DF80F00FFE701E000E0FFE747E033
:1014500004988069B0F5005F26D1FFE70498806AA0
:10146000019003281ED80199DFE801F0020602115D
:1014700001208DF80F0016E0049890F82F00C007A7
:1014800020B1FFE701208DF80F00FFE70BE0049883
:10149000C06AB0F1C07F04D1FFE701208DF80F00D2
:1014A000FFE700E0FFE71AE00498806A0090032855
:1014B00004D3FFE70098032804D00EE001208DF844
:1014C0000F000BE0049890F82F00C00720B1FFE751
:1014D00001208DF80F00FFE700E0FFE7FFE7FFE7DF
:1014E0009DF80F0005B0704789B0089007910692EB
:1014F00005930898806D04900898806D0390089873
:10150000016801201022C4F202029142029000F010
:101510000381FFE70898016801202822C4F2020233
:101520009142029000F0F880FFE7089801680120DE
:101530004022C4F202029142029000F0ED80FFE7E7
:101540000898016801205822C4F2020291420290D8
:1015500000F0E280FFE70898016801207022C4F2E1
:1015600002029142029000F0D780FFE708980168DC
:1015700001208822C4F202029142029000F0CC8045
:10158000FFE7089801680120A022C4F202029142FC
:10159000029000F0C180FFE7089801680120B8229E
:1015A000C4F202029142029000F0B680FFE7089870
:1015B0000168012040F21042C4F2020291420290FE
:1015C00000F0AA80FFE708980168012040F2284255
:1015D000C4F202029142029000F09E80FFE7089858
:1015E0000168012040F24042C4F20202914202909E
:1015F00000F09280FFE708980168012040F258420D
:10160000C4F202029142029000F08680FFE708983F
:101610000168012040F27042C4F20202914202903D
:101620007AD0FFE708980168012040F28842C4F2AE
:101630000202914202906FD0FFE7089801680120F2
:1016400040F2A042C4F202029142029064D0FFE74D
:1016500008980168012040F2B842C4F202029142A7
:10166000029059D0FFE708980168012045F208422E
:10167000C5F60202914202904ED0FFE70898016839
:10168000012045F21C42C5F602029142029043D06D
:10169000FFE708980168012045F23042C5F60202D2
:1016A0009142029038D0FFE708980168012045F286
:1016B0004442C5F60202914202902DD0FFE70898FD
:1016C0000168012045F25842C5F60202914202909B
:1016D00022D0FFE708980168012045F26C42C5F668
:1016E00002029142029017D0FFE70898016801209A
:1016F00045F28042C5F60202914202900CD0FFE70B
:10170000089800684AF66C31CAF2FD710844B0FAD4
:1017100080F040090290FFE70298C00770B1FFE730
:101720000898416E806E48600898C06E28B1FFE747
:101730000898016F406F4860FFE7FFE7089801686D
:1017400001201022C4F202029142019000F0A38015
:10175000FFE70898016801202822C4F202029142A2
:10176000019000F09880FFE708980168012040226E
:10177000C4F202029142019000F08D80FFE70898C8
:10178000016801205822C4F202029142019000F047
:101790008280FFE70898016801207022C4F20202EB
:1017A0009142019077D0FFE70898016801208822D4
:1017B000C4F20202914201906DD0FFE708980168DF
:1017C0000120A022C4F202029142019063D0FFE7FF
:1017D000089801680120B822C4F2020291420190E7
:1017E00059D0FFE708980168012040F21042C4F286
:1017F0000202914201904ED0FFE708980168012053
:1018000040F22842C4F202029142019043D0FFE725
:1018100008980168012040F24042C4F2020291425D
:10182000019038D0FFE708980168012040F2584243
:10183000C4F20202914201902DD0FFE7089801689E
:10184000012040F27042C4F202029142019022D083
:10185000FFE708980168012040F28842C4F20202C2
:101860009142019017D0FFE708980168012040F2EB
:10187000A042C4F20202914201900CD0FFE7089806
:1018800000684FF64831CBF6FD710844B0FA80F09D
:1018900040090190FFE70198C00750B3FFE708989F
:1018A000C06D00F01F013F208840049988600898AF
:1018B0000168086820F48020086005980899096884
:1018C000486008988068402809D1FFE70698089981
:1018D00009688860079808990968C86008E007984F
:1018E000089909688860069808990968C860FFE740
:1018F00082E008980168012045F20842C5F602021C
:10190000914200904ED0FFE708980168012045F20F
:101910001C42C5F602029142009043D0FFE70898AE
:101920000168012045F23042C5F602029142009062
:1019300038D0FFE708980168012045F24442C5F617
:101940000202914200902DD0FFE708980168012023
:1019500045F25842C5F602029142009022D0FFE7BC
:1019600008980168012045F26C42C5F602029142D6
:10197000009017D0FFE708980168012045F28042E7
:10198000C5F60202914200900CD0FFE7089800686B
:101990004AF66C31CAF2FD710844B0FA80F0400991
:1019A0000090FFE70098C00720B3FFE70898C06DDC
:1019B00000F01F01012088400399486005980899AC
:1019C0000968486008988068402809D1FFE70698B0
:1019D000089909688860079808990968C86008E04C
:1019E0000798089909688860069808990968C86086
:1019F000FFE700E0FFE7FFE709B0704700000000E5
:101A0000704700000000000080B54FF4807004F0C3
:101A1000BFFD80BD0000000081B0EFF3108072B602
:101A20000090FFE7FEE7000044F60C01C5F6020156
:101A3000086840F002000860FFE744F60400C5F6BD
:101A4000020000688004002801D4FFE7F5E7704732
:101A500081B0009001B0704781B0009001B0704734
:101A600081B0009001B0704781B0009001B0704724
:101A700081B0009001B0704780B5A6B0249023914A
:101A800000208DF88B002398006808B1FFE7FFE77E
:101A9000FFE7249890F85000012804D1FFE70220C6
:101AA0008DF897002DE12499012081F85000FFE77F
:101AB000FFE700201D901E902498006842F200016C
:101AC000C4F20201884206D1FFE742F20010C4F2DC
:101AD0000200089002E000200890FFE7089878B91B
:101AE000FFE72499486D40F020004865FFE72499FE
:101AF000002081F85000FFE701208DF8970000E1F9
:101B000008980AF0ADFC0790249800680AF0A8FC39
:101B1000002840F0E280FFE70798002840F0DD80D1
:101B2000FFE724980168012042F20002C4F2020299
:101B3000914206900CD0FFE7249800684DF60071A2
:101B4000CBF6FD710844B0FA80F040090690FFE73B
:101B50000698C10746F20030C5F6020000291CBFF6
:101B600042F20030C4F2020021902398006800285D
:101B70005ED0FFE72198806820F4404023994968AF
:101B800008432199886024980168012042F20002EC
:101B9000C4F20202914205900CD0FFE7249800683D
:101BA0004DF60071CBF6FD710844B0FA80F04009A3
:101BB0000590FFE70598C10746F20030C5F6020020
:101BC00000291CBF42F20030C4F2020042F2003190
:101BD000C4F20201884212D1FFE742F20000C4F2CF
:101BE00002000AF025FC039042F20010C4F2020049
:101BF0000AF01EFC014603980843049007E046F2F1
:101C00000000C5F602000AF013FC0490FFE70498F8
:101C100068B9FFE72198806840F61F718843239ACE
:101C2000116892681143084321998860FFE753E0E7
:101C30002199886820F44040886024980168012038
:101C400042F20002C4F20202914202900CD0FFE77D
:101C5000249800684DF60071CBF6FD710844B0FA87
:101C600080F040090290FFE70298C10746F2003079
:101C7000C5F6020000291CBF42F20030C4F2020087
:101C800042F20031C4F20201884212D1FFE742F26F
:101C90000000C4F202000AF0CBFB009042F20010F8
:101CA000C4F202000AF0C4FB014600980843019008
:101CB00007E046F20000C5F602000AF0B9FB019009
:101CC000FFE7019838B9FFE72199886840F61F724D
:101CD00090438860FFE7FFE708E02499486D40F0F3
:101CE0002000486501208DF88B00FFE7FFE724996D
:101CF000002081F85000FFE79DF88B008DF89700D9
:101D0000FFE79DF8970026B080BD000000000000AE
:101D100080B5AAB02690259100208DF893002190DF
:101D2000269890F83800012801D1FFE700E0FFE78E
:101D30002598C0680021C4F2FF71884201D0FFE7F6
:101D40001EE02698006842F20001C4F202018842B7
:101D500001D1FFE7FFE72698006842F20011C4F2C4
:101D60000201884201D1FFE7FFE72698006846F2AA
:101D70000001C5F60201884201D1FFE7FFE7FFE756
:101D8000FFE7269890F85000012804D1FFE70220D1
:101D90008DF89F00F1E32699012081F85000FFE7BC
:101DA000FFE7269800680AF053FB002840F0D18333
:101DB000FFE72598C078000600282DD4FFE7259876
:101DC0000068000330B9FFE725980068C0F384601D
:101DD0001E9015E02598006890FAA0F028902898A9
:101DE00020B9FFE720208DF8A70005E02898B0FA79
:101DF00080F08DF8A700FFE79DF8A7001E90FFE791
:101E00001E9800F01F01012000FA01F226980168D7
:101E1000C8691043C861FFE72698006825990A68D9
:101E200049680AF041FB269800680AF011FB2090EF
:101E3000269800680AF0C0FA1F902098002840F009
:101E4000B580FFE71F98002840F0B080FFE7269894
:101E50000068259A116892680AF096FB41F200002A
:101E6000C5F60040006800F07040B0F1805F0BD113
:101E7000FFE72598406926990968C96801F01C01A7
:101E8000490888401D901FE026980068C068C00679
:101E900000280BD4FFE72598406926990968C9688E
:101EA00001F01C01490888401C900AE0259840690F
:101EB00026990968C96801F01001490888401C90FA
:101EC000FFE71C981D90FFE71D9823902598006957
:101ED000042821D0FFE72698006825990A68096937
:101EE000239B0AF0BDFB26980068259A1169527E53
:101EF000013AB2FA82F25209D2070AF0CDFB2698D3
:101F00000068259A1169127E013AB2FA82F25209EA
:101F1000D2020AF091FB48E026980068006E00F0BB
:101F2000F84025990968B0EB816F07D1FFE7269843
:101F30000168086E20F000400866FFE726980068F8
:101F4000406E00F0F84025990968B0EB816F07D129
:101F5000FFE726980168486E20F000404866FFE7DA
:101F600026980068806E00F0F84025990968B0EB6B
:101F7000816F07D1FFE726980168886E20F0004046
:101F80008866FFE726980068C06E00F0F840259943
:101F90000968B0EB816F07D1FFE726980168C86E2A
:101FA00020F00040C866FFE7FFE7FFE726980068DB
:101FB0000AF036FA002840F0CB82FFE72698006846
:101FC000259A1168D2680AF0FBFA2598C0680021AA
:101FD000C4F2FF71884240F05781FFE726980068FD
:101FE0001B9042F20001C4F20201884240F0A4803A
:101FF000FFE7259800680221C0F23041884203D1F2
:10200000FFE701201A9094E0259800680421C0F6AB
:102010006001884205D1FFE74020C1F620101990E9
:1020200084E0259800680821C0F69041884205D1D7
:10203000FFE78020C1F65050189074E025980068A2
:102040001021C1F2C001884206D1FFE740F2001022
:10205000C2F28010179063E0259800682021C1F239
:10206000F041884206D1FFE740F20020C2F2B050B2
:10207000169052E02598006840F20041C2F6002117
:10208000884206D1FFE740F60000C2F630601590A6
:1020900040E02598006840F60001C2F630618842B1
:1020A00006D1FFE741F20000C3F2602014902EE059
:1020B0002598006841F20001C3F26021884206D1F0
:1020C000FFE742F20000C3F2906013901CE02598F5
:1020D00000680021C4F22131884205D1FFE70020C9
:1020E000C4F2527012900CE0259801680022C4F6E8
:1020F00084320020914204BF0020C4F6B8701290D0
:10210000FFE712981390FFE713981490FFE71498D5
:102110001590FFE715981690FFE716981790FFE7C0
:1021200017981890FFE718981990FFE719981A90D8
:10213000FFE71A981190A2E02698006842F2001179
:10214000C4F20201884240F09480FFE725980068BD
:102150000221C0F23041884203D1FFE701201090F4
:1021600084E0259800680421C0F66001884205D10A
:10217000FFE74020C1F620100F9074E0259800681A
:102180000821C0F69041884205D1FFE78020C1F6C2
:1021900050500E9064E0259800681021C1F2C001F3
:1021A000884206D1FFE740F20010C2F280100D9085
:1021B00053E0259800682021C1F2F041884206D101
:1021C000FFE740F20020C2F2B0500C9042E02598A8
:1021D000006840F20041C2F60021884206D1FFE7C4
:1021E00040F60000C2F630600B9030E025980068A1
:1021F00040F60001C2F63061884206D1FFE741F2A5
:102200000000C3F260200A901EE02598006841F2A9
:102210000001C3F26021884206D1FFE742F20000CC
:10222000C3F2906009900CE0259801680022C4F682
:1022300084320020914204BF0020C4F6B870099097
:10224000FFE709980A90FFE70A980B90FFE70B98C1
:102250000C90FFE70C980D90FFE70D980E90FFE7AC
:102260000E980F90FFE70F981090FFE710980890D6
:1022700002E000200890FFE708981190FFE71B9804
:1022800011990AF051F9FFE72598C0780006002857
:1022900040F15D81FFE726980168012042F20002CB
:1022A000C4F20202914207900CD0FFE72698006822
:1022B0004DF60071CBF6FD710844B0FA80F040098C
:1022C0000790FFE70798C10746F20030C5F6020005
:1022D00000291CBF42F20030C4F202000AF054F898
:1022E0002290269801684FF0010042F20002C4F2E9
:1022F0000202914206900CD0FFE7269800684DF646
:102300000071CBF6FD710844B0FA80F040090690E8
:10231000FFE70698C10746F20030C5F60200002923
:102320001CBF42F20030C4F2020042F20031C4F29B
:102330000201884212D1FFE742F20000C4F202001B
:102340000AF06EF8049042F20010C4F202000AF0A3
:1023500067F8014604980843059007E046F200003C
:10236000C5F602000AF05CF80590FFE70598002822
:1023700040F0E380FFE7259800680021CCF6843127
:10238000884255D1FFE79DF88A00000600284FD407
:10239000FFE72698006846F20001C5F60201884270
:1023A00045D1FFE726980168012042F20002C4F2FD
:1023B0000202914203900CD0FFE7269800684DF688
:1023C0000071CBF6FD710844B0FA80F0400903902B
:1023D000FFE70398C10746F20030C5F60200002966
:1023E0001CBF42F20030C4F20200229941F4000105
:1023F0000AF012F940F20C00C2F2004000684FEA05
:10240000901042F66351C0F23E51A0FB01104FEA1A
:1024100090114FF0020000EB41002190FFE721985E
:1024200020B1FFE7219801382190F8E7FFE783E02A
:10243000259800680021CCF25271884238D1FFE71C
:102440009DF88B00C00798BBFFE72698006846F20E
:102450000001C5F60201884229D1FFE726980168EC
:10246000012042F20002C4F20202914202900CD01A
:10247000FFE7269800684DF60071CBF6FD71084421
:10248000B0FA80F040090290FFE70298C10746F2D7
:102490000030C5F6020000291CBF42F20030C4F231
:1024A0000200229941F080710AF0B6F8FFE742E09D
:1024B000259800680021CCF6B871884239D1FFE731
:1024C0009DF88A004006002833D4FFE7269800686C
:1024D00046F20001C5F60201884229D1FFE726989D
:1024E0000168012042F20002C4F20202914201900E
:1024F0000CD0FFE7269800684DF60071CBF6FD7111
:102500000844B0FA80F040090190FFE70198C10744
:1025100046F20030C5F6020000291CBF42F200302E
:10252000C4F20200229941F480010AF075F8FFE735
:1025300000E0FFE7FFE7FFE708E02699486D40F07D
:102540002000486501208DF89300FFE7FFE7FFE7D3
:1025500008E02699486D40F02000486501208DF87C
:102560009300FFE7FFE72699002081F85000FFE77E
:102570009DF893008DF89F00FFE79DF89F002AB01B
:1025800080BD00000000000080B582B0019001987D
:10259000006842F20001C4F2020188420DD1FFE757
:1025A00044F28800C2F2014000F01EFE46F23801FB
:1025B000C2F2004101200870FFE702B080BD0000B8
:1025C00081B0009001B0704781B0009001B07047B9
:1025D00080B590B00F9000200E900F9800680068B2
:1025E0000D900F98006840680C900F9801680120CA
:1025F00042F20002C4F20202914206900CD0FFE7C0
:102600000F9800684DF60071CBF6FD710844B0FAE2
:1026100080F040090690FFE70698C10746F20030B7
:10262000C5F6020000291CBF42F20030C4F20200CD
:1026300009F0BAFE07909DF834004FEA8070002838
:102640001AD5FFE79DF830008007002814D5FFE772
:102650000F98406DC006002806D4FFE70F99486D1B
:1026600040F400604865FFE70F98FFF7F1F90F9815
:10267000016802200860FFE79DF834004007002849
:1026800006D5FFE70C9800F0040004280ED0FFE701
:102690009DF834000007002840F19F80FFE79DF877
:1026A00030000007002840F19880FFE70F98406D48
:1026B000C006002806D4FFE70F99486D40F400706B
:1026C0004865FFE70F98006809F0D2FE00287CD02B
:1026D000FFE70F98006842F20011C4F2020188423D
:1026E00006D1FFE742F20000C4F20200059003E0C9
:1026F0000F9800680590FFE705980F9909688842D0
:102700000BD0FFE7079840B1FFE70798052804D0F2
:10271000FFE70798092805D1FFE70F980068C06810
:10272000099018E00F98006842F20011C4F202010B
:10273000884206D1FFE742F20000C4F20200049092
:1027400003E00F9800680490FFE704980890089849
:10275000C0680990FFE7099800F40050B0F5005FE9
:1027600032D0FFE70F9800680068000700282AD5DC
:10277000FFE70F98006809F06BFEC0B9FFE70F98FC
:102780000168486820F00C0048600F99486D20F4FB
:10279000807048650F98406DC004002806D4FFE79C
:1027A0000F99486D40F001004865FFE70AE00F9976
:1027B000486D40F0100048650F99886D40F00100A9
:1027C0008865FFE7FFE7FFE7FFE70F98FFF7DCFE0D
:1027D0000F9801680C200860FFE79DF83400800620
:1027E000002806D5FFE70C9800F0200020280ED026
:1027F000FFE79DF834004006002840F1B680FFE76F
:102800009DF830004006002840F1AF80FFE70F98A8
:10281000406DC006002806D4FFE70F99486D40F4CC
:1028200000504865FFE70F98006809F0CDFD0B9058
:102830000F98006809F01CFE0A900F98006842F299
:102840000011C4F20201884206D1FFE742F2000003
:10285000C4F20200039003E00F9800680390FFE7C2
:1028600003980F99096888420BD0FFE7079840B199
:10287000FFE70798062804D0FFE70798072805D147
:10288000FFE70F980068C068099018E00F9800688B
:1028900042F20011C4F20201884206D1FFE742F27F
:1028A0000000C4F20200029003E00F98006802905A
:1028B000FFE7029808900898C0680990FFE70B9816
:1028C00000284AD0FFE79DF82700800700280AD596
:1028D000FFE70A9800283FD0FFE79DF82500800613
:1028E000002839D4FFE70F980068006840060028E8
:1028F00031D5FFE79DF82600800600282AD4FFE79F
:102900000F98006809F058FDC0B9FFE70F980168FB
:10291000486820F0600048600F99486D20F48050AE
:1029200048650F98406DC005002806D4FFE70F9951
:10293000486D40F001004865FFE70AE00F99486DD7
:1029400040F0100048650F99886D40F001008865DF
:10295000FFE7FFE7FFE7FFE7FFE70F98FFF77CF8E8
:102960000F98016860200860FFE79DF834000006BA
:10297000002813D5FFE79DF83000000600280DD58C
:10298000FFE70F99486D40F4803048650F9800F0DC
:102990009FFA0F98016880200860FFE79DF83500D6
:1029A000C00798B1FFE79DF83100C00770B1FFE79D
:1029B0000F99486D40F4003048650F98FFF754F8C0
:1029C0000F9801684FF480700860FFE79DF83500AC
:1029D0008007002814D5FFE79DF831008007002804
:1029E0000ED5FFE70F99486D40F4802048650F9899
:1029F000FFF73EF80F9801684FF400700860FFE79A
:102A00009DF83400C00600285DD5FFE79DF8300032
:102A1000C006002857D5FFE70F98006B18B9FFE7ED
:102A200001200E9038E0079858B3FFE70F9801682F
:102A3000012042F20002C4F20202914201900CD045
:102A4000FFE70F9800684DF60071CBF6FD71084462
:102A5000B0FA80F040090190FFE70198C10746F203
:102A60000030C5F6020000291CBF42F20030C4F25B
:102A7000020009F091FC18B1FFE701200E90FFE77A
:102A800009E00F980068C068800718B1FFE70120CF
:102A90000E90FFE7FFE7FFE70E9801280ED1FFE752
:102AA0000F99486D40F4806048650F99886D40F03B
:102AB000020088650F98FFF787FDFFE70F98016810
:102AC00010200860FFE79DF835004007002819D561
:102AD000FFE79DF831004007002813D5FFE70F9965
:102AE000486D40F4804048650F99886D40F00800BB
:102AF00088650F9801684FF4806008600F98FEF7B2
:102B0000AFFFFFE710B080BD10B58CB00A90002079
:102B10008DF8270006900A9820B9FFE701208DF86C
:102B20002F00D1E10A98C06838B1FFE70A98007F0A
:102B3000012801D1FFE7FFE7FFE70A98406D50B990
:102B4000FFE70A9800F0C8F90A99002088650A99F9
:102B500081F85000FFE70A98006809F051FC28B19D
:102B6000FFE70A98006809F0E3FBFFE70A980068AE
:102B700009F066FCE8B9FFE70A98006809F0F4FB81
:102B800040F20C00C2F200400068800942F6635136
:102B9000C0F23E51A0FB0101012000EB9110069014
:102BA000FFE7069820B1FFE7069801380690F8E79E
:102BB000FFE70A98006809F043FC70B9FFE70A993B
:102BC000486D40F0100048650A99886D40F001009A
:102BD000886501208DF82700FFE70A98006809F052
:102BE00037FC07900A98406DC006002800F15E810E
:102BF000FFE70798002840F05981FFE70A98406DE9
:102C000040F0020020F480700A9948650A98006834
:102C100009F006FC002870D1FFE70A98016801203E
:102C200042F20002C4F20202914203900CD0FFE78C
:102C30000A9800684DF60071CBF6FD710844B0FAB1
:102C400080F040090390FFE70398C10746F2003087
:102C5000C5F6020000291CBF42F20030C4F2020097
:102C600042F20031C4F20201884212D1FFE742F27F
:102C70000000C4F2020009F0D3FB019042F2001000
:102C8000C4F2020009F0CCFB01460198084302900F
:102C900007E046F20000C5F6020009F0C1FB029011
:102CA000FFE7029840BBFFE70A980168012042F263
:102CB0000002C4F20202914200900CD0FFE70A9891
:102CC00000684DF60071CBF6FD710844B0FA80F053
:102CD00040090090FFE70098C10746F20030C5F6B2
:102CE000020000291CBF42F20030C4F202000A991F
:102CF000496809F081FCFFE7FFE703F061FE41F25C
:102D00000401884213D3FFE70A98806810280ED187
:102D1000FFE70A994A7D086B40EA42308A6810430F
:102D2000097F40EA014040F00C0008900BE00A994E
:102D30004A7D086B40EA42308A681043097F40EAC6
:102D400001400890FFE70A98007F01280BD1FFE7B8
:102D50000A98016A0020CFF6FE7000EB4141089806
:102D600008430890FFE70A98406A50B1FFE70A99C4
:102D7000486A896A00F4787001430898084308900B
:102D8000FFE70A980068C0684CF20301CFF6F071C3
:102D90000840089908430A990968C8600A980068B9
:102DA00009F056FB05900A98006809F005FB0490AD
:102DB0000598002859D1FFE70498002855D1FFE76E
:102DC0000A98017DC06A40EA813008900A9800683C
:102DD000C06844F203018843089908430A990968C6
:102DE000C8600A9890F83800012829D1FFE70A98AE
:102DF000406A20B1FFE70A98806A08B9FFE7FFE759
:102E00000A98006800694FF61E01CFF6004100EAFB
:102E100001020A9B1968DC6BD3F840E0D3F844C088
:102E20000020CFF6FF7000EB044040EA0E0040EABD
:102E30000C009B6C1843104340F00100086106E051
:102E40000A980168086920F001000861FFE70A9804
:102E50000068006920F070400A9A1168526B1043B4
:102E600008610A98FDF7F0FCFFE70A98C06801289E
:102E70000CD1FFE70A980068006B20F00F000A9A57
:102E800011689269013A1043086306E00A980168E4
:102E9000086B20F00F000863FFE70A98406D40F0D0
:102EA000010020F002000A99486508E00A99486D7F
:102EB00040F01000486501208DF82700FFE79DF8DD
:102EC00027008DF82F00FFE79DF82F000CB010BDF4
:102ED00081B0009001B0704780B5BCB03B9000203D
:102EE0003A90399038903790369006A8C021FDF777
:102EF0002BFA3B98006842F20001C4F202018842BA
:102F00007DD1FFE7002007904FF4002106910421B6
:102F100008910A2209920A9102210B910C91C02179
:102F20000D9120210E910F902F9006A805F0B0FA78
:102F300018B1FFE7FEF770FDFFE7FFE744F2D84066
:102F4000C5F60200016841F020010160006800F050
:102F5000200005900598FFE7FFE744F2E040C5F642
:102F60000200016841F001010160006800F0010009
:102F700004900498FFE7402036900320379000200B
:102F8000029038900020C5F6020036A903F01CFB21
:102F9000029944F2F000C2F2014003904022C4F2D0
:102FA00002020260092242608160C1604FF48062C7
:102FB00002614FF4006242614FF4005282614FF4AB
:102FC0008072C2610162416202F072FA18B1FFE7D9
:102FD000FEF722FDFFE7FFE73B9844F2F001C2F263
:102FE0000141C1643B988863FFE7122001900022F1
:102FF000114603F095FF019803F086FFFFE73CB010
:1030000080BD00000000000080B588B006900591EA
:10301000049206980168012042F20002C4F2020202
:10302000914201900CD0FFE7069800684DF60071C0
:10303000CBF6FD710844B0FA80F040090190FFE73B
:103040000198C10746F20030C5F6020000291CBFF6
:1030500042F20030C4F2020009F0A6F9029006988C
:10306000006809F0F5F9002840F0AF80FFE7FFE7BE
:10307000069890F85000012804D1FFE702208DF84F
:103080001F00ABE00699012081F85000FFE7FFE741
:10309000029848B1FFE70298052805D0FFE702989B
:1030A000092840F08780FFE70698FDF799FE8DF824
:1030B0000F009DF80F00002874D1FFE70698406DBF
:1030C00040F4807040F6016188430699486506988F
:1030D000006842F20011C4F20201884206D1FFE703
:1030E00042F20000C4F20200009003E0069800687B
:1030F0000090FFE7009806990968884203D0FFE72F
:10310000029830B9FFE70699486D20F480104865B1
:10311000FFE70698406DC004002806D5FFE7069932
:10312000886D20F00600886503E006990020886518
:10313000FFE70698C16C40F6F930C0F60000C8639E
:103140000698C16C40F60150C0F60000086406986D
:10315000C16C40F6D140C0F60000C8640698016812
:103160001C200860FFE70699002081F85000FFE767
:1031700006980168486840F01000486006990868A1
:10318000C96A09F081F906980168C06C4031059A56
:10319000049B02F041FE8DF80F000698006809F0CC
:1031A000A3F906E0FFE70699002081F85000FFE749
:1031B000FFE709E001208DF80F00FFE706990020E6
:1031C00081F85000FFE7FFE703E002208DF80F00D1
:1031D000FFE79DF80F008DF81F00FFE79DF81F0027
:1031E00008B080BD0000000080B584B00290FFE709
:1031F000029890F85000012804D1FFE702208DF8D2
:103200000F005DE00299012081F85000FFE7FFE721
:1032100002980321FDF724FC8DF807009DF80700B4
:10322000002842D1FFE702980068C06820F0030040
:1032300002990968C8600298C06C90F835000228AD
:1032400011D1FFE70298C06C00F03EF88DF807003E
:103250009DF8070030B1FFE70299486D40F040004B
:103260004865FFE7FFE702980168486820F0100012
:1032700048609DF8070030B9FFE70298FDF74CFD64
:103280008DF8070003E00298FDF746FDFFE79DF883
:10329000070048B9FFE70298406D40F0010020F4B4
:1032A000885002994865FFE7FFE7FFE70299002091
:1032B00081F85000FFE79DF807008DF80F00FFE749
:1032C0009DF80F0004B080BD80B58AB0089003F06F
:1032D0007FFB0490089828B9FFE701208DF82700AC
:1032E00000F0AABC089890F8350002280ED0FFE73D
:1032F000089980204865FFE70899002081F834008C
:10330000FFE701208DF8270000F096BC08980168BF
:1033100001201022C4F202029142039000F0A38027
:10332000FFE70898016801202822C4F202029142B6
:10333000039000F09880FFE7089801680120402280
:10334000C4F202029142039000F08D80FFE70898DA
:10335000016801205822C4F202029142039000F059
:103360008280FFE70898016801207022C4F20202FF
:103370009142039077D0FFE70898016801208822E6
:10338000C4F20202914203906DD0FFE708980168F1
:103390000120A022C4F202029142039063D0FFE711
:1033A000089801680120B822C4F2020291420390F9
:1033B00059D0FFE708980168012040F21042C4F29A
:1033C0000202914203904ED0FFE708980168012065
:1033D00040F22842C4F202029142039043D0FFE738
:1033E00008980168012040F24042C4F20202914272
:1033F000039038D0FFE708980168012040F2584256
:10340000C4F20202914203902DD0FFE708980168B0
:10341000012040F27042C4F202029142039022D095
:10342000FFE708980168012040F28842C4F20202D6
:103430009142039017D0FFE708980168012040F2FD
:10344000A042C4F20202914203900CD0FFE7089818
:1034500000684FF64831CBF6FD710844B0FA80F0B1
:1034600040090390FFE70398C00780B1FFE7089881
:103470000168086820F01E00086008980168486923
:1034800020F08000486108980068059009E00898DD
:103490000168086820F00E00086008980068059030
:1034A000FFE70898016801201022C4F2020291424D
:1034B000029000F00381FFE70898016801202822AC
:1034C000C4F202029142029000F0F880FFE70898EF
:1034D000016801204022C4F202029142029000F0F1
:1034E000ED80FFE70898016801205822C4F202022B
:1034F0009142029000F0E280FFE708980168012005
:103500007022C4F202029142029000F0D780FFE7DD
:103510000898016801208822C4F2020291420290B8
:1035200000F0CC80FFE7089801680120A022C4F2D7
:1035300002029142029000F0C180FFE70898016802
:103540000120B822C4F202029142029000F0B6803B
:10355000FFE708980168012040F21042C4F202021D
:103560009142029000F0AA80FFE7089801680120CC
:1035700040F22842C4F202029142029000F09E8082
:10358000FFE708980168012040F24042C4F20202BD
:103590009142029000F09280FFE7089801680120B4
:1035A00040F25842C4F202029142029000F086803A
:1035B000FFE708980168012040F27042C4F202025D
:1035C000914202907AD0FFE708980168012040F20A
:1035D0008842C4F20202914202906FD0FFE708983D
:1035E0000168012040F2A042C4F20202914202901E
:1035F00064D0FFE708980168012040F2B842C4F2A5
:1036000002029142029059D0FFE708980168012018
:1036100045F20842C5F60202914202904ED0FFE701
:1036200008980168012045F21C42C5F60202914249
:10363000029043D0FFE708980168012045F230422C
:10364000C5F602029142029038D0FFE7089801685F
:10365000012045F24442C5F60202914202902DD06B
:10366000FFE708980168012045F25842C5F60202BA
:103670009142029022D0FFE708980168012045F2AC
:103680006C42C5F602029142029017D0FFE70898FB
:103690000168012045F28042C5F602029142029083
:1036A0000CD0FFE7089800684AF66C31CAF2FD7149
:1036B0000844B0FA80F040090290FFE70298C00782
:1036C00038B1FFE70898016E086820F48070086040
:1036D000FFE7089800681021C4F20201884200F058
:1036E0008180FFE7089800682821C4F2020188421F
:1036F00078D0FFE7089800684021C4F202018842B0
:1037000070D0FFE7089800685821C4F2020188428F
:1037100068D0FFE7089800687021C4F2020188426F
:1037200060D0FFE7089800688821C4F2020188424F
:1037300058D0FFE708980068A021C4F2020188422F
:1037400050D0FFE708980068B821C4F2020188420F
:1037500048D0FFE70898006840F21041C4F2020127
:1037600088423FD0FFE70898006840F22841C4F241
:103770000201884236D0FFE70898006840F24041D5
:10378000C4F2020188422DD0FFE70898006840F299
:103790005841C4F20201884224D0FFE7089800682B
:1037A00040F27041C4F2020188421BD0FFE7089842
:1037B000006840F28841C4F20201884212D0FFE75B
:1037C0000898006840F2A041C4F20201884209D082
:1037D000FFE70898006840F2B841C4F2020188424D
:1037E00007D1FFE708980168086820F00100086029
:1037F00006E008980168086820F001000860FFE70B
:10380000FFE705980068C007C8B1FFE703F0E0F8DC
:103810000499401A062811D3FFE70899202048652B
:103820000899032081F83500FFE70899002081F806
:103830003400FFE701208DF82700FDE1E1E708985B
:10384000016801201022C4F202029142019000F0AE
:10385000A380FFE70898016801202822C4F2020231
:103860009142019000F09880FFE7089801680120DC
:103870004022C4F202029142019000F08D80FFE7E5
:103880000898016801205822C4F202029142019076
:1038900000F08280FFE70898016801207022C4F2DE
:1038A00002029142019077D0FFE708980168012059
:1038B0008822C4F20202914201906DD0FFE708987D
:1038C00001680120A022C4F202029142019063D05B
:1038D000FFE7089801680120B822C4F20202914271
:1038E000019059D0FFE708980168012040F210428A
:1038F000C4F20202914201904ED0FFE7089801689D
:10390000012040F22842C4F202029142019043D0C9
:10391000FFE708980168012040F24042C4F2020229
:103920009142019038D0FFE708980168012040F2E9
:103930005842C4F20202914201902DD0FFE708984C
:103940000168012040F27042C4F2020291420190EB
:1039500022D0FFE708980168012040F28842C4F2B3
:1039600002029142019017D0FFE7089801680120F8
:1039700040F2A042C4F20202914201900CD0FFE753
:10398000089800684FF64831CBF6FD710844B0FA4C
:1039900080F040090190FFE70198C00760B1FFE7A0
:1039A0000898806D07900898C06D00F01F013F20B7
:1039B0008840079988600BE00898806D0690089809
:1039C000C06D00F01F010120884006994860FFE7A4
:1039D0000898016801201022C4F20202914200906E
:1039E00000F00381FFE70898016801202822C4F253
:1039F00002029142009000F0F880FFE70898016809
:103A000001204022C4F202029142009000F0ED80B9
:103A1000FFE70898016801205822C4F2020291428F
:103A2000009000F0E280FFE7089801680120702212
:103A3000C4F202029142009000F0D780FFE708989C
:103A4000016801208822C4F202029142009000F035
:103A5000CC80FFE7089801680120A022C4F202028E
:103A60009142009000F0C180FFE7089801680120B2
:103A7000B822C4F202029142009000F0B680FFE743
:103A800008980168012040F21042C4F202029142FB
:103A9000009000F0AA80FFE708980168012040F23A
:103AA0002842C4F202029142009000F09E80FFE79B
:103AB00008980168012040F24042C4F2020291429B
:103AC000009000F09280FFE708980168012040F222
:103AD0005842C4F202029142009000F08680FFE753
:103AE00008980168012040F27042C4F2020291423B
:103AF00000907AD0FFE708980168012040F28842E0
:103B0000C4F20202914200906FD0FFE7089801686A
:103B1000012040F2A042C4F202029142009064D01F
:103B2000FFE708980168012040F2B842C4F202029F
:103B30009142009059D0FFE708980168012045F2B2
:103B40000842C5F60202914200904ED0FFE7089865
:103B50000168012045F21C42C5F602029142009024
:103B600043D0FFE708980168012045F23042C5F6CE
:103B700002029142009038D0FFE7089801680120C6
:103B800045F24442C5F60202914200902DD0FFE773
:103B900008980168012045F25842C5F60202914298
:103BA000009022D0FFE708980168012045F26C429E
:103BB000C5F602029142009017D0FFE7089801680D
:103BC000012045F28042C5F60202914200900CD0DD
:103BD000FFE7089800684AF66C31CAF2FD710844A4
:103BE000B0FA80F040090090FFE70098C007A0B14C
:103BF000FFE70898416E806E48600898C06E58B123
:103C0000FFE70898C16E086820F480700860089883
:103C1000016F406F4860FFE7FFE70899012081F8D6
:103C20003500FFE70899002081F83400FFE7FFE73F
:103C300000208DF82700FFE79DF827000AB080BD1F
:103C400080B586B00490049820B9FFE701208DF874
:103C5000170046E3049890F83500022807D0FFE7E4
:103C600004998020486501208DF8170039E30498F5
:103C7000016801201022C4F202029142029000F079
:103C8000A380FFE70498016801202822C4F2020201
:103C90009142029000F09880FFE7049801680120AB
:103CA0004022C4F202029142029000F08D80FFE7B0
:103CB0000498016801205822C4F202029142029045
:103CC00000F08280FFE70498016801207022C4F2AE
:103CD00002029142029077D0FFE704980168012028
:103CE0008822C4F20202914202906DD0FFE704984C
:103CF00001680120A022C4F202029142029063D026
:103D0000FFE7049801680120B822C4F20202914240
:103D1000029059D0FFE704980168012040F2104258
:103D2000C4F20202914202904ED0FFE7049801686B
:103D3000012040F22842C4F202029142029043D094
:103D4000FFE704980168012040F24042C4F20202F9
:103D50009142029038D0FFE704980168012040F2B8
:103D60005842C4F20202914202902DD0FFE704981B
:103D70000168012040F27042C4F2020291420290B6
:103D800022D0FFE704980168012040F28842C4F283
:103D900002029142029017D0FFE7049801680120C7
:103DA00040F2A042C4F20202914202900CD0FFE71E
:103DB000049800684FF64831CBF6FD710844B0FA1C
:103DC00080F040090290FFE70298C007002800F049
:103DD0009D80FFE70499042081F83500049800686D
:103DE0001021C4F20201884200F08180FFE70498AC
:103DF00000682821C4F20201884278D0FFE70498C5
:103E000000684021C4F20201884270D0FFE70498A4
:103E100000685821C4F20201884268D0FFE7049884
:103E200000687021C4F20201884260D0FFE7049864
:103E300000688821C4F20201884258D0FFE7049844
:103E40000068A021C4F20201884250D0FFE7049824
:103E50000068B821C4F20201884248D0FFE7049804
:103E6000006840F21041C4F2020188423FD0FFE7EF
:103E70000498006840F22841C4F20201884236D01A
:103E8000FFE70498006840F24041C4F20201884212
:103E90002DD0FFE70498006840F25841C4F20201B7
:103EA000884224D0FFE70498006840F27041C4F2D1
:103EB000020188421BD0FFE70498006840F2884165
:103EC000C4F20201884212D0FFE70498006840F271
:103ED000A041C4F20201884209D0FFE704980068BB
:103EE00040F2B841C4F20201884207D1FFE70498CA
:103EF0000168086820F00100086006E00498016885
:103F0000086820F001000860FFE7E5E10498016817
:103F1000086820F00E000860049800681021C4F2C0
:103F20000201884200F08180FFE7049800682821A0
:103F3000C4F20201884278D0FFE70498006840216B
:103F4000C4F20201884270D0FFE70498006858214B
:103F5000C4F20201884268D0FFE70498006870212B
:103F6000C4F20201884260D0FFE70498006888210B
:103F7000C4F20201884258D0FFE704980068A021EB
:103F8000C4F20201884250D0FFE704980068B821CB
:103F9000C4F20201884248D0FFE70498006840F26A
:103FA0001041C4F2020188423FD0FFE70498006844
:103FB00040F22841C4F20201884236D0FFE704985B
:103FC000006840F24041C4F2020188422DD0FFE770
:103FD0000498006840F25841C4F20201884224D09B
:103FE000FFE70498006840F27041C4F20201884281
:103FF0001BD0FFE70498006840F28841C4F2020138
:10400000884212D0FFE70498006840F2A041C4F251
:104010000201884209D0FFE70498006840F2B841E5
:10402000C4F20201884207D1FFE7049801680868DA
:1040300020F00100086006E004980168086820F09C
:1040400001000860FFE70498016801201022C4F213
:1040500002029142019000F00381FFE70498016899
:1040600001202822C4F202029142019000F0F8805F
:10407000FFE70498016801204022C4F20202914245
:10408000019000F0ED80FFE70498016801205822BC
:10409000C4F202029142019000F0E280FFE704982E
:1040A000016801207022C4F202029142019000F0E6
:1040B000D780FFE70498016801208822C4F2020239
:1040C0009142019000F0CC80FFE704980168012044
:1040D000A022C4F202029142019000F0C180FFE7E9
:1040E000049801680120B822C4F2020291420190B2
:1040F00000F0B680FFE704980168012040F210420A
:10410000C4F202029142019000F0AA80FFE70498F5
:104110000168012040F22842C4F20202914201905B
:1041200000F09E80FFE704980168012040F24042C1
:10413000C4F202029142019000F09280FFE70498DD
:104140000168012040F25842C4F2020291420190FB
:1041500000F08680FFE704980168012040F2704279
:10416000C4F20202914201907AD0FFE704980168FC
:10417000012040F28842C4F20202914201906FD0C5
:10418000FFE704980168012040F2A042C4F2020255
:104190009142019064D0FFE704980168012040F249
:1041A000B842C4F202029142019059D0FFE704984C
:1041B0000168012045F20842C5F6020291420190D1
:1041C0004ED0FFE704980168012045F21C42C5F675
:1041D00002029142019043D0FFE704980168012058
:1041E00045F23042C5F602029142019038D0FFE715
:1041F00004980168012045F24442C5F6020291424A
:1042000001902DD0FFE704980168012045F2584243
:10421000C5F602029142019022D0FFE7049801689E
:10422000012045F26C42C5F602029142019017D07E
:10423000FFE704980168012045F28042C5F60202BA
:10424000914201900CD0FFE7049800684AF66C3167
:10425000CAF2FD710844B0FA80F040090190FFE70E
:104260000198C00728B3FFE70498016E086820F49E
:10427000807008600498806D03900498C06D00F011
:104280001F0101208840039948600498416E806EA8
:1042900048600498C06E58B1FFE70498C16E086882
:1042A00020F4807008600498016F406F4860FFE759
:1042B000FFE70499012081F83500FFE70499002009
:1042C00081F83400FFE70498006D20B1FFE70498FF
:1042D000016D8847FFE7FFE7FFE700208DF8170033
:1042E000FFE79DF8170006B080BD00000000000049
:1042F00080B590B00F9000200B9040F20C00C2F2FD
:104300000040006848F2B511C1F64E31A0FB011023
:10431000800A0A900F98806D09900F98806D089020
:10432000099800680E90089800680D900F98016831
:1043300001201022C4F202029142079000F0A380F3
:10434000FFE70F98016801202822C4F2020291427F
:10435000079000F09880FFE70F9801680120402245
:10436000C4F202029142079000F08D80FFE70F989F
:10437000016801205822C4F202029142079000F025
:104380008280FFE70F98016801207022C4F20202C8
:104390009142079077D0FFE70F98016801208822AB
:1043A000C4F20202914207906DD0FFE70F980168B6
:1043B0000120A022C4F202029142079063D0FFE7DD
:1043C0000F9801680120B822C4F2020291420790BE
:1043D00059D0FFE70F980168012040F21042C4F263
:1043E0000202914207904ED0FFE70F98016801202A
:1043F00040F22842C4F202029142079043D0FFE704
:104400000F980168012040F24042C4F2020291423A
:10441000079038D0FFE70F980168012040F258421A
:10442000C4F20202914207902DD0FFE70F98016875
:10443000012040F27042C4F202029142079022D061
:10444000FFE70F980168012040F28842C4F202029F
:104450009142079017D0FFE70F980168012040F2C2
:10446000A042C4F20202914207900CD0FFE70F98DD
:1044700000684FF64831CBF6FD710844B0FA80F081
:1044800040090790FFE70798C007002800F0138550
:10449000FFE70E980F99C96D01F01F01C840000792
:1044A000002840F1B080FFE70F9800681021C4F2A7
:1044B0000201884200F08180FFE70F980068282100
:1044C000C4F20201884278D0FFE70F9800684021CB
:1044D000C4F20201884270D0FFE70F9800685821AB
:1044E000C4F20201884268D0FFE70F98006870218B
:1044F000C4F20201884260D0FFE70F98006888216B
:10450000C4F20201884258D0FFE70F980068A0214A
:10451000C4F20201884250D0FFE70F980068B8212A
:10452000C4F20201884248D0FFE70F98006840F2C9
:104530001041C4F2020188423FD0FFE70F980068A3
:1045400040F22841C4F20201884236D0FFE70F98BA
:10455000006840F24041C4F2020188422DD0FFE7DA
:104560000F98006840F25841C4F20201884224D0FA
:10457000FFE70F98006840F27041C4F202018842E0
:104580001BD0FFE70F98006840F28841C4F2020197
:10459000884212D0FFE70F98006840F2A041C4F2B1
:1045A0000201884209D0FFE70F98006840F2B84145
:1045B000C4F20201884207D1FFE70F980068006843
:1045C00000F00400069006E00F980068006800F014
:1045D00008000690FFE70698A0B1FFE70F98016872
:1045E000086820F0040008600F98C06D00F01F01FB
:1045F00008208840099988600F99486D40F00100B3
:104600004865FFE7FFE70E980F99C96D01F01F019C
:10461000C840C007002800F0A980FFE70F98006895
:104620001021C4F20201884200F08180FFE70F9858
:1046300000682821C4F20201884278D0FFE70F9871
:1046400000684021C4F20201884270D0FFE70F9851
:1046500000685821C4F20201884268D0FFE70F9831
:1046600000687021C4F20201884260D0FFE70F9811
:1046700000688821C4F20201884258D0FFE70F98F1
:104680000068A021C4F20201884250D0FFE70F98D1
:104690000068B821C4F20201884248D0FFE70F98B1
:1046A000006840F21041C4F2020188423FD0FFE7A7
:1046B0000F98006840F22841C4F20201884236D0C7
:1046C000FFE70F98006840F24041C4F202018842BF
:1046D0002DD0FFE70F98006840F25841C4F2020164
:1046E000884224D0FFE70F98006840F27041C4F27E
:1046F000020188421BD0FFE70F98006840F2884112
:10470000C4F20201884212D0FFE70F98006840F21D
:10471000A041C4F20201884209D0FFE70F98006867
:1047200040F2B841C4F20201884207D1FFE70F9876
:104730000068406900F08000059005E00F9800686F
:10474000006800200590FFE7059870B1FFE70F981B
:10475000C06D00F01F0101208840099988600F9901
:10476000486D40F002004865FFE7FFE70E980F999B
:10477000C96D01F01F01C8404007002840F1A98021
:10478000FFE70F9800681021C4F20201884200F090
:104790008180FFE70F9800682821C4F20201884257
:1047A00078D0FFE70F9800684021C4F202018842E8
:1047B00070D0FFE70F9800685821C4F202018842C8
:1047C00068D0FFE70F9800687021C4F202018842A8
:1047D00060D0FFE70F9800688821C4F20201884288
:1047E00058D0FFE70F980068A021C4F20201884268
:1047F00050D0FFE70F980068B821C4F20201884248
:1048000048D0FFE70F98006840F21041C4F202015F
:1048100088423FD0FFE70F98006840F22841C4F279
:104820000201884236D0FFE70F98006840F240410D
:10483000C4F2020188422DD0FFE70F98006840F2D1
:104840005841C4F20201884224D0FFE70F98006863
:1048500040F27041C4F2020188421BD0FFE70F987A
:10486000006840F28841C4F20201884212D0FFE79A
:104870000F98006840F2A041C4F20201884209D0BA
:10488000FFE70F98006840F2B841C4F20201884285
:1048900007D1FFE70F980068006800F0020004905D
:1048A00005E00F980068006800200490FFE7049876
:1048B00070B1FFE70F98C06D00F01F010420884021
:1048C000099988600F99486D40F004004865FFE73A
:1048D000FFE70E980F99C96D01F01F01C840C0068F
:1048E000002840F1DE80FFE70F9800681021C4F235
:1048F0000201884200F08180FFE70F9800682821BC
:10490000C4F20201884278D0FFE70F980068402186
:10491000C4F20201884270D0FFE70F980068582166
:10492000C4F20201884268D0FFE70F980068702146
:10493000C4F20201884260D0FFE70F980068882126
:10494000C4F20201884258D0FFE70F980068A02106
:10495000C4F20201884250D0FFE70F980068B821E6
:10496000C4F20201884248D0FFE70F98006840F285
:104970001041C4F2020188423FD0FFE70F9800685F
:1049800040F22841C4F20201884236D0FFE70F9876
:10499000006840F24041C4F2020188422DD0FFE796
:1049A0000F98006840F25841C4F20201884224D0B6
:1049B000FFE70F98006840F27041C4F2020188429C
:1049C0001BD0FFE70F98006840F28841C4F2020153
:1049D000884212D0FFE70F98006840F2A041C4F26D
:1049E0000201884209D0FFE70F98006840F2B84101
:1049F000C4F20201884207D1FFE70F9800680068FF
:104A000000F00800039006E00F980068006800F0CE
:104A100004000390FFE70398002841D0FFE70F98B8
:104A2000C06D00F01F0110208840099988600F9820
:104A300000680068400300281AD5FFE70F98006857
:104A400000680003002809D4FFE70F98006C20B12C
:104A5000FFE70F98016C8847FFE708E00F98806C2C
:104A600020B1FFE70F98816C8847FFE7FFE716E06A
:104A70000F9800680068C005002807D4FFE70F986A
:104A80000168086820F008000860FFE70F98006CD4
:104A900020B1FFE70F98016C8847FFE7FFE7FFE7CA
:104AA000FFE70E980F99C96D01F01F01C8408006FD
:104AB000002840F12681FFE70F9800681021C4F21A
:104AC0000201884200F08180FFE70F9800682821EA
:104AD000C4F20201884278D0FFE70F9800684021B5
:104AE000C4F20201884270D0FFE70F980068582195
:104AF000C4F20201884268D0FFE70F980068702175
:104B0000C4F20201884260D0FFE70F980068882154
:104B1000C4F20201884258D0FFE70F980068A02134
:104B2000C4F20201884250D0FFE70F980068B82114
:104B3000C4F20201884248D0FFE70F98006840F2B3
:104B40001041C4F2020188423FD0FFE70F9800688D
:104B500040F22841C4F20201884236D0FFE70F98A4
:104B6000006840F24041C4F2020188422DD0FFE7C4
:104B70000F98006840F25841C4F20201884224D0E4
:104B8000FFE70F98006840F27041C4F202018842CA
:104B90001BD0FFE70F98006840F28841C4F2020181
:104BA000884212D0FFE70F98006840F2A041C4F29B
:104BB0000201884209D0FFE70F98006840F2B8412F
:104BC000C4F20201884207D1FFE70F98006800682D
:104BD00000F01000029006E00F980068006800F0F6
:104BE00002000290FFE70298002800F08980FFE7AA
:104BF0000F98C06D00F01F0120208840099988603F
:104C00000F9890F83500042837D1FFE70F98016816
:104C1000086820F0160008600F980168486920F0C5
:104C2000800048610F98006C20B9FFE70F98806CF6
:104C300038B1FFE70F980168086820F008000860A5
:104C4000FFE70F98C06D00F01F013F2088400999D1
:104C500088600F99012081F83500FFE70F99002047
:104C600081F83400FFE70F98006D20B1FFE70F983F
:104C7000016D8847FFE700F019BC0F9800680068D5
:104C8000400300281AD5FFE70F980068006800036A
:104C9000002809D4FFE70F98406C20B1FFE70F9878
:104CA000416C8847FFE708E00F98C06B20B1FFE731
:104CB0000F98C16B8847FFE7FFE720E00F98006877
:104CC0000068C005002811D4FFE70F980168086844
:104CD00020F0100008600F99012081F83500FFE7EF
:104CE0000F99002081F83400FFE7FFE70F98C06BB1
:104CF00020B1FFE70F98C16B8847FFE7FFE7FFE7A9
:104D0000FFE70F98406D002800F0D480FFE70F9870
:104D1000406DC007002800F0C480FFE70F99042011
:104D200081F835000F9800681021C4F20201884212
:104D300000F08180FFE70F9800682821C4F202018B
:104D4000884278D0FFE70F9800684021C4F2020142
:104D5000884270D0FFE70F9800685821C4F2020122
:104D6000884268D0FFE70F9800687021C4F2020102
:104D7000884260D0FFE70F9800688821C4F20201E2
:104D8000884258D0FFE70F980068A021C4F20201C2
:104D9000884250D0FFE70F980068B821C4F20201A2
:104DA000884248D0FFE70F98006840F21041C4F2F3
:104DB000020188423FD0FFE70F98006840F2284187
:104DC000C4F20201884236D0FFE70F98006840F233
:104DD0004041C4F2020188422DD0FFE70F980068DD
:104DE00040F25841C4F20201884224D0FFE70F98F4
:104DF000006840F27041C4F2020188421BD0FFE714
:104E00000F98006840F28841C4F20201884212D033
:104E1000FFE70F98006840F2A041C4F20201884207
:104E200009D0FFE70F98006840F2B841C4F20201D0
:104E3000884207D1FFE70F980168086820F0010059
:104E4000086006E00F980168086820F0010008601B
:104E5000FFE7FFE70B9801300B900A99884201D9D0
:104E6000FFE707E0FFE70F9800680068C007002829
:104E7000F0D1FFE70F9800680068C00728B1FFE78E
:104E80000F99032081F8350004E00F99012081F883
:104E90003500FFE7FFE70F99002081F83400FFE7B6
:104EA000FFE70F98C06C20B1FFE70F98C16C8847EF
:104EB000FFE7FFE7FAE20F980168012045F2084298
:104EC000C5F60202914201904ED0FFE70F980168AB
:104ED000012045F21C42C5F602029142019043D0E6
:104EE000FFE70F980168012045F23042C5F6020243
:104EF0009142019038D0FFE70F980168012045F2F8
:104F00004442C5F60202914201902DD0FFE70F986E
:104F10000168012045F25842C5F602029142019013
:104F200022D0FFE70F980168012045F26C42C5F6D8
:104F300002029142019017D0FFE70F98016801200B
:104F400045F28042C5F60202914201900CD0FFE783
:104F50000F9800684AF66C31CAF2FD710844B0FA45
:104F600080F040090190FFE70198C007002800F099
:104F70009B82FFE70F98006800680C900D980F99CE
:104F8000C96D01F01F01C8404007002840F1D780DB
:104F9000FFE79DF830004007002840F1D080FFE790
:104FA0000F98C06D00F01F010420884008994860E8
:104FB0009DF831000006002818D5FFE79DF8320063
:104FC000C00748B9FFE70F98806C20B1FFE70F9842
:104FD000816C8847FFE708E00F98006C20B1FFE77D
:104FE0000F98016C8847FFE7FFE7A7E09DF83000C6
:104FF0008006002800F19980FFE70F9800681021D3
:10500000C4F20201884200F08180FFE70F98006837
:105010002821C4F20201884278D0FFE70F98006887
:105020004021C4F20201884270D0FFE70F98006867
:105030005821C4F20201884268D0FFE70F98006847
:105040007021C4F20201884260D0FFE70F98006827
:105050008821C4F20201884258D0FFE70F98006807
:10506000A021C4F20201884250D0FFE70F980068E7
:10507000B821C4F20201884248D0FFE70F980068C7
:1050800040F21041C4F2020188423FD0FFE70F987E
:10509000006840F22841C4F20201884236D0FFE79E
:1050A0000F98006840F24041C4F2020188422DD0BE
:1050B000FFE70F98006840F25841C4F202018842AD
:1050C00024D0FFE70F98006840F27041C4F202015B
:1050D00088421BD0FFE70F98006840F28841C4F275
:1050E0000201884212D0FFE70F98006840F2A04109
:1050F000C4F20201884209D0FFE70F98006840F22D
:10510000B841C4F20201884207D1FFE70F98016855
:10511000086820F00800086006E00F980168086839
:1051200020F004000860FFE7FFE70F98006C20B153
:10513000FFE70F98016C8847FFE7FFE7B3E10D98A1
:105140000F99C96D01F01F01C8408007002840F188
:10515000E180FFE79DF830008007002840F1DA8009
:10516000FFE70F98C06D00F01F01022088400899EA
:1051700048609DF831000006002818D5FFE79DF82B
:105180003200C00748B9FFE70F98406C20B1FFE735
:105190000F98416C8847FFE708E00F98C06B20B17B
:1051A000FFE70F98C16B8847FFE7FFE7B1E09DF885
:1051B00030008006002800F1A380FFE70F98006808
:1051C0001021C4F20201884200F08180FFE70F98AD
:1051D00000682821C4F20201884278D0FFE70F98C6
:1051E00000684021C4F20201884270D0FFE70F98A6
:1051F00000685821C4F20201884268D0FFE70F9886
:1052000000687021C4F20201884260D0FFE70F9865
:1052100000688821C4F20201884258D0FFE70F9845
:105220000068A021C4F20201884250D0FFE70F9825
:105230000068B821C4F20201884248D0FFE70F9805
:10524000006840F21041C4F2020188423FD0FFE7FB
:105250000F98006840F22841C4F20201884236D01B
:10526000FFE70F98006840F24041C4F20201884213
:105270002DD0FFE70F98006840F25841C4F20201B8
:10528000884224D0FFE70F98006840F27041C4F2D2
:10529000020188421BD0FFE70F98006840F2884166
:1052A000C4F20201884212D0FFE70F98006840F272
:1052B000A041C4F20201884209D0FFE70F980068BC
:1052C00040F2B841C4F20201884207D1FFE70F98CB
:1052D0000168086820F01400086006E00F98016873
:1052E000086820F00A000860FFE70F99012081F8A4
:1052F0003500FFE70F99002081F83400FFE7FFE752
:105300000F98C06B20B1FFE70F98C16B8847FFE78C
:10531000FFE7C7E00D980F99C96D01F01F01C84064
:105320000007002840F1BC80FFE79DF8300000072F
:10533000002840F1B580FFE70F9800681021C4F203
:105340000201884200F08180FFE70F980068282161
:10535000C4F20201884278D0FFE70F98006840212C
:10536000C4F20201884270D0FFE70F98006858210C
:10537000C4F20201884268D0FFE70F9800687021EC
:10538000C4F20201884260D0FFE70F9800688821CC
:10539000C4F20201884258D0FFE70F980068A021AC
:1053A000C4F20201884250D0FFE70F980068B8218C
:1053B000C4F20201884248D0FFE70F98006840F22B
:1053C0001041C4F2020188423FD0FFE70F98006805
:1053D00040F22841C4F20201884236D0FFE70F981C
:1053E000006840F24041C4F2020188422DD0FFE73C
:1053F0000F98006840F25841C4F20201884224D05C
:10540000FFE70F98006840F27041C4F20201884241
:105410001BD0FFE70F98006840F28841C4F20201F8
:10542000884212D0FFE70F98006840F2A041C4F212
:105430000201884209D0FFE70F98006840F2B841A6
:10544000C4F20201884207D1FFE70F98016808689B
:1054500020F01C00086006E00F980168086820F042
:105460000E000860FFE70F98C06D00F01F010120DB
:1054700000FA01F1089A51600F9948650F9981F877
:105480003500FFE70F99002081F83400FFE70F98FF
:10549000C06C20B1FFE70F98C16C8847FFE700E0C0
:1054A000FFE7FFE7FFE700E0FFE7FFE710B080BDA1
:1054B00010B58EB00C9001F08BFA0A900C9828B9B8
:1054C000FFE701208DF8370000F09FBC0C980168C1
:1054D00001201022C4F202029142079000F0A38042
:1054E000FFE70C98016801202822C4F202029142D1
:1054F000079000F09880FFE70C9801680120402297
:10550000C4F202029142079000F08D80FFE70C98F0
:10551000016801205822C4F202029142079000F073
:105520008280FFE70C98016801207022C4F2020219
:105530009142079077D0FFE70C98016801208822FC
:10554000C4F20202914207906DD0FFE70C98016807
:105550000120A022C4F202029142079063D0FFE72B
:105560000C9801680120B822C4F20202914207900F
:1055700059D0FFE70C980168012040F21042C4F2B4
:105580000202914207904ED0FFE70C98016801207B
:1055900040F22842C4F202029142079043D0FFE752
:1055A0000C980168012040F24042C4F2020291428C
:1055B000079038D0FFE70C980168012040F258426C
:1055C000C4F20202914207902DD0FFE70C980168C7
:1055D000012040F27042C4F202029142079022D0B0
:1055E000FFE70C980168012040F28842C4F20202F1
:1055F0009142079017D0FFE70C980168012040F214
:10560000A042C4F20202914207900CD0FFE70C982E
:1056100000684FF64831CBF6FD710844B0FA80F0CF
:1056200040090790FFE70798C007002800F079813C
:10563000FFE70C98406A08B1FFE7FFE70C990220EA
:1056400081F83500FFE70C99002081F83400FFE76E
:105650000C9800681021C4F20201884200F0818099
:10566000FFE70C9800682821C4F20201884278D034
:10567000FFE70C9800684021C4F20201884270D014
:10568000FFE70C9800685821C4F20201884268D0F4
:10569000FFE70C9800687021C4F20201884260D0D4
:1056A000FFE70C9800688821C4F20201884258D0B4
:1056B000FFE70C980068A021C4F20201884250D094
:1056C000FFE70C980068B821C4F20201884248D074
:1056D000FFE70C98006840F21041C4F202018842D2
:1056E0003FD0FFE70C98006840F22841C4F2020165
:1056F000884236D0FFE70C98006840F24041C4F27F
:10570000020188422DD0FFE70C98006840F2584112
:10571000C4F20201884224D0FFE70C98006840F2EE
:105720007041C4F2020188421BD0FFE70C98006868
:1057300040F28841C4F20201884212D0FFE70C987F
:10574000006840F2A041C4F20201884209D0FFE79C
:105750000C98006840F2B841C4F20201884207D1B7
:10576000FFE70C980168086820F00100086006E077
:105770000C980168086820F001000860FFE7FFE767
:105780000C9800680068C00798B1FFE701F020F9A5
:105790000A99401A06280BD3FFE70C992020486588
:1057A0000C99032081F8350001208DF837002CE397
:1057B000E6E70C98006800680B900B9848F23F01F0
:1057C000CFF6106108400B900C998868D1F80CC096
:1057D0000B694A6940EA0C00184310438A69104378
:1057E000CA691043096A01430B9808430B900C984F
:1057F000406A042808D1FFE70C99C86A096B014385
:105800000B9808430B90FFE741F20000C5F60040FB
:1058100000684FF6FF718843B0F1005F40D3FFE7A7
:105820000C984068292807D3FFE70C9841680120AD
:105830002F2906902AD3FFE70C9840683F2807D30A
:10584000FFE70C9841680120432906901ED3FFE72B
:105850000C984068472807D3FFE70C98416801205F
:105860004929069012D3FFE70C98416800204F2980
:10587000059008D3FFE70C9841680020532938BFF2
:1058800001200590FFE705980690FFE70698C007FE
:1058900028B1FFE70B9840F480100B90FFE7FFE77B
:1058A0000B980C99096808600C98006840690B9087
:1058B0000B9820F007000B900C98416A0B98084356
:1058C0000B900C98406A04281AD1FFE70C98816A63
:1058D0000B9808430B900C98C06A80B1FFE70C98B6
:1058E000FBF78AFD50B1FFE70C99402048650C9901
:1058F000012081F835008DF8370086E2FFE7FFE7E9
:105900000B980C99096848610C98FBF739FB0990D2
:105910000C98C06D00F01F013F20884009998860F5
:1059200026E10C980168012045F20842C5F6020202
:10593000914204904ED0FFE70C980168012045F297
:105940001C42C5F602029142049043D0FFE70C9836
:105950000168012045F23042C5F6020291420490EE
:1059600038D0FFE70C980168012045F24442C5F6A3
:105970000202914204902DD0FFE70C9801680120AB
:1059800045F25842C5F602029142049022D0FFE748
:105990000C980168012045F26C42C5F60202914262
:1059A000049017D0FFE70C980168012045F280426F
:1059B000C5F60202914204900CD0FFE70C980068F3
:1059C0004AF66C31CAF2FD710844B0FA80F0400921
:1059D0000490FFE70498C007002800F0BD80FFE7AF
:1059E0000C980168012045F20842C5F60202914276
:1059F00003904ED0FFE70C980168012045F21C424D
:105A0000C5F602029142039043D0FFE70C9801686B
:105A1000012045F23042C5F602029142039038D08F
:105A2000FFE70C980168012045F24442C5F60202E6
:105A3000914203902DD0FFE70C980168012045F2B8
:105A40005842C5F602029142039022D0FFE70C981B
:105A50000168012045F26C42C5F6020291420390B2
:105A600017D0FFE70C980168012045F28042C5F687
:105A70000202914203900CD0FFE70C9800684AF6AE
:105A80006C31CAF2FD710844B0FA80F0400903900D
:105A9000FFE70398C00708B1FFE7FFE70C99022072
:105AA00081F83500FFE70C99002081F83400FFE70A
:105AB0000C98006800680B900B986FF310100B9017
:105AC0000C988068402803D1FFE71020029008E07E
:105AD0000C9880688038B0FA80F04009800302900A
:105AE000FFE702980C99CA680B69D1F814C0D1F885
:105AF00018E0CC694EEA040E4CEA0E0C43EA0C03A3
:105B00001A4340EAD200096A40EA11110B9808438F
:105B10000B900B980C99096808600C9908684AF674
:105B2000F832CAF2FD7210444CF6CD42CCF6CC42AB
:105B3000A0FB02026FF0030000EA9200C8650C9817
:105B4000FBF71EFA08900C98C06D00F01F010120B1
:105B50008840089948600AE00C99402048650C99F3
:105B6000032081F8350001208DF837004DE1FFE773
:105B70000C98016801201022C4F2020291420190A7
:105B800000F00381FFE70C98016801202822C4F28D
:105B900002029142019000F0F880FFE70C98016842
:105BA00001204022C4F202029142019000F0ED80F7
:105BB000FFE70C98016801205822C4F202029142CA
:105BC000019000F0E280FFE70C980168012070224C
:105BD000C4F202029142019000F0D780FFE70C98D6
:105BE000016801208822C4F202029142019000F073
:105BF000CC80FFE70C9801680120A022C4F20202C9
:105C00009142019000F0C180FFE70C9801680120EB
:105C1000B822C4F202029142019000F0B680FFE780
:105C20000C980168012040F21042C4F20202914235
:105C3000019000F0AA80FFE70C980168012040F273
:105C40002842C4F202029142019000F09E80FFE7D8
:105C50000C980168012040F24042C4F202029142D5
:105C6000019000F09280FFE70C980168012040F25B
:105C70005842C4F202029142019000F08680FFE790
:105C80000C980168012040F27042C4F20202914275
:105C900001907AD0FFE70C980168012040F2884219
:105CA000C4F20202914201906FD0FFE70C980168A4
:105CB000012040F2A042C4F202029142019064D05D
:105CC000FFE70C980168012040F2B842C4F20202DA
:105CD0009142019059D0FFE70C980168012045F2EC
:105CE0000842C5F60202914201904ED0FFE70C989F
:105CF0000168012045F21C42C5F602029142019062
:105D000043D0FFE70C980168012045F23042C5F608
:105D100002029142019038D0FFE70C9801680120FF
:105D200045F24442C5F60202914201902DD0FFE7B0
:105D30000C980168012045F25842C5F602029142D2
:105D4000019022D0FFE70C980168012045F26C42D7
:105D5000C5F602029142019017D0FFE70C98016846
:105D6000012045F28042C5F60202914201900CD01A
:105D7000FFE70C9800684AF66C31CAF2FD710844DE
:105D8000B0FA80F040090190FFE70198C00790B396
:105D9000FFE70C98FBF7DCF90C988068802804D1A9
:105DA000FFE70C9900204860FFE70C990879096E1D
:105DB00008600C98416E806E48600C98406888B10D
:105DC000FFE70C98406808280CD8FFE70C98FBF711
:105DD0007BFA0C98C16E002008600C98016F406F30
:105DE000486007E00C990020C8660C9908670C9978
:105DF0004867FFE7FFE70C99002048650C9A0121EE
:105E000082F835108DF83700FFE79DF837000EB0A7
:105E100010BD00000000000080B588B0069005911C
:105E20000492039300208DF80B00069820B9FFE739
:105E300001208DF81F006CE3FFE7069890F834000E
:105E4000012804D1FFE702208DF81F0061E30699C5
:105E5000012081F83400FFE7FFE7069890F835004D
:105E6000012840F04383FFE70699022081F83500BE
:105E7000069900204865069800681021C4F20201C6
:105E8000884200F08180FFE7069800682821C4F26C
:105E90000201884278D0FFE7069800684021C4F2EA
:105EA0000201884270D0FFE7069800685821C4F2CA
:105EB0000201884268D0FFE7069800687021C4F2AA
:105EC0000201884260D0FFE7069800688821C4F28A
:105ED0000201884258D0FFE706980068A021C4F26A
:105EE0000201884250D0FFE706980068B821C4F24A
:105EF0000201884248D0FFE70698006840F210414E
:105F0000C4F2020188423FD0FFE70698006840F2E1
:105F10002841C4F20201884236D0FFE706980068A3
:105F200040F24041C4F2020188422DD0FFE70698BA
:105F3000006840F25841C4F20201884224D0FFE7D1
:105F40000698006840F27041C4F2020188421BD0FA
:105F5000FFE70698006840F28841C4F202018842D7
:105F600012D0FFE70698006840F2A041C4F2020197
:105F7000884209D0FFE70698006840F2B841C4F2B1
:105F80000201884207D1FFE706980168086820F0FF
:105F90000100086006E006980168086820F001002A
:105FA0000860FFE706980599049A039BFBF79CFAA3
:105FB0000698016801201022C4F202029142019069
:105FC00000F0A380FFE70698016801202822C4F2B0
:105FD00002029142019000F09880FFE70698016864
:105FE00001204022C4F202029142019000F08D8013
:105FF000FFE70698016801205822C4F2020291428C
:10600000019000F08280FFE706980168012070226D
:10601000C4F202029142019077D0FFE7069801682E
:1060200001208822C4F20202914201906DD0FFE764
:10603000069801680120A022C4F202029142019058
:1060400063D0FFE7069801680120B822C4F202027B
:106050009142019059D0FFE706980168012040F273
:106060001042C4F20202914201904ED0FFE706981E
:106070000168012040F22842C4F2020291420190DC
:1060800043D0FFE706980168012040F24042C4F285
:1060900002029142019038D0FFE706980168012082
:1060A00040F25842C4F20202914201902DD0FFE723
:1060B00006980168012040F27042C4F20202914247
:1060C000019022D0FFE706980168012040F2884243
:1060D000C4F202029142019017D0FFE706980168CE
:1060E000012040F2A042C4F20202914201900CD081
:1060F000FFE7069800684FF64831CBF6FD7108447B
:10610000B0FA80F040090190FFE70198C007A8B1FC
:10611000FFE70698006800680B2161F344000699C8
:10612000096808600698006C38B1FFE706980168B6
:10613000086840F008000860FFE714E0069800686F
:106140000068052161F34300069909680860069814
:10615000006C38B1FFE706980168086840F0040059
:106160000860FFE7FFE70698016801201022C4F2EB
:1061700002029142009000F00381FFE70698016857
:1061800001202822C4F202029142009000F0F8801F
:10619000FFE70698016801204022C4F20202914202
:1061A000009000F0ED80FFE706980168012058227A
:1061B000C4F202029142009000F0E280FFE70698EC
:1061C000016801207022C4F202029142009000F0A6
:1061D000D780FFE70698016801208822C4F20202F6
:1061E0009142009000F0CC80FFE706980168012002
:1061F000A022C4F202029142009000F0C180FFE7A9
:10620000069801680120B822C4F20202914200906F
:1062100000F0B680FFE706980168012040F21042C6
:10622000C4F202029142009000F0AA80FFE70698B3
:106230000168012040F22842C4F20202914200901B
:1062400000F09E80FFE706980168012040F240427E
:10625000C4F202029142009000F09280FFE706989B
:106260000168012040F25842C4F2020291420090BB
:1062700000F08680FFE706980168012040F2704236
:10628000C4F20202914200907AD0FFE706980168BA
:10629000012040F28842C4F20202914200906FD085
:1062A000FFE706980168012040F2A042C4F2020212
:1062B0009142009064D0FFE706980168012040F207
:1062C000B842C4F202029142009059D0FFE706980A
:1062D0000168012045F20842C5F602029142009091
:1062E0004ED0FFE706980168012045F21C42C5F632
:1062F00002029142009043D0FFE706980168012016
:1063000045F23042C5F602029142009038D0FFE7D4
:1063100006980168012045F24442C5F60202914206
:1063200000902DD0FFE706980168012045F2584201
:10633000C5F602029142009022D0FFE7069801685C
:10634000012045F26C42C5F602029142009017D03E
:10635000FFE706980168012045F28042C5F6020277
:10636000914200900CD0FFE7069800684AF66C3125
:10637000CAF2FD710844B0FA80F040090090FFE7CE
:106380000098C007D0B1FFE70698006E0068C00310
:10639000002807D5FFE70698016E086840F4807072
:1063A0000860FFE70698C06E38B1FFE70698C16E37
:1063B000086840F480700860FFE7FFE7069800680F
:1063C0001021C4F20201884200F08180FFE70698A4
:1063D00000682821C4F20201884278D0FFE70698BD
:1063E00000684021C4F20201884270D0FFE706989D
:1063F00000685821C4F20201884268D0FFE706987D
:1064000000687021C4F20201884260D0FFE706985C
:1064100000688821C4F20201884258D0FFE706983C
:106420000068A021C4F20201884250D0FFE706981C
:106430000068B821C4F20201884248D0FFE70698FC
:10644000006840F21041C4F2020188423FD0FFE7E9
:106450000698006840F22841C4F20201884236D012
:10646000FFE70698006840F24041C4F2020188420A
:106470002DD0FFE70698006840F25841C4F20201AF
:10648000884224D0FFE70698006840F27041C4F2C9
:10649000020188421BD0FFE70698006840F288415D
:1064A000C4F20201884212D0FFE70698006840F269
:1064B000A041C4F20201884209D0FFE706980068B3
:1064C00040F2B841C4F20201884207D1FFE70698C2
:1064D0000168086840F00100086006E0069801685D
:1064E000086840F001000860FFE70DE006994FF4EE
:1064F00000604865FFE70699002081F83400FFE757
:1065000001208DF80B00FFE79DF80B008DF81F00B0
:10651000FFE79DF81F0008B080BD000000000000EC
:1065200080B584B0039000F053FA02900398019074
:106530000198013048B1FFE740F22A00C2F2004062
:106540000178019808440190FFE7FFE700F040FA66
:106550000299401A0199884201D2FFE7F6E704B098
:1065600080BD00000000000080B582B0ADF80600DC
:10657000BDF80600B0F5807F07D1FFE744F2BC30DC
:10658000C2F2014004F09CFBFFE702B080BD0000B6
:1065900080B582B0ADF806008820C5F6000000681E
:1065A000BDF8061008420BD0FFE7BDF806008821B1
:1065B000C5F600010860BDF80600FFF7D5FFFFE74C
:1065C00002B080BD0000000090B00F900E9100203E
:1065D0000D908020C5F600000A90FFE70E98006835
:1065E0000D99C840002800F0CF81FFE70E980068A1
:1065F0000D9A0121914008400C900C98002800F061
:10660000BF81FFE70E98406800F00300012807D023
:10661000FFE70E98406800F0030002282FD1FFE743
:106620000F9880680B900D984100032000FA01F14B
:106630000B9888430B900E98C0680D99490000FA9A
:1066400001F10B9808430B900B980F9988600F98F5
:1066500040680B900D99012000FA01F10B988843D6
:106660000B900E984068C0F300100D9900FA01F1EC
:106670000B9808430B900B980F994860FFE70E9812
:10668000406800F00300032818D0FFE70F98C068A7
:106690000B900D984100032000FA01F10B988843FC
:1066A0000B900E9880680D99490000FA01F10B9843
:1066B00008430B900B980F99C860FFE70E9840684D
:1066C00000F00300022826D1FFE70F980D996FF024
:1066D000030202EA51010844006A0B900D9800F091
:1066E000070081000F2000FA01F10B9888430B90FE
:1066F0000E9800690D9901F00701890000FA01F177
:106700000B9808430B900B980F990D9B02EA5302CC
:1067100011440862FFE70F9800680B900D98410044
:10672000032000FA01F10B9888430B900E98406803
:1067300000F003000D99490000FA01F10B9808439D
:106740000B900B980F9908600E98807980070028AD
:1067500000F01581FFE7FFE744F2F440C5F60200C0
:10676000016841F002010160006800F00200099038
:106770000998FFE70D9820F0030040F20841C5F6A4
:10678000000140580B900D9800F0030081000F208D
:1067900000FA01F10B9888430B900F980021C5F681
:1067A0000201884203D1FFE7002008907AE00F98A9
:1067B00040F20041C5F60201884203D1FFE7012003
:1067C00007906CE00F9840F60001C5F60201884280
:1067D00003D1FFE7022006905EE00F9840F60041EB
:1067E000C5F60201884203D1FFE70320059050E07F
:1067F0000F9841F20001C5F60201884203D1FFE77C
:106800000420049042E00F9841F20041C5F60201D5
:10681000884203D1FFE70520039034E00F9841F64A
:106820000001C5F60201884203D1FFE7062002906D
:1068300026E00F9841F60041C5F60201884203D1D7
:10684000FFE70720019018E00F9842F20001C5F61B
:106850000201884203D1FFE7082000900AE00F9967
:1068600042F20042C5F602020A20914208BF092006
:106870000090FFE700980190FFE701980290FFE782
:1068800002980390FFE703980490FFE704980590AF
:10689000FFE705980690FFE706980790FFE707983F
:1068A0000890FFE708980D9901F00301890000FAAC
:1068B00001F10B9808430B900B980D9921F00301FF
:1068C00040F20842C5F6000288504FF0B040006820
:1068D0000B900C990B9888430B900E988079C0060A
:1068E000002805D5FFE70C990B9808430B90FFE7AC
:1068F0000B984FF0B04108600420C5F60000006816
:106900000B900C990B9888430B900E988079800619
:10691000002805D5FFE70C990B9808430B90FFE77B
:106920000B980421C5F6000108600A9840680B9096
:106930000C990B9888430B900E988079800700285B
:1069400005D5FFE70C990B9808430B90FFE70B98D0
:106950000A9948600A9800680B900C990B98884334
:106960000B900E988079C00728B1FFE70C990B981F
:1069700008430B90FFE70B980A990860FFE7FFE7D1
:106980000D9801300D9029E610B07047000000000E
:1069900082B00190ADF802108DF801209DF8010041
:1069A00028B1FFE7BDF802000199886105E0BDF854
:1069B0000200000401998861FFE702B070470000FF
:1069C00041F20000C5F600400068000C704700006E
:1069D0004CF26850C2F201400068704700000000AD
:1069E00083B001900091019890F8410020283BD19C
:1069F000FFE7FFE7019890F84000012804D1FFE786
:106A000002208DF80B0033E00199012081F840004D
:106A1000FFE7FFE70199242081F841000198016810
:106A2000086820F00100086001980168086820F4F7
:106A300080500860009A0198016808681043086057
:106A400001980168086840F0010008600199202061
:106A500081F84100FFE70199002081F84000FFE73D
:106A600000208DF80B0003E002208DF80B00FFE7FB
:106A70009DF80B0003B0704784B00290019102981A
:106A800090F84100202840D1FFE7FFE7029890F8F6
:106A90004000012804D1FFE702208DF80F0038E004
:106AA0000299012081F84000FFE7FFE702992420C6
:106AB00081F8410002980168086820F00100086030
:106AC0000298006800680090009820F470600090C0
:106AD0000199009840EA0120009000980299096805
:106AE000086002980168086840F001000860029997
:106AF000202081F84100FFE70299002081F8400042
:106B0000FFE700208DF80F0003E002208DF80F0052
:106B1000FFE79DF80F0004B0704700000000000080
:106B200080B582B00090009820B9FFE701208DF871
:106B300007007BE0009890F8410040B9FFE700991A
:106B4000002081F84000009800F076F8FFE70099F7
:106B5000242081F8410000980168086820F00100B5
:106B6000086000980168406820F070600861009833
:106B70000168886820F4004088600098C068012897
:106B800007D1FFE700980168806840F40040886002
:106B900006E000980168806840F404408860FFE7E0
:106BA0000098C068022807D1FFE70098016848688C
:106BB00040F40060486006E000980168486820F4EE
:106BC00000604860FFE700980168486848F20002EA
:106BD000C0F200221043486000980168C86820F4A1
:106BE0000040C860009A116810695369926918439F
:106BF00040EA0220C860009A1168D069126A104306
:106C0000086000980168086840F001000860009979
:106C100000204864009A202182F8411000990863FE
:106C2000009981F842008DF80700FFE79DF8070002
:106C300002B080BD0000000080B5B8B037900020E1
:106C40003690359034903390329002A8C021F9F7F5
:106C50007BFB3798006845F20041C4F2000188428E
:106C60003CD1FFE70020039008210291239002A865
:106C700001F00EFC18B1FFE7FAF7CEFEFFE7FFE7E1
:106C800044F2E040C5F60200016841F002010160F3
:106C9000006800F0020001900198FFE7C0203290E8
:106CA000122033900020349035900420369040F22A
:106CB0000040C5F6020032A9FFF786FCFFE744F268
:106CC000E840C5F60200016841F400110160006867
:106CD00000F4001000900098FFE7FFE738B080BD97
:106CE00040F22A00C2F2004002784CF26851C2F22F
:106CF000014108681044086070470000000000006F
:106D000080B582B0032000F023F902F0B1FE44F216
:106D10001842C5F602021168C1F3032342F28071E2
:106D2000C0F60101CB5C03F01F03D840009000982F
:106D3000126802F00F02895C01F01F01C84040F2A6
:106D40001001C2F200410860009840F20C01C2F24A
:106D5000004108600F2000F013F820B1FFE7012088
:106D60008DF8070005E000F0BBF800208DF8070063
:106D7000FFE79DF8070002B080BD000000000000A2
:106D800080B582B0009040F22A00C2F20040007844
:106D900020B9FFE701208DF8070030E040F20C0039
:106DA000C2F20040006840F22A01C2F200410A78B3
:106DB0004FF47A71B1FBF2F1B0FBF1F003F08CFD0E
:106DC00020B1FFE701208DF8070018E000980F2898
:106DD0000DD8FFE700994FF0FF30002200F0A0F837
:106DE000009840F22C01C2F20041086003E001204B
:106DF0008DF8070003E000208DF80700FFE79DF8FD
:106E0000070002B080BD000010B581B0009000986E
:106E100040784EF69851CEF2000108604EF6A0512F
:106E2000CEF20001086820F0010008600098406878
:106E30004EF69C52CEF200021060DDF800E09EF8A3
:106E40000C0000079EF80B2040EA02609EF800202C
:106E50009EF808309EF809C09EF80A4040EAC440F7
:106E60009EF80D4040EA84409EF80E4040EA4440BF
:106E70009EF80FE040EA0E4040EA0C2040EA430052
:106E80001043086001B010BDBFF35F8F4EF6245170
:106E9000CEF20001086820F4803008604EF694516C
:106EA000CEF20001002008607047000000000000E2
:106EB00081B00090009840F001004EF69451CEF25F
:106EC000000108604EF62451CEF20001086840F43B
:106ED00080300860BFF34F8FBFF36F8F01B07047F2
:106EE00081B0FFE744F2F440C5F60200016841F0CA
:106EF00002010160006800F0020000900098FFE7C6
:106F000001B070470000000080B582B0ADF8060007
:106F1000BDF9060007F050FE02B080BD0000000081
:106F200080B586B0ADF816000491039207F05CFEC0
:106F30000290BDF91600019002980499039A05F099
:106F4000B7FE0146019807F057FE06B080BD00006D
:106F500080B582B00190019807F072FE02B080BD4A
:106F600080B584B0029044F60C00C5F602000068BB
:106F700000F004010020B0EB910F13D1FFE744F6BD
:106F80000C00C5F60200006800F007000299884274
:106F900004D0FFE701208DF80F002EE000208DF8CF
:106FA0000F002AE044F60C01C5F60201086820F043
:106FB0000700029A10430860FFF70AFD0190FFE7FF
:106FC00044F60400C5F60200006800F400510020F9
:106FD000B0EB513F0DD1FFE7FFF7FAFC0199401AE2
:106FE000B0F57A7F04D9FFE701208DF80F0004E0A7
:106FF000E6E700208DF80F00FFE79DF80F0004B0D2
:1070000080BD00000000000080B502F0DDFC44F20D
:107010002041C5F602010968C1F3021242F28071F3
:10702000C0F60101895C01F01F01C84080BD00006D
:1070300088B0079044F22840C5F60200016801F0CC
:10704000030106910068C0F30510059044F22C403E
:10705000C5F60200006800F001000490049844F2B4
:107060003441C5F60201096889B2C908484300EEF7
:10707000100AB8EE400A8DED020A0598002800F0CB
:107080001B81FFE70698009048B1FFE700980128B0
:1070900069D0FFE70098022800F08980ABE044F255
:1070A0000040C5F60200006800F020010020B0EBAF
:1070B000511F33D0FFE744F20040C5F602000068DC
:1070C000C0F3C10149F20000C0F2D030C8400390C3
:1070D0009DED030AB8EE400A9DED051AB8EE411A7F
:1070E00080EE010A44F23040C5F6020000686FF3FA
:1070F0005F2001EE100AB8EE411A9DED022A9FEDC5
:10710000743A82EE032A31EE021AB7EE002A31EE0B
:10711000021A20EE010A8DED010A23E09DED050A19
:10712000B8EE401A9FED6C0A80EE010A44F230403E
:10713000C5F6020000686FF35F2001EE100AB8EE9A
:10714000411A9DED022A9FED623A82EE032A31EE4A
:10715000021AB7EE002A31EE021A20EE010A8DED76
:10716000010AFFE76BE09DED050AB8EE401A9FEDBE
:10717000590A80EE010A44F23040C5F60200006868
:107180006FF35F2001EE100AB8EE411A9DED022A5E
:107190009FED4F3A82EE032A31EE021AB7EE002A33
:1071A00031EE021A20EE010A8DED010A47E09DED55
:1071B000050AB8EE401A9FED450A80EE010A44F236
:1071C0003040C5F6020000686FF35F2001EE100A40
:1071D000B8EE411A9DED022A9FED3D3A82EE032A58
:1071E00031EE021AB7EE002A31EE021A20EE010A41
:1071F0008DED010A23E09DED050AB8EE401A9FEDE2
:10720000360A80EE010A44F23040C5F602000068FA
:107210006FF35F2001EE100AB8EE411A9DED022ACD
:107220009FED2B3A82EE032A31EE021AB7EE002AC6
:1072300031EE021A20EE010A8DED010AFFE79DED05
:10724000010A44F23040C5F60200016889B2490AD9
:1072500001EE101AB8EE411AB7EE002A31EE021A0A
:1072600080EE010A0799BCEEC00A81ED000A9DED8F
:10727000010A0168C1F3064101EE101AB8EE411A85
:1072800031EE021A80EE010A0799BCEEC00A81EDC8
:10729000010A9DED010A0068C0F3066001EE100AC4
:1072A000B8EE411A31EE021A80EE010A0798BCEEE0
:1072B000C00A80ED020A07E00799002008600799DC
:1072C000486007998860FFE708B0704720BCBE4B54
:1072D000000000460024744A0024744C00000000A2
:1072E00088B0079044F22840C5F60200016801F01A
:1072F000030106910068C0F30530059044F22C406C
:10730000C5F602000068C0F300100490049844F22F
:107310003C41C5F60201096889B2C908484300EE3C
:10732000100AB8EE400A8DED020A0598002800F018
:107330001B81FFE70698009048B1FFE700980128FD
:1073400069D0FFE70098022800F08980ABE044F2A2
:107350000040C5F60200006800F020010020B0EBFC
:10736000511F33D0FFE744F20040C5F60200006829
:10737000C0F3C10149F20000C0F2D030C840039010
:107380009DED030AB8EE400A9DED051AB8EE411ACC
:1073900080EE010A44F23840C5F6020000686FF33F
:1073A0005F2001EE100AB8EE411A9DED022A9FED12
:1073B000743A82EE032A31EE021AB7EE002A31EE59
:1073C000021A20EE010A8DED010A23E09DED050A67
:1073D000B8EE401A9FED6C0A80EE010A44F2384084
:1073E000C5F6020000686FF35F2001EE100AB8EEE8
:1073F000411A9DED022A9FED623A82EE032A31EE98
:10740000021AB7EE002A31EE021A20EE010A8DEDC3
:10741000010AFFE76BE09DED050AB8EE401A9FED0B
:10742000590A80EE010A44F23840C5F602000068AD
:107430006FF35F2001EE100AB8EE411A9DED022AAB
:107440009FED4F3A82EE032A31EE021AB7EE002A80
:1074500031EE021A20EE010A8DED010A47E09DEDA2
:10746000050AB8EE401A9FED450A80EE010A44F283
:107470003840C5F6020000686FF35F2001EE100A85
:10748000B8EE411A9DED022A9FED3D3A82EE032AA5
:1074900031EE021AB7EE002A31EE021A20EE010A8E
:1074A0008DED010A23E09DED050AB8EE401A9FED2F
:1074B000350A80EE010A44F23840C5F60200006841
:1074C0006FF35F2001EE100AB8EE411A9DED022A1B
:1074D0009FED2B3A82EE032A31EE021AB7EE002A14
:1074E00031EE021A20EE010A8DED010AFFE79DED53
:1074F000010A44F23840C5F60200016889B2490A1F
:1075000001EE101AB8EE411AB7EE002A31EE021A57
:1075100080EE010A0799BCEEC00A81ED000A9DEDDC
:10752000010A0168C1F3064101EE101AB8EE411AD2
:1075300031EE021A80EE010A0799BCEEC00A81ED15
:10754000010A9DED010A0068C0F3066001EE100A11
:10755000B8EE411A31EE021A80EE010A0798BCEE2D
:10756000C00A80ED020A07E0079900200860079929
:10757000486007998860FFE708B0704720BCBE4BA1
:10758000000000460024744A0024744C00000000EF
:1075900088B0079044F22840C5F60200016801F067
:1075A000030106910068C0F30550059044F22C4099
:1075B000C5F602000068C0F300200490049844F26D
:1075C0004441C5F60201096889B2C908484300EE82
:1075D000100AB8EE400A8DED020A0598002800F066
:1075E0001B81FFE70698009048B1FFE7009801284B
:1075F00069D0FFE70098022800F08980ABE044F2F0
:107600000040C5F60200006800F020010020B0EB49
:10761000511F33D0FFE744F20040C5F60200006876
:10762000C0F3C10149F20000C0F2D030C84003905D
:107630009DED030AB8EE400A9DED051AB8EE411A19
:1076400080EE010A44F24040C5F6020000686FF384
:107650005F2001EE100AB8EE411A9DED022A9FED5F
:10766000743A82EE032A31EE021AB7EE002A31EEA6
:10767000021A20EE010A8DED010A23E09DED050AB4
:10768000B8EE401A9FED6C0A80EE010A44F24040C9
:10769000C5F6020000686FF35F2001EE100AB8EE35
:1076A000411A9DED022A9FED623A82EE032A31EEE5
:1076B000021AB7EE002A31EE021A20EE010A8DED11
:1076C000010AFFE76BE09DED050AB8EE401A9FED59
:1076D000590A80EE010A44F24040C5F602000068F3
:1076E0006FF35F2001EE100AB8EE411A9DED022AF9
:1076F0009FED4F3A82EE032A31EE021AB7EE002ACE
:1077000031EE021A20EE010A8DED010A47E09DEDEF
:10771000050AB8EE401A9FED450A80EE010A44F2D0
:107720004040C5F6020000686FF35F2001EE100ACA
:10773000B8EE411A9DED022A9FED3D3A82EE032AF2
:1077400031EE021AB7EE002A31EE021A20EE010ADB
:107750008DED010A23E09DED050AB8EE401A9FED7C
:10776000350A80EE010A44F24040C5F60200006886
:107770006FF35F2001EE100AB8EE411A9DED022A68
:107780009FED2B3A82EE032A31EE021AB7EE002A61
:1077900031EE021A20EE010A8DED010AFFE79DEDA0
:1077A000010A44F24040C5F60200016889B2490A64
:1077B00001EE101AB8EE411AB7EE002A31EE021AA5
:1077C00080EE010A0799BCEEC00A81ED000A9DED2A
:1077D000010A0168C1F3064101EE101AB8EE411A20
:1077E00031EE021A80EE010A0799BCEEC00A81ED63
:1077F000010A9DED010A0068C0F3066001EE100A5F
:10780000B8EE411A31EE021A80EE010A0798BCEE7A
:10781000C00A80ED020A07E0079900200860079976
:10782000486007998860FFE708B0704720BCBE4BEE
:10783000000000460024744A0024744C000000003C
:1078400080B59AB0199118901898199980F48070A1
:107850000843002840F0A880FFE744F25040C5F6F6
:107860000200006800F007000D900D980A900428AF
:1078700000F295800A99DFE801F00316298C3C009C
:1078800044F20040C5F6020000688001002806D5D9
:10789000FFE715A8FFF7CCFB16980E9002E000203A
:1078A0000E90FFE77EE044F20040C5F6020000685B
:1078B0000001002806D5FFE712A8FFF711FD129876
:1078C0000E9002E000200E90FFE76BE044F20040D3
:1078D000C5F6020000688000002806D5FFE70FA863
:1078E000FFF756FE0F980E9002E000200E90FFE783
:1078F00058E044F24C40C5F60200006800F04050E9
:107900000C9044F20040C5F60200006840070028D1
:1079100011D5FFE70C9870B9FFE744F20040C5F6B7
:1079200002000068C0F3C10149F20000C0F2D0308B
:10793000C8400E902CE044F20040C5F602000068FA
:10794000C00500280BD5FFE70C98B0F1805F06D189
:10795000FFE740F60010C0F23D000E9017E044F241
:107960000040C5F602000068800300280BD5FFE741
:107970000C98B0F1005F06D1FFE747F64000C0F277
:107980007D100E9002E000200E90FFE7FFE7FFE77A
:1079900008E048F20000C0F2BB000E9002E00020B8
:1079A0000E90FFE700F06EBD1898199980F40070F2
:1079B0000843002840F0B380FFE744F25040C5F68A
:1079C0000200006800F4E0700D900D98099090B1ED
:1079D000FFE70998402821D0FFE70998802830D098
:1079E000FFE70998C02800F08F80FFE70998B0F5FD
:1079F000807F39D08EE044F20040C5F60200006876
:107A00008001002806D5FFE715A8FFF711FB16989F
:107A10000E9002E000200E90FFE77EE044F200406E
:107A2000C5F6020000680001002806D5FFE712A88D
:107A3000FFF756FC12980E9002E000200E90FFE730
:107A40006BE044F20040C5F60200006880000028A8
:107A500006D5FFE70FA8FFF79BFD0F980E9002E0F9
:107A600000200E90FFE758E044F24C40C5F60200BB
:107A7000006800F040500C9044F20040C5F602004F
:107A800000684007002811D5FFE70C9870B9FFE7A0
:107A900044F20040C5F602000068C0F3C10149F29B
:107AA0000000C0F2D030C8400E902CE044F20040FC
:107AB000C5F602000068C00500280BD5FFE70C984A
:107AC000B0F1805F06D1FFE740F60010C0F23D0044
:107AD0000E9017E044F20040C5F6020000688003F3
:107AE00000280BD5FFE70C98B0F1005F06D1FFE747
:107AF00047F64000C0F27D100E9002E000200E908C
:107B0000FFE7FFE7FFE708E048F20000C0F2BB0034
:107B10000E9002E000200E90FFE700F0B2BC189833
:107B2000199980F480600843002840F0B580FFE791
:107B300044F25840C5F60200006800F460000D9061
:107B40000D980890A8B1FFE70898B0F5001F23D062
:107B5000FFE70898B0F5800F31D0FFE70898B0F53F
:107B6000C00F00F08F80FFE70898B0F5000F39D004
:107B70008EE044F20040C5F6020000688001002853
:107B800006D5FFE715A8FFF753FA16980E9002E006
:107B900000200E90FFE77EE044F20040C5F60200B0
:107BA00000680001002806D5FFE712A8FFF798FB40
:107BB00012980E9002E000200E90FFE76BE044F276
:107BC0000040C5F6020000688000002806D5FFE7E7
:107BD0000FA8FFF7DDFC0F980E9002E000200E903A
:107BE000FFE758E044F24C40C5F60200006800F0A0
:107BF00040500C9044F20040C5F602000068400777
:107C0000002811D5FFE70C9870B9FFE744F2004057
:107C1000C5F602000068C0F3C10149F20000C0F2DD
:107C2000D030C8400E902CE044F20040C5F602006F
:107C30000068C00500280BD5FFE70C98B0F1805F05
:107C400006D1FFE740F60010C0F23D000E9017E0AD
:107C500044F20040C5F602000068800300280BD5FE
:107C6000FFE70C98B0F1005F06D1FFE747F6400050
:107C7000C0F27D100E9002E000200E90FFE7FFE7BB
:107C8000FFE708E048F20000C0F2BB000E9002E0FF
:107C900000200E90FFE7F3E31898199980F4006034
:107CA0000843002840F0B580FFE744F25840C5F68D
:107CB0000200006800F0E0600D900D980790A8B1F8
:107CC000FFE70798B0F1807F23D0FFE70798B0F176
:107CD000007F31D0FFE70798B0F1407F00F08F8040
:107CE000FFE70798B0F1806F39D08EE044F2004092
:107CF000C5F6020000688001002806D5FFE715A838
:107D0000FFF796F916980E9002E000200E90FFE71C
:107D10007EE044F20040C5F6020000680001002841
:107D200006D5FFE712A8FFF7DBFA12980E9002E0E3
:107D300000200E90FFE76BE044F20040C5F6020021
:107D400000688000002806D5FFE70FA8FFF720FC99
:107D50000F980E9002E000200E90FFE758E044F2EA
:107D60004C40C5F60200006800F040500C9044F210
:107D70000040C5F6020000684007002811D5FFE763
:107D80000C9870B9FFE744F20040C5F602000068A5
:107D9000C0F3C10149F20000C0F2D030C8400E90DB
:107DA0002CE044F20040C5F602000068C00500283F
:107DB0000BD5FFE70C98B0F1805F06D1FFE740F6E6
:107DC0000010C0F23D000E9017E044F20040C5F6EE
:107DD00002000068800300280BD5FFE70C98B0F183
:107DE000005F06D1FFE747F64000C0F27D100E901D
:107DF00002E000200E90FFE7FFE7FFE708E048F20F
:107E00000000C0F2BB000E9002E000200E90FFE7E1
:107E100035E31898199980F480500843002840F001
:107E2000B580FFE744F25040C5F60200006800F458
:107E3000E0400B900B980690A8B1FFE70698B0F5CC
:107E4000805F23D0FFE70698B0F5005F31D0FFE7F1
:107E50000698B0F5405F00F08F80FFE70698B0F518
:107E6000804F39D08EE044F20040C5F60200006831
:107E70008001002806D5FFE715A8FFF7D9F8169866
:107E80000E9002E000200E90FFE77EE044F20040FA
:107E9000C5F6020000680001002806D5FFE712A819
:107EA000FFF71EFA12980E9002E000200E90FFE7F6
:107EB0006BE044F20040C5F6020000688000002834
:107EC00006D5FFE70FA8FFF763FB0F980E9002E0BF
:107ED00000200E90FFE758E044F24C40C5F6020047
:107EE000006800F040500C9044F20040C5F60200DB
:107EF00000684007002811D5FFE70C9870B9FFE72C
:107F000044F20040C5F602000068C0F3C10149F226
:107F10000000C0F2D030C8400E902CE044F2004087
:107F2000C5F602000068C00500280BD5FFE70C98D5
:107F3000B0F1805F06D1FFE740F60010C0F23D00CF
:107F40000E9017E044F20040C5F60200006880037E
:107F500000280BD5FFE70C98B0F1005F06D1FFE7D2
:107F600047F64000C0F27D100E9002E000200E9017
:107F7000FFE7FFE7FFE708E048F20000C0F2BB00C0
:107F80000E9002E000200E90FFE777E21898199912
:107F900080F400500843002840F09580FFE744F249
:107FA0005040C5F60200006800F4E0200B900B98EA
:107FB0000590C8B1FFE70598B0F5803F18D0FFE7FE
:107FC0000598B0F5003F26D0FFE70598B0F5403F93
:107FD00034D0FFE70598B0F5802F4AD0FFE7059829
:107FE000B0F5A02F58D06AE001F01AFD0E9069E0BC
:107FF00044F20040C5F6020000680001002806D5E2
:10800000FFE712A8FFF76CF913980E9002E000202A
:108010000E90FFE756E044F20040C5F6020000680B
:108020008000002806D5FFE70FA8FFF7B1FA1098E7
:108030000E9002E000200E90FFE743E044F2004083
:10804000C5F602000068400700280ED5FFE744F29D
:108050000040C5F602000068C0F3C10149F200000B
:10806000C0F2D030C8400E9002E000200E90FFE732
:1080700028E044F20040C5F602000068C005002870
:1080800006D5FFE740F60010C0F23D000E9002E07A
:1080900000200E90FFE715E044F20040C5F6020014
:1080A00000688003002806D5FFE747F64000C0F2CD
:1080B0007D100E9002E000200E90FFE702E000200D
:1080C0000E90FFE7D9E11898199980F40020084331
:1080D000002840F09180FFE744F25840C5F60200C6
:1080E000006800F440300B900B98049050B1FFE70B
:1080F0000498B0F5803F18D0FFE70498B0F5003F32
:1081000026D075E044F20040C5F602000068000188
:10811000002806D5FFE712A8FFF7E2F812980E90A4
:1081200002E000200E90FFE765E044F20040C5F653
:10813000020000688000002806D5FFE70FA8FFF7BF
:1081400027FA11980E9002E000200E90FFE752E00F
:1081500044F24C40C5F60200006800F040500C901C
:1081600044F20040C5F6020000684007002811D51F
:10817000FFE70C9870B9FFE744F20040C5F6020033
:108180000068C0F3C10149F20000C0F2D030C8401D
:108190000E902CE044F20040C5F602000068C005D5
:1081A00000280BD5FFE70C98B0F1805F06D1FFE700
:1081B00040F60010C0F23D000E9017E044F200407F
:1081C000C5F602000068800300280BD5FFE70C9875
:1081D000B0F1005F06D1FFE747F64000C0F27D1026
:1081E0000E9002E000200E90FFE7FFE7FFE702E0BD
:1081F00000200E90FFE73FE11898199980F4803035
:108200000843D8BBFFE744F24C40C5F602000068C3
:1082100000F480300B900B98039028B1FFE703988F
:10822000B0F5803F13D025E044F20040C5F60200CF
:1082300000688001002806D5FFE715A8FEF7F8FEC4
:1082400016980E9002E000200E90FFE715E044F231
:108250000040C5F6020000680001002806D5FFE7CF
:1082600012A8FFF73DF814980E9002E000200E903F
:10827000FFE702E000200E90FFE7FCE01898199954
:1082800080F480400843002840F09580FFE744F2E6
:108290005840C5F60200006800F0E0400B900B98D3
:1082A0000290C8B1FFE70298B0F1805F18D0FFE7F5
:1082B0000298B0F1005F26D0FFE70298B0F1405F6E
:1082C00034D0FFE70298B0F1804F4AD0FFE7029820
:1082D000B0F1A04F58D06AE0FEF796FE0E9069E02C
:1082E00044F20040C5F6020000680001002806D5EF
:1082F000FFE712A8FEF7F4FF13980E9002E00020AB
:108300000E90FFE756E044F20040C5F60200006818
:108310008000002806D5FFE70FA8FFF739F910986D
:108320000E9002E000200E90FFE743E044F2004090
:10833000C5F602000068400700280ED5FFE744F2AA
:108340000040C5F602000068C0F3C10149F2000018
:10835000C0F2D030C8400E9002E000200E90FFE73F
:1083600028E044F20040C5F602000068C00500287D
:1083700006D5FFE740F60010C0F23D000E9002E087
:1083800000200E90FFE715E044F20040C5F6020021
:1083900000688003002806D5FFE747F64000C0F2DA
:1083A0007D100E9002E000200E90FFE702E000201A
:1083B0000E90FFE75EE01898199980F4004008439A
:1083C000002853D1FFE744F25040C5F60200006890
:1083D00000F040500B900B98019050B1FFE70198CE
:1083E000B0F1805F18D0FFE70198B0F1005F26D0B0
:1083F00038E044F20040C5F602000068800300281F
:1084000006D5FFE747F64000C0F27D100E9002E06F
:1084100000200E90FFE728E044F20040C5F602007D
:1084200000688001002806D5FFE715A8FEF700FECA
:1084300016980E9002E000200E90FFE715E044F23F
:108440000040C5F6020000680001002806D5FFE7DD
:1084500012A8FEF745FF13980E9002E000200E9040
:10846000FFE702E000200E90FFE702E000200E9000
:10847000FFE7FFE7FFE7FFE7FFE7FFE7FFE7FFE7CC
:10848000FFE7FFE70E981AB080BD00000000000073
:1084900080B59AB0189000208DF857008DF85600DE
:1084A0001898C0780007002848D5FFE71898806E14
:1084B000149078B1FFE71498B0F5801F13D0FFE750
:1084C0001498B0F5001F16D0FFE71498B0F5401FC0
:1084D00019D019E044F22C41C5F60201086840F4B5
:1084E0000030086014E018980830022104F01CFCE9
:1084F0008DF857000CE018982830022104F0FCFC9D
:108500008DF8570004E003E001208DF85700FFE7E5
:108510009DF8570060B9FFE744F25041C5F60201EB
:10852000086820F44010189A926E1043086004E026
:108530009DF857008DF85600FFE7FFE71898407840
:10854000C007002840D0FFE71898806D13900428DA
:1085500020D81399DFE801F0030C141C1D0044F22D
:108560002C41C5F60201086840F40030086015E0AF
:1085700018980830002104F0D7FB8DF857000DE063
:1085800018982830002104F0B7FC8DF8570005E05A
:1085900004E003E001208DF85700FFE79DF8570045
:1085A00060B9FFE744F25041C5F60201086820F0C7
:1085B0000700189A926D1043086004E09DF8570078
:1085C0008DF85600FFE7FFE71898407880070028ED
:1085D0004BD5FFE71898C06D129088B1FFE712984D
:1085E000402816D0FFE7129880281AD0FFE712988B
:1085F000C0281ED0FFE71298B0F5807F1AD01AE08D
:1086000044F22C41C5F60201086840F400300860CD
:1086100015E018980830002104F086FB8DF857000B
:108620000DE018982830002104F066FC8DF8570002
:1086300005E004E003E001208DF85700FFE79DF816
:10864000570060B9FFE744F25041C5F602010868DF
:1086500020F4E070189AD26D1043086004E09DF891
:1086600057008DF85600FFE7FFE71898407840075D
:10867000002850D5FFE71898D0F8A8001190A0B1B5
:10868000FFE71198B0F5001F18D0FFE71198B0F57B
:10869000800F1BD0FFE71198B0F5C00F1ED0FFE789
:1086A0001198B0F5000F1AD01AE044F22C41C5F62B
:1086B0000201086840F40030086015E0189808309E
:1086C000002104F031FB8DF857000DE01898283098
:1086D000002104F011FC8DF8570005E004E003E0F0
:1086E00001208DF85700FFE79DF8570068B9FFE7B4
:1086F00044F25841C5F60201086820F46000189A57
:10870000D2F8A8201043086004E09DF857008DF8C7
:108710005600FFE7FFE7189840780007002850D57B
:10872000FFE71898D0F8AC001090A0B1FFE71098C0
:10873000B0F1807F18D0FFE71098B0F1007F1BD018
:10874000FFE71098B0F1407F1ED0FFE71098B0F11E
:10875000806F1AD01AE044F22C41C5F60201086875
:1087600040F40030086015E018980830002104F04B
:10877000DBFA8DF857000DE018982830002104F03E
:10878000BBFB8DF8570005E004E003E001208DF805
:108790005700FFE79DF8570068B9FFE744F25841DA
:1087A000C5F60201086820F0E060189AD2F8AC2003
:1087B0001043086004E09DF857008DF85600FFE76D
:1087C000FFE71898C078800700283ED5FFE7189883
:1087D000C06C0F90F0B1FFE70F98102808D0FFE7AA
:1087E0000F9820280DD0FFE70F98302811D012E005
:1087F00044F22C41C5F60201086840F400300860DC
:108800000DE018980830022104F08EFA8DF8570018
:1088100005E004E003E001208DF85700FFE79DF834
:10882000570060B9FFE744F24C41C5F60201086801
:1088300020F03000189AD26C1043086004E09DF8D4
:1088400057008DF85600FFE7FFE718984078C006FC
:1088500000284ED5FFE71898006E0E90A0B1FFE7F4
:108860000E98B0F5805F18D0FFE70E98B0F5005F66
:108870001BD0FFE70E98B0F5405F1ED0FFE70E98C3
:10888000B0F5804F1AD01AE044F22C41C5F602012F
:10889000086840F40030086015E01898083000219E
:1088A00004F042FA8DF857000DE0189828300021A6
:1088B00004F022FB8DF8570005E004E003E00120FE
:1088C0008DF85700FFE79DF8570060B9FFE744F2C5
:1088D0005041C5F60201086820F4E040189A126E73
:1088E0001043086004E09DF857008DF85600FFE73C
:1088F000FFE718984078800600284CD5FFE71898C5
:10890000406E0D90C8B1FFE70D98B0F5803F15D0CF
:10891000FFE70D98B0F5003F18D0FFE70D98B0F5D0
:10892000403F1BD0FFE70D98B0F5802F17D0FFE731
:108930000D98B0F5A02F13D013E016E0189808306A
:10894000012104F0F1F98DF857000EE01898283055
:10895000012104F0D1FA8DF8570006E005E004E0AB
:1089600003E001208DF85700FFE79DF8570060B93C
:10897000FFE744F25041C5F60201086820F4E02008
:10898000189A526E1043086004E09DF857008DF865
:108990005600FFE7FFE718984078400600284ED5BC
:1089A000FFE71898D0F8B0000C90C8B1FFE70C981A
:1089B000B0F1805F15D0FFE70C98B0F1005F18D0E0
:1089C000FFE70C98B0F1405F1BD0FFE70C98B0F1C7
:1089D000804F17D0FFE70C98B0F1A04F13D013E0F1
:1089E00016E018980830012104F09EF98DF8570020
:1089F0000EE018982830012104F07EFA8DF8570017
:108A000006E005E004E003E001208DF85700FFE7F1
:108A10009DF8570068B9FFE744F25841C5F60201D6
:108A2000086820F0E040189AD2F8B020104308609F
:108A300004E09DF857008DF85600FFE7FFE718980F
:108A40004078000600283BD5FFE71898006F0B9090
:108A5000D8B1FFE70B98B0F1805F05D0FFE70B9826
:108A6000B0F1005F09D011E044F22C41C5F60201DB
:108A7000086840F4003008600CE0189808300121C4
:108A800004F052F98DF8570004E003E001208DF85E
:108A90005700FFE79DF8570060B9FFE744F25041E7
:108AA000C5F60201086820F04050189A126F104372
:108AB000086004E09DF857008DF85600FFE7FFE7D7
:108AC0001898C078C007002837D0FFE71898806C46
:108AD0000A90032817D80A99DFE801F014020B1353
:108AE00044F22C41C5F60201086840F400300860E9
:108AF0000DE018980830022104F016F98DF857009F
:108B000005E004E003E001208DF85700FFE79DF841
:108B1000570060B9FFE744F24C41C5F6020108680E
:108B200020F00300189A926C1043086004E09DF84E
:108B300057008DF85600FFE7FFE718988078400649
:108B4000002840F1B480FFE744F60001C5F60201B9
:108B5000086840F480700860FDF73AFF1690FFE760
:108B600044F60000C5F602000068C00500280CD4D9
:108B7000FFE7FDF72DFF1699401A652804D3FFE79C
:108B800003208DF8570000E0EAE79DF85700002821
:108B900040F08780FFE744F27040C5F602000068AD
:108BA00000F440701899D1F8B41001F44071884273
:108BB00013D0FFE744F27041C5F60201086820F4C3
:108BC00040701790086840F480300860086820F40E
:108BD0008030086017980860FFE71898D0F8B40054
:108BE000B0F5807F1FD1FFE7FDF7F2FE1690FFE79B
:108BF00044F27040C5F60200006800F00201002057
:108C0000B0EB510F0ED1FFE7FDF7E2FE1699401AC7
:108C100041F28931884204D3FFE703208DF85700E1
:108C200000E0E5E7FFE79DF85700A0BBFFE7FFE79F
:108C30001898D0F8B40000F44070B0F5407F13D11C
:108C4000FFE744F21041C5F60201086820F47C50A9
:108C5000189AD2F8B4204FF6F043C0F6FF731A40CA
:108C600040EA1210086008E044F21041C5F6020123
:108C7000086820F47C500860FFE71898D0F8B4200A
:108C80006FF31F3244F27041C5F6020108681043C9
:108C90000860FFE704E09DF857008DF85600FFE7F5
:108CA00004E09DF857008DF85600FFE7FFE718989D
:108CB0000068C007002800F04C80FFE71898C06FDC
:108CC000099028282BD80999DFE801F015292929CE
:108CD0002929292916292929292929291E29292922
:108CE00029292929262929292929292927292929F9
:108CF00029292929280016E018980830012104F0B4
:108D000013F88DF857000EE018982830012104F070
:108D1000F3F88DF8570006E005E004E003E00120D9
:108D20008DF85700FFE79DF8570060B9FFE744F260
:108D30005441C5F60201086820F03800189AD26F35
:108D40001043086004E09DF857008DF85600FFE7D7
:108D5000FFE7189800788007002839D5FFE71898B2
:108D6000806F0890052819D80899DFE801F00304FE
:108D70000C14151616E018980830012103F0D4FFE2
:108D80008DF857000EE018982830012104F0B4F84F
:108D90008DF8570006E005E004E003E001208DF8BF
:108DA0005700FFE79DF8570060B9FFE744F25441D0
:108DB000C5F60201086820F00700189A926F104368
:108DC000086004E09DF857008DF85600FFE7FFE7C4
:108DD00018980078400700283BD5FFE71898D0F88E
:108DE00094000790052819D80799DFE801F00304DB
:108DF0000C14151616E018980830012103F094FFA2
:108E00008DF857000EE018982830012104F074F80E
:108E10008DF8570006E005E004E003E001208DF83E
:108E20005700FFE79DF8570068B9FFE744F2584143
:108E3000C5F60201086820F00700189AD2F89420BD
:108E40001043086004E09DF857008DF85600FFE7D6
:108E5000FFE718980078800600284ED5FFE718989D
:108E6000D0F890000690C8B1FFE70698B0F1805F97
:108E700015D0FFE70698B0F1005F18D0FFE706981D
:108E8000B0F1405F1BD0FFE70698B0F1804F17D0DC
:108E9000FFE70698B0F1A04F13D013E016E0189842
:108EA0000830002103F040FF8DF857000EE01898BD
:108EB0002830022104F020F88DF8570006E005E084
:108EC00004E003E001208DF85700FFE79DF857000C
:108ED00068B9FFE744F25441C5F60201086820F082
:108EE000E040189AD2F890201043086004E09DF802
:108EF00057008DF85600FFE7FFE718980078400606
:108F000000284ED5FFE71898D0F89C000590C8B10E
:108F1000FFE70598B0F5806F15D0FFE70598B0F52D
:108F2000006F18D0FFE70598B0F5406F1BD0FFE742
:108F30000598B0F5805F17D0FFE70598B0F5A05F02
:108F400013D013E016E018980830002103F0ECFE6F
:108F50008DF857000EE018982830022103F0CCFF5E
:108F60008DF8570006E005E004E003E001208DF8ED
:108F70005700FFE79DF8570068B9FFE744F25841F2
:108F8000C5F60201086820F4E050189AD2F89C2037
:108F90001043086004E09DF857008DF85600FFE785
:108FA000FFE718980078000600284ED5FFE71898CC
:108FB000D0F8A0000490C8B1FFE70498B0F5005FB6
:108FC00015D0FFE70498B0F5804F18D0FFE704985C
:108FD000B0F5C04F1BD0FFE70498B0F5004F17D095
:108FE000FFE70498B0F5204F13D013E016E018986F
:108FF0000830002103F098FE8DF857000EE0189815
:109000002830022103F078FF8DF8570006E005E0D4
:1090100004E003E001208DF85700FFE79DF85700BA
:1090200068B9FFE744F25841C5F60201086820F428
:109030006040189AD2F8A0201043086004E09DF820
:1090400057008DF85600FFE7FFE7189800780007F3
:10905000002820D5FFE71898D0F88400B0F5805F8D
:109060000CD1FFE718982830022103F045FF20B10A
:10907000FFE701208DF85600FFE7FFE744F2544177
:10908000C5F60201086820F44050189AD2F88420EE
:1090900010430860FFE718980078C006002820D524
:1090A000FFE71898D0F89800B0F5807F0CD1FFE763
:1090B00018982830022103F01FFF20B1FFE701209C
:1090C0008DF85600FFE7FFE744F25841C5F602016C
:1090D000086820F44070189AD2F89820104308606D
:1090E000FFE718988078000700283CD5FFE718981C
:1090F000D0F8A400039050B1FFE70398B0F5803F8B
:109100000DD0FFE70398B0F5003F10D010E018989D
:109110000830002103F008FE8DF857000CE0189885
:109120002830022103F0E8FE8DF8570004E003E048
:1091300001208DF85700FFE79DF8570068B9FFE759
:1091400044F25841C5F60201086820F44030189AEC
:10915000D2F8A4201043086004E09DF857008DF871
:109160005600FFE7FFE718988078400700283FD5B2
:10917000FFE71898D0F888000290B0F5801F0AD059
:10918000FFE70298B0F5001F0ED0FFE70298B0F598
:10919000401F11D011E044F22C41C5F602010868CD
:1091A00040F4003008600CE018982830012103F0EA
:1091B000A3FE8DF8570004E003E001208DF857006E
:1091C000FFE79DF8570068B9FFE744F25441C5F640
:1091D0000201086820F44010189AD2F88820104341
:1091E000086004E09DF857008DF85600FFE7FFE7A0
:1091F00018988078C007A8B3FFE71898006D019011
:1092000028B1FFE70198B0F5803F09D010E044F2A3
:109210002C41C5F60201086840F4003008600BE0FC
:1092200018980830022103F07FFD8DF8570003E005
:1092300001208DF85700FFE79DF8570060B9FFE760
:1092400044F24C41C5F60201086820F48030189AB7
:10925000126D1043086004E09DF857008DF8560029
:10926000FFE7FFE71898C078800600280CD5FFE7D5
:1092700018982830022103F03FFE20B1FFE70120BB
:109280008DF85600FFE7FFE71898807880070028E0
:109290003CD5FFE71898D0F880000090D0B1FFE7E8
:1092A0000098B0F5807F0AD0FFE70098B0F5007F06
:1092B0000ED0FFE70098B0F5407F0AD00BE044F2F3
:1092C0002C41C5F60201086840F40030086006E051
:1092D00005E004E003E001208DF85700FFE79DF86A
:1092E000570068B9FFE744F25441C5F60201086827
:1092F00020F44070189AD2F880201043086004E0EF
:109300009DF857008DF85600FFE7FFE71898807822
:10931000C00600280CD5FFE744F25041C5F6020113
:10932000086820F00040189A526F10430860FFE769
:109330001898C078C00600280DD5FFE744F2104108
:10934000C5F60201086820F48040189AD2F8B820C7
:1093500010430860FFE718988078800600280CD535
:10936000FFE744F25041C5F60201086820F0807022
:10937000189AD26E10430860FFE71898C07840062C
:10938000002811D5FFE7FFE744F21041C5F60201BE
:10939000086820F4004008601898D0F8BC200868DD
:1093A00010430860FFE7FFE71898C0780006002820
:1093B0000CD5FFE744F24C41C5F60201086820F0E5
:1093C0004050189A526D10430860FFE71898807853
:1093D000000600280DD5FFE744F25441C5F602010E
:1093E000086820F44000189AD2F88C2010430860D6
:1093F000FFE718980079C00790B1FFE71898083088
:10940000002103F091FC8DF857009DF8570008B932
:10941000FFE704E09DF857008DF85600FFE7FFE7EF
:10942000189800798007002812D5FFE718980830AF
:10943000012103F079FC8DF857009DF8570008B919
:10944000FFE704E09DF857008DF85600FFE7FFE7BF
:10945000189800794007002812D5FFE718980830BF
:10946000022103F061FC8DF857009DF8570008B900
:10947000FFE704E09DF857008DF85600FFE7FFE78F
:10948000189800790007002812D5FFE718982830AF
:10949000002103F031FD8DF857009DF8570008B901
:1094A000FFE704E09DF857008DF85600FFE7FFE75F
:1094B00018980079C006002812D5FFE718982830C0
:1094C000012103F019FD8DF857009DF8570008B9E8
:1094D000FFE704E09DF857008DF85600FFE7FFE72F
:1094E000189800798006002812D5FFE718982830D0
:1094F000022103F001FD8DF857009DF8570008B9CF
:10950000FFE704E09DF857008DF85600FFE7FFE7FE
:109510009DF8560020B9FFE700208DF8670003E0B2
:1095200001208DF86700FFE79DF867001AB080BD45
:1095300080B586B004900391049820B9FFE701201C
:109540008DF817003CE2039842F20001C5F20021B9
:10955000096801F00F01884216D9FFE742F20000C6
:10956000C5F20020016821F00F01039A1143016048
:10957000006800F00F000399884204D0FFE7012043
:109580008DF817001CE2FFE70498007840070028D8
:1095900019D5FFE70498006944F21841C5F60201A5
:1095A000096801F0700188420CD9FFE744F21841C4
:1095B000C5F60201086820F07000049A1269104391
:1095C0000860FFE7FFE7049800780007002819D536
:1095D000FFE70498406944F21C41C5F6020109689E
:1095E00001F0700188420CD9FFE744F21C41C5F636
:1095F0000201086820F07000049A52691043086064
:10960000FFE7FFE704980078C006002819D5FFE7B8
:109610000498806944F21C41C5F60201096801F40E
:10962000E06188420CD9FFE744F21C41C5F6020113
:10963000086820F4E060049A926910430860FFE72C
:10964000FFE7049800788006002819D5FFE7049802
:10965000C06944F22041C5F60201096801F07001B9
:1096600088420CD9FFE744F22041C5F602010868A0
:1096700020F07000049AD26910430860FFE7FFE70A
:10968000049800788007002819D5FFE70498C0687F
:1096900044F21841C5F60201096801F00F01884241
:1096A0000CD9FFE744F21841C5F60201086820F022
:1096B0000F00049AD26810430860FFE7FFE70498A0
:1096C0000078C007002800F08C80FFE744F21841C2
:1096D000C5F60201086820F47060049A926810438D
:1096E000086004984068022811D1FFE744F2004066
:1096F000C5F60200006800F400310020B0EB514FC5
:1097000004D1FFE701208DF8170059E13EE00498ED
:109710004068032811D1FFE744F20040C5F602007B
:10972000006800F000710020B0EB516F04D1FFE73A
:1097300001208DF8170043E127E0049840680128D4
:1097400011D1FFE744F20040C5F60200006800F4C2
:1097500080710020B0EB112F04D1FFE701208DF8BC
:1097600017002DE110E044F20040C5F60200006849
:1097700000F004010020B0EB910F04D1FFE70120BD
:109780008DF817001CE1FFE7FFE7FFE744F2104107
:10979000C5F60201086820F00700049A52681043D9
:1097A0000860FDF715F90190FFE744F21040C5F697
:1097B0000200006800F0380004994968B0EBC10F5E
:1097C0000ED0FFE7FDF704F90199401A41F2893103
:1097D000884204D3FFE703208DF81700F0E0E4E7A8
:1097E000FFE7049800788007002819D5FFE7049860
:1097F000C06844F21841C5F60201096801F00F0182
:1098000088420CD2FFE744F21841C5F6020108680D
:1098100020F00F00049AD26810430860FFE7FFE7CA
:10982000039842F20001C5F20021096801F00F011E
:10983000884216D2FFE742F20000C5F2002001681C
:1098400021F00F01039A11430160006800F00F003E
:109850000399884204D0FFE701208DF81700AFE09C
:10986000FFE7049800784007002819D5FFE704981F
:10987000006944F21841C5F60201096801F070015F
:1098800088420CD2FFE744F21841C5F6020108688D
:1098900020F07000049A126910430860FFE7FFE7A8
:1098A000049800780007002819D5FFE7049840695C
:1098B00044F21C41C5F60201096801F070018842BA
:1098C0000CD2FFE744F21C41C5F60201086820F003
:1098D0007000049A526910430860FFE7FFE704989C
:1098E0000078C006002819D5FFE70498806944F283
:1098F0001C41C5F60201096801F4E06188420CD2FE
:10990000FFE744F21C41C5F60201086820F4E0605C
:10991000049A926910430860FFE7FFE70498007813
:109920008006002819D5FFE70498C06944F2204159
:10993000C5F60201096801F0700188420CD2FFE708
:1099400044F22041C5F60201086820F07000049A34
:10995000D26910430860FFE7FFE700F089F844F29E
:109960001842C5F602021168C1F3032342F2807166
:10997000C0F60101CB5C03F01F03D84000900098B3
:10998000126802F00F02895C01F01F01C84040F22A
:109990001001C2F200410860009840F20C01C2F2CE
:1099A0000041086040F22C00C2F200400068FDF760
:1099B000E7F98DF80B009DF80B008DF81700FFE715
:1099C0009DF8170006B080BD80B582B000F050F859
:1099D00044F21842C5F602021168C1F3032342F2B1
:1099E0008071C0F60101CB5C03F01F03D8400190E9
:1099F0000198126802F00F02895C01F01F0120FA41
:109A000001F140F21000C2F200400160019940F201
:109A10000C02C2F200421160006802B080BD00007A
:109A200080B5FFF7D1FF44F21C41C5F60201096879
:109A3000C1F3021242F28071C0F60101895C01F0AB
:109A40001F01C84080BD000080B5FFF7BDFF44F294
:109A50001C41C5F602010968C1F3022242F280717D
:109A6000C0F60101895C01F01F01C84080BD000003
:109A70008AB044F21040C5F60200006800F03800D9
:109A800001460191182800F269810199DFE811F07F
:109A900019006601660166016601660166016601DC
:109AA0003A006601660166016601660166016601AB
:109AB0004000660166016601660166016601660195
:109AC000460044F20040C5F60200006800F02001A4
:109AD0000020B0EB511F0ED0FFE744F20040C5F666
:109AE00002000068C0F3C10149F20000C0F2D030AA
:109AF000C840029005E049F20000C0F2D030029068
:109B0000FFE731E140F60010C0F23D0002902BE18A
:109B100047F64000C0F27D10029025E144F2284053
:109B2000C5F60200016801F0030108910068C0F366
:109B30000510079044F22C40C5F60200006800F0C2
:109B400001000690069844F23441C5F60201096806
:109B500089B2C908484300EE100AB8EE400A8DEDFC
:109B6000040A0798002800F0F580FFE708980090A5
:109B700048B1FFE70098012869D0FFE70098022864
:109B800000F08980ABE044F20040C5F602000068B6
:109B900000F020010020B0EB511F33D0FFE744F26A
:109BA0000040C5F602000068C0F3C10149F20000A0
:109BB000C0F2D030C84005909DED050AB8EE400ACD
:109BC0009DED071AB8EE411A80EE010A44F23040CA
:109BD000C5F6020000686FF35F2001EE100AB8EED0
:109BE000411A9DED042A9FED633A82EE032A31EE7D
:109BF000021AB7EE002A31EE021A20EE010A8DEDAC
:109C0000030A23E09DED070AB8EE401A9FED5B0AB8
:109C100080EE010A44F23040C5F6020000686FF39E
:109C20005F2001EE100AB8EE411A9DED042A9FED67
:109C3000513A82EE032A31EE021AB7EE002A31EED3
:109C4000021A20EE010A8DED030AFFE76BE09DED9D
:109C5000070AB8EE401A9FED480A80EE010A44F266
:109C60003040C5F6020000686FF35F2001EE100A75
:109C7000B8EE411A9DED042A9FED3E3A82EE032A8A
:109C800031EE021AB7EE002A31EE021A20EE010A76
:109C90008DED030A47E09DED070AB8EE401A9FEDEF
:109CA000340A80EE010A44F23040C5F60200006832
:109CB0006FF35F2001EE100AB8EE411A9DED042A01
:109CC0009FED2C3A82EE032A31EE021AB7EE002AFB
:109CD00031EE021A20EE010A8DED030A23E09DED1C
:109CE000070AB8EE401A9FED240A80EE010A44F2FA
:109CF0003040C5F6020000686FF35F2001EE100AE5
:109D0000B8EE411A9DED042A9FED1A3A82EE032A1D
:109D100031EE021AB7EE002A31EE021A20EE010AE5
:109D20008DED030AFFE744F23040C5F602000068FB
:109D300081B2012000EB512009909DED030A9DEDB9
:109D4000091AB8EE411A80EE010ABCEEC00A8DED88
:109D5000020A02E000200290FFE705E040F6001052
:109D6000C0F23D000290FFE702980AB0704700BFC2
:109D700020BCBE4B000000460024744A0024744CF2
:109D800080B58CB00A900A9828B9FFE701208DF8B9
:109D90002F0000F09DBD0A980078C007002800F051
:109DA000B980FFE744F21040C5F60200006800F0F9
:109DB0003800069044F22840C5F60200006805907D
:109DC000069810280AD0FFE7069818281CD1FFE74C
:109DD000059800F00300022816D1FFE744F2004086
:109DE000C5F60200006800F400310020B0EB514FCE
:109DF00009D0FFE70A98406828B9FFE701208DF8ED
:109E00002F0000F065BD84E0FFE70A984068B0F5D8
:109E1000803F09D1FFE744F20041C5F6020108681E
:109E200040F48030086032E00A98406868B9FFE783
:109E300044F20041C5F60201086820F48030086051
:109E4000086820F48020086020E00A984068B0F597
:109E5000A02F0DD1FFE744F20041C5F602010868CA
:109E600040F480200860086840F4803008600CE00E
:109E700044F20041C5F60201086820F48030086011
:109E8000086820F480200860FFE7FFE7FFE7FFE7AE
:109E90000A984068F0B1FFE7FCF79AFD0990FFE7E8
:109EA00044F20040C5F60200006800F400310020D2
:109EB000B0EB514F0DD1FFE7FCF78AFD0999401A2D
:109EC000652805D3FFE703208DF82F0000F000BDC3
:109ED000E6E71DE0FCF77CFD0990FFE744F2004057
:109EE000C5F60200006800F400310020B0EB514FCD
:109EF0000DD0FFE7FCF76CFD0999401A652805D3E2
:109F0000FFE703208DF82F0000F0E2BCE6E7FFE753
:109F1000FFE7FFE70A9800788007002840F11681E4
:109F2000FFE744F21040C5F60200006800F0380078
:109F3000049044F22840C5F602000068039004989B
:109F400050B1FFE70498182878D1FFE79DF80C007E
:109F50008007002872D1FFE744F20040C5F60200F6
:109F6000006800F004010020B0EB910F09D0FFE77A
:109F70000A98C06828B9FFE701208DF82F0000F08B
:109F8000A7BC44F20041C5F60201086820F01900A0
:109F90000A9AD26810430860FCF71AFD0990FFE79F
:109FA00044F20040C5F60200006800F00401002001
:109FB000B0EB910F0DD1FFE7FCF70AFD0999401AAC
:109FC000032805D3FFE703208DF82F0000F080BCA5
:109FD000E6E7FFE7FCF7F4FC41F2030188421DD8F5
:109FE000FFE70A98006940280AD1FFE744F20441DC
:109FF000C5F602010868202262F3113008600CE007
:10A0000044F20441C5F60201086820F47C300A9A43
:10A01000126940EA02300860FFE70CE044F20441B4
:10A02000C5F60201086820F0FE400A9A126940EA6B
:10A0300002600860FFE7FFE7FFE786E00A98C06874
:10A0400000285CD0FFE744F20041C5F60201086831
:10A0500020F019000A9AD26810430860FCF7B8FC97
:10A060000990FFE744F20040C5F60200006800F0E6
:10A0700004010020B0EB910F0DD1FFE7FCF7A8FC25
:10A080000999401A032805D3FFE703208DF82F0014
:10A0900000F01EBCE6E7FFE7FCF792FC41F203018B
:10A0A00088421DD8FFE70A98006940280AD1FFE7D7
:10A0B00044F20441C5F602010868202262F311301F
:10A0C00008600CE044F20441C5F60201086820F47F
:10A0D0007C300A9A126940EA02300860FFE70CE01F
:10A0E00044F20441C5F60201086820F0FE400A9AD5
:10A0F000126940EA02600860FFE7FFE724E044F2EB
:10A100000041C5F60201086820F001000860FCF774
:10A110005FFC0990FFE744F20040C5F602000068CA
:10A1200000F004010020B0EB910F0CD0FFE7FCF72A
:10A130004FFC0999401A032804D3FFE703208DF848
:10A140002F00C5E3E7E7FFE7FFE7FFE70A9800789E
:10A15000C006002840F1EB80FFE744F21040C5F64E
:10A160000200006800F03800029044F22840C5F672
:10A17000020000680190029808280AD0FFE70298C0
:10A18000182850D1FFE7019800F0030001284AD1B8
:10A19000FFE744F20040C5F60200006800F4807159
:10A1A0000020B0EB112F09D0FFE70A98C069802882
:10A1B00004D0FFE701208DF82F0089E3FFE7FCF7CB
:10A1C000FFFB41F2030188421DD8FFE70A98006AAD
:10A1D00020280AD1FFE744F20441C5F602010868CD
:10A1E000102262F39E6008600CE044F20441C5F660
:10A1F0000201086820F0F8400A9A126A40EA826078
:10A200000860FFE70CE044F20C41C5F60201086863
:10A2100020F07C500A9A126A40EA02600860FFE768
:10A22000FFE7FFE782E00A98C069002858D0FFE7FF
:10A2300044F20041C5F60201086840F08000086061
:10A24000FCF7C6FB0990FFE744F20040C5F60200A8
:10A25000006800F480710020B0EB112F0CD1FFE7F3
:10A26000FCF7B6FB0999401A032804D3FFE7032043
:10A270008DF82F002CE3E7E7FFE7FCF7A1FB41F2A5
:10A28000030188421DD8FFE70A98006A20280AD1F6
:10A29000FFE744F20441C5F602010868102262F3A8
:10A2A0009E6008600CE044F20441C5F602010868B3
:10A2B00020F0F8400A9A126A40EA82600860FFE7DC
:10A2C0000CE044F20C41C5F60201086820F07C5015
:10A2D0000A9A126A40EA02600860FFE7FFE724E09A
:10A2E00044F20041C5F60201086820F080000860D1
:10A2F000FCF76EFB0990FFE744F20040C5F6020050
:10A30000006800F480710020B0EB112F0CD0FFE743
:10A31000FCF75EFB0999401A032804D3FFE70320EA
:10A320008DF82F00D4E2E7E7FFE7FFE7FFE70A98A1
:10A330000078000700284FD5FFE70A98406928B346
:10A34000FFE744F27441C5F60201086840F00100DD
:10A350000860FCF73DFB0990FFE744F27440C5F646
:10A360000200006800F002010020B0EB510F0CD198
:10A37000FFE7FCF72DFB0999401A032804D3FFE7F8
:10A3800003208DF82F00A3E2E7E724E044F27441B4
:10A39000C5F60201086820F001000860FCF718FB10
:10A3A0000990FFE744F27440C5F60200006800F02F
:10A3B00002010020B0EB510F0CD0FFE7FCF708FBC7
:10A3C0000999401A032804D3FFE703208DF82F00D2
:10A3D0007EE2E7E7FFE7FFE70A98007880060028BB
:10A3E0004FD5FFE70A98806928B3FFE744F20041A0
:10A3F000C5F60201086840F480500860FCF7E8FAEE
:10A400000990FFE744F20040C5F60200006800F43E
:10A4100000510020B0EB513F0CD1FFE7FCF7D8FA18
:10A420000999401A032804D3FFE703208DF82F0071
:10A430004EE2E7E724E044F20041C5F60201086875
:10A4400020F480500860FCF7C3FA0990FFE744F25B
:10A450000040C5F60200006800F400510020B0EB97
:10A46000513F0CD0FFE7FCF7B3FA0999401A0328D3
:10A4700004D3FFE703208DF82F0029E2E7E7FFE789
:10A48000FFE70A9800784007002840F1A780FFE71F
:10A4900044F60001C5F60201086840F480700860C7
:10A4A000FCF796FA0990FFE744F60000C5F60200B3
:10A4B0000068C00500280CD4FFE7FCF789FA099969
:10A4C000401A652804D3FFE703208DF82F00FFE131
:10A4D000EAE7FFE70A988068012809D1FFE744F21C
:10A4E0007041C5F60201086840F00100086031E0E3
:10A4F0000A98806868B9FFE744F27041C5F6020126
:10A50000086820F001000860086820F00400086076
:10A510001FE00A98806805280DD1FFE744F27041DA
:10A52000C5F60201086840F004000860086840F0C1
:10A53000010008600CE044F27041C5F602010868B1
:10A5400020F001000860086820F004000860FFE7C0
:10A55000FFE7FFE7FFE70A988068F8B1FFE7FCF73D
:10A5600037FA0990FFE744F27040C5F60200006830
:10A5700000F002010020B0EB510F0ED1FFE7FCF715
:10A5800027FA0999401A41F28931884204D3FFE73A
:10A5900003208DF82F009BE1E5E71EE0FCF718FA99
:10A5A0000990FFE744F27040C5F60200006800F031
:10A5B00002010020B0EB510F0ED0FFE7FCF708FAC4
:10A5C0000999401A41F28931884204D3FFE70320F8
:10A5D0008DF82F007CE1E5E7FFE7FFE70A98406A86
:10A5E000002800F07181FFE744F21040C5F6020038
:10A5F000006800F03800182800F0E080FFE70A98B3
:10A60000406A022840F0B480FFE744F20041C5F6FA
:10A610000201086820F080700860FCF7D9F9099001
:10A62000FFE744F20040C5F60200006800F0007148
:10A630000020B0EB516F0CD0FFE7FCF7C9F9099986
:10A64000401A032804D3FFE703208DF82F003FE1D1
:10A65000E7E7FFE744F22841C5F60201086840F247
:10A66000F33290430A9B9A6ADB6A42EA0312104370
:10A6700008600A99086BD1F834C08B6BCA6B01383B
:10A680006FF35F204FF60061CFF6FF7101EB4C21B5
:10A6900089B208440021CFF6FF7101EB034101F4B8
:10A6A000FE0108444FF07F4101EB026101F0FE41E1
:10A6B000084444F23041C5F602010860FFE744F265
:10A6C0002C41C5F602010091086820F001000860E5
:10A6D00044F23442C5F6020210684FF6F87398430C
:10A6E0000A9B9B6C40EAC3001060086820F00C00D5
:10A6F0000A9A126C10430860086820F002000A9A57
:10A70000526C10430860086840F4803008600868A4
:10A7100040F400300860086840F480200860086851
:10A7200040F00100086044F20041C5F602010868EB
:10A7300040F080700860FCF74BF90990FFE744F2A5
:10A740000040C5F60200006800F000710020B0EB88
:10A75000516F0CD1FFE7FCF73BF90999401A032828
:10A7600004D3FFE703208DF82F00B1E0E7E724E0F2
:10A7700044F20041C5F60201086820F080700860CC
:10A78000FCF726F90990FFE744F20040C5F6020005
:10A79000006800F000710020B0EB516F0CD0FFE7B3
:10A7A000FCF716F90999401A032804D3FFE70320A0
:10A7B0008DF82F008CE0E7E7FFE784E044F22840C3
:10A7C000C5F602000068089044F23040C5F6020069
:10A7D000006807900A98406A012837D0FFE7089878
:10A7E00000F003000A99896A88422FD1FFE7089890
:10A7F00000F47C710A98C06AB0EB111F26D1FFE704
:10A8000007986FF35F200A99096B013988421DD1BF
:10A81000FFE7BDF81C100A98406B0138B0EB512FD0
:10A8200014D1FFE7079800F4FE010A98806B013805
:10A83000B0EB114F0AD1FFE7079800F0FE410A98EC
:10A84000C06B0138B0EB116F04D0FFE701208DF829
:10A850002F003DE044F23440C5F60200006880B2AB
:10A86000C00808900A98806C0899884229D0FFE7B0
:10A8700044F22C41C5F60201086820F0010008608E
:10A88000FCF7A6F80990FFE7FCF7A2F80999401A2F
:10A8900008B9FFE7F8E744F23441C5F60201086859
:10A8A0004FF6F87290430A9A926C40EAC200086030
:10A8B00044F22C41C5F60201086840F0010008602E
:10A8C000FFE7FFE7FFE7FFE700208DF82F00FFE736
:10A8D0009DF82F000CB080BD80B582B0019001982A
:10A8E00002F0F6FB02B080BD81B0009001B070476D
:10A8F00081B0009001B0704781B0009001B0704706
:10A9000085B003900291FFE7039890F83C0001287E
:10A9100004D1FFE702208DF8130099E0039901208C
:10A9200081F83C00FFE7FFE70399022081F83D0032
:10A930000398006840680190039800688068009060
:10A94000039800680021C4F20101884209D0FFE7A2
:10A950000398006840F20041C4F2010188420AD124
:10A96000FFE7019820F47000019002984168019877
:10A9700008430190FFE7019820F0700001900298D1
:10A98000016801980843019001980399096848609B
:10A99000039800680021C4F2010188423CD0FFE71F
:10A9A00003980068B0F1804F36D0FFE70398006845
:10A9B00040F20041C4F2000188422DD0FFE7039825
:10A9C000006840F60001C4F20001884224D0FFE78D
:10A9D0000398006840F60041C4F2000188421BD091
:10A9E000FFE70398006840F20041C4F20101884289
:10A9F00012D0FFE70398006841F60001C4F200019D
:10AA0000884209D0FFE70398006844F20001C4F2CD
:10AA1000010188420ED1FFE7009820F080000090ED
:10AA2000029881680098084300900098039909688B
:10AA30008860FFE70399012081F83D00FFE7039953
:10AA4000002081F83C00FFE700208DF81300FFE7AD
:10AA50009DF8130005B0704780B582B00090009853
:10AA600020B9FFE701208DF8070045E0009890F835
:10AA70003D0040B9FFE70099002081F83C000098B4
:10AA800000F03EF8FFE70099022081F83D000099B0
:10AA900051F8040B02F098FC0099012081F848005D
:10AAA000FFE70099012081F83E00009981F83F00FE
:10AAB000009981F84000009981F84100009981F8DF
:10AAC0004200009981F84300FFE7FFE70099012069
:10AAD00081F84400009981F84500009981F846000A
:10AAE000009981F84700FFE70099012081F83D00B7
:10AAF00000208DF80700FFE79DF8070002B080BD39
:10AB000080B586B0059005980068B0F1804F10D1EF
:10AB1000FFE7FFE744F2E840C5F60200016841F0B4
:10AB200001010160006800F0010004900498FFE753
:10AB300045E00598006840F20041C4F200018842F7
:10AB400019D1FFE7FFE744F2E840C5F602000168CB
:10AB500041F002010160006800F0020003900398D8
:10AB6000FFE71D20019000221146FCF7D9F901985A
:10AB7000FCF7CAF922E00598006841F20041C4F2EE
:10AB80000001884219D1FFE7FFE744F2E840C5F62B
:10AB90000200016841F020010160006800F020001F
:10ABA00002900298FFE73720009000221146FCF740
:10ABB000B7F90098FCF7A8F9FFE7FFE7FFE706B051
:10ABC00080BD00000000000083B00190019890F863
:10ABD0003D00012804D0FFE701208DF80B006BE059
:10ABE0000199022081F83D00019800680021C4F21B
:10ABF000010188423CD0FFE701980068B0F1804F26
:10AC000036D0FFE70198006840F20041C4F200012D
:10AC100088422DD0FFE70198006840F60001C4F299
:10AC20000001884224D0FFE70198006840F6004107
:10AC3000C4F2000188421BD0FFE70198006840F28F
:10AC40000041C4F20101884212D0FFE70198006878
:10AC500041F60001C4F20001884209D0FFE70198E3
:10AC6000006844F20001C4F20101884219D1FFE7F3
:10AC70000198006880680721C0F201010840009037
:10AC8000009806280CD0FFE70098B0F5803F07D069
:10AC9000FFE701980168086840F001000860FFE7DD
:10ACA00006E001980168086840F001000860FFE7CD
:10ACB00000208DF80B00FFE79DF80B0003B07047F4
:10ACC00083B00190019890F83D00012804D0FFE77F
:10ACD00001208DF80B0071E00199022081F83D0000
:10ACE00001980168C86840F00100C86001980068D8
:10ACF0000021C4F2010188423CD0FFE701980068BE
:10AD0000B0F1804F36D0FFE70198006840F2004173
:10AD1000C4F2000188422DD0FFE70198006840F698
:10AD20000001C4F20001884224D0FFE701980068C6
:10AD300040F60041C4F2000188421BD0FFE70198B1
:10AD4000006840F20041C4F20101884212D0FFE7DE
:10AD50000198006841F60001C4F20001884209D060
:10AD6000FFE70198006844F20001C4F20101884243
:10AD700019D1FFE70198006880680721C0F201013E
:10AD800008400090009806280CD0FFE70098B0F526
:10AD9000803F07D0FFE701980168086840F0010094
:10ADA0000860FFE706E001980168086840F00100CC
:10ADB0000860FFE700208DF80B00FFE79DF80B000F
:10ADC00003B070470000000081B000900098016857
:10ADD000C86820F00100C860FFE700980068006ABA
:10ADE00041F21111084210D1FFE700980068006A93
:10ADF00040F24441084207D1FFE700980168086823
:10AE000020F001000860FFE7FFE7FFE7009901205D
:10AE100081F83D00002001B07047000000000000F4
:10AE200080B586B00490039100208DF80B00FFE7F9
:10AE3000049890F83C00012804D1FFE702208DF827
:10AE40001700D1E00499012081F83C00FFE7FFE7FB
:10AE50000499022081F83D00049800688068019000
:10AE600001984FF68871CFF6CE7108400190019895
:10AE700020F47F4001900198049909688860039844
:10AE800000680090002800F09580FFE700981028E7
:10AE900000F09080FFE70098202800F08B80FFE70B
:10AEA0000098302800F08680FFE70098402874D092
:10AEB000FFE70098502856D0FFE7009860285FD041
:10AEC000FFE7009870282AD0FFE70098B0F5805F70
:10AED00024D0FFE70098B0F5005F35D0FFE7009879
:10AEE000B0F5801F66D0FFE70098B0F1101F61D069
:10AEF000FFE700982021C0F2100188425AD0FFE7F6
:10AF000000983021C0F21001884253D0FFE700982A
:10AF10004021C0F2100188424CD052E055E0049824
:10AF20000068039B5A689968DB6802F021FB04986B
:10AF3000006880680190019840F0770001900198C6
:10AF400004990968886040E004980068039B5A6887
:10AF50009968DB6802F00CFB04980168886840F48B
:10AF60008040886031E004980068039A5168D26894
:10AF700002F08EFE04980068502102F015FB24E0D8
:10AF800004980068039A5168D26802F0A9FE0498F8
:10AF90000068602102F008FB17E004980068039A3B
:10AFA0005168D26802F074FE04980068402102F0F3
:10AFB000FBFA0AE0049800680399096802F0F4FAC1
:10AFC00003E001208DF80B00FFE70499012081F8D0
:10AFD0003D00FFE70499002081F83C00FFE79DF861
:10AFE0000B008DF81700FFE79DF8170006B080BD35
:10AFF00081B0009001B0704780B584B00390039891
:10B000000068C068029003980068006901909DF88C
:10B0100004008007002824D5FFE79DF8080080077A
:10B0200000281DD5FFE7039801686FF00200086152
:10B03000039901200877039800688069800720B190
:10B04000FFE70398FFF7D4FF06E0039800F060F9EC
:10B05000039800F0B9F9FFE7039900200877FFE7AC
:10B06000FFE79DF804004007002825D5FFE79DF87D
:10B070000800400700281ED5FFE7039801686FF01D
:10B08000040008610399022008770398006880692A
:10B0900010F4407F04D0FFE70398FFF7A9FF06E014
:10B0A000039800F035F9039800F08EF9FFE7039953
:10B0B00000200877FFE7FFE79DF80400000700285D
:10B0C00024D5FFE79DF80800000700281DD5FFE7FD
:10B0D000039801686FF0080008610399042008775D
:10B0E00003980068C069800720B1FFE70398FFF765
:10B0F0007FFF06E0039800F00BF9039800F064F975
:10B10000FFE7039900200877FFE7FFE79DF80400B9
:10B11000C006002825D5FFE79DF80800C0060028D6
:10B120001ED5FFE7039801686FF0100008610399CE
:10B130000820087703980068C06910F4407F04D0A5
:10B14000FFE70398FFF754FF06E0039800F0E0F8EC
:10B15000039800F039F9FFE7039900200877FFE72B
:10B16000FFE79DF80400C00778B1FFE79DF80800ED
:10B17000C00748B1FFE7039801686FF0010008615C
:10B18000039800F025F9FFE7FFE7019800F0800041
:10B19000802806D0FFE79DF805008006002810D51E
:10B1A000FFE79DF808000006002809D5FFE703988F
:10B1B00001686FF4025008610398FFF799FBFFE7FD
:10B1C000FFE79DF80500C00780B1FFE79DF8080084
:10B1D0000006002809D5FFE7039801686FF4807026
:10B1E00008610398FFF780FBFFE7FFE79DF8040085
:10B1F0004006002810D5FFE79DF80800400600280B
:10B2000009D5FFE7039801686FF0400008610398D3
:10B2100000F0C2F9FFE7FFE79DF804008006002870
:10B2200010D5FFE79DF808008006002809D5FFE744
:10B23000039801686FF0200008610398FFF75CFB3A
:10B24000FFE7FFE704B080BD80B586B004900391AE
:10B25000029200208DF80700FFE7049890F83C0068
:10B26000012804D1FFE702208DF817004AE0049975
:10B27000012081F83C00FFE7FFE7029800901428C6
:10B2800031D80099DFE801F00B2F2F2F112F2F2F2E
:10B29000172F2F2F1D2F2F2F232F2F2F29000498EB
:10B2A0000068039902F098F921E004980068039976
:10B2B00002F03AFA1BE004980068039902F0ECFAF5
:10B2C00015E004980068039902F09EFB0FE00498D3
:10B2D0000068039902F008FC09E0049800680399EB
:10B2E00002F06AFC03E001208DF80700FFE7FFE7AA
:10B2F0000499002081F83C00FFE79DF807008DF8D5
:10B300001700FFE79DF8170006B080BD00000000A1
:10B3100081B0009001B0704780B582B00090009875
:10B3200020B9FFE701208DF8070045E0009890F86C
:10B330003D0040B9FFE70099002081F83C000098EB
:10B3400000F03EF8FFE70099022081F83D000099E7
:10B3500051F8040B02F038F80099012081F84800F8
:10B36000FFE70099012081F83E00009981F83F0035
:10B37000009981F84000009981F84100009981F816
:10B380004200009981F84300FFE7FFE700990120A0
:10B3900081F84400009981F84500009981F8460041
:10B3A000009981F84700FFE70099012081F83D00EE
:10B3B00000208DF80700FFE79DF8070002B080BD70
:10B3C00081B0009001B0704781B0009001B070472B
:10B3D00080B586B005900598006840F20041C4F23F
:10B3E000000188426FD1FFE74CF23450C2F20140B5
:10B3F0000078012866D1FFE74CF23850C2F20140D4
:10B4000006F096FB48F27000C2F20040029001681C
:10B4100046F23A00C2F2004030F9110006F044FB57
:10B420004CF25450C2F20140019090ED010A06F036
:10B43000E3FA019890ED020A06F0DEFA019890ED29
:10B44000030A06F0D9FA019890ED040A06F0D4FA3E
:10B4500040F23400C2F2004090ED000A06F0CCFA4F
:10B4600044F27C00C2F2014090ED000A06F0C4FAFA
:10B470000298016801310160006840F22801C2F2BF
:10B4800000410988013988420CDBFFE748F270016E
:10B49000C2F20041002008604CF23451C2F2014176
:10B4A0000870FFE705F060FB024644F29C40C2F2E0
:10B4B00001404CF23851C2F201414FF0FF3300F02D
:10B4C00083FEFFE7FFE70598006841F20041C4F200
:10B4D000000188425CD1FFE744F2BC30C2F2014077
:10B4E000FFF772FC40F23800C2F200404FF4805186
:10B4F00005F076FB4CF23651C2F201410880002083
:10B500000490FFE7049840F22801C2F20041098844
:10B51000884218DAFFE74CF23650C2F20140008848
:10B52000049A811840F23800C2F2004030F811004D
:10B5300046F23A01C2F2004121F81200FFE70498F6
:10B5400001300490DEE700200390FFE7039840F20B
:10B550002801C2F200410988884212DAFFE7039904
:10B5600046F23A00C2F2004030F8111044F2507036
:10B57000C0F6010006F0FAFAFFE7039801300390E5
:10B58000E4E74CF23451C2F2014101200870FFE7B8
:10B5900006B080BD0000000081B0009001B070478F
:10B5A00083B00190FFE7019890F88400012804D14E
:10B5B000FFE702208DF80B002CE00199012081F8B3
:10B5C0008400FFE7FFE701992420C1F88800019873
:10B5D00000680068009001980168086820F0010088
:10B5E0000860009820F00050009001990020486603
:10B5F000009801990968086001992020C1F8880025
:10B60000FFE70199002081F88400FFE700208DF812
:10B610000B00FFE79DF80B0003B07047000000002F
:10B6200082B00190ADF8021002B070470000000037
:10B6300081B0009001B0704780B584B00290019154
:10B64000FFE7029890F88400012804D1FFE7022068
:10B650008DF80F0032E00299012081F88400FFE7A5
:10B66000FFE702992420C1F888000298006800686A
:10B67000009002980168086820F0010008600298B4
:10B680000068806820F060600199084302990968A9
:10B690008860029802F050FB0098029909680860DF
:10B6A00002992020C1F88800FFE70299002081F864
:10B6B0008400FFE700208DF80F00FFE79DF80F00E2
:10B6C00004B080BD0000000080B584B002900191FC
:10B6D000FFE7029890F88400012804D1FFE70220D8
:10B6E0008DF80F0032E00299012081F88400FFE715
:10B6F000FFE702992420C1F88800029800680068DA
:10B70000009002980168086820F001000860029823
:10B710000068806820F06040019908430299096838
:10B720008860029802F008FB009802990968086096
:10B7300002992020C1F88800FFE70299002081F8D3
:10B740008400FFE700208DF80F00FFE79DF80F0051
:10B7500004B080BD0000000081B0009001B07047CF
:10B7600081B0009001B0704781B0009001B0704787
:10B7700080B592B0119011980068C069109011982E
:10B78000006800680F901198006880680E9010980B
:10B7900040F60F0108400D900D98E0B9FFE79DF8C5
:10B7A00040008006002815D5FFE79DF83C00800684
:10B7B000002806D4FFE79DF83B00C006002809D505
:10B7C000FFE71198406F20B1FFE71198416F88475C
:10B7D000FFE74AE3FFE70D98002800F00C81FFE740
:10B7E0000E980121C1F20001084209D1FFE70F982C
:10B7F00040F22011C0F20041084200F0FC80FFE757
:10B800009DF84000C00788B1FFE79DF83D00C007E4
:10B8100060B1FFE711980168012008621199D1F821
:10B82000900040F00100C1F89000FFE79DF8400053
:10B830008007002811D5FFE79DF83800C00760B1E8
:10B84000FFE711980168022008621199D1F8900071
:10B8500040F00400C1F89000FFE79DF84000400769
:10B86000002811D5FFE79DF83800C00760B1FFE759
:10B8700011980168042008621199D1F8900040F0F5
:10B880000200C1F89000FFE79DF840000007002883
:10B8900019D5FFE79DF83C008006002807D4FFE794
:10B8A0000E980121C1F2000108420CD0FFE7119867
:10B8B0000168082008621199D1F8900040F0080052
:10B8C000C1F89000FFE79DF841000007002813D55C
:10B8D000FFE79DF83F00400700280DD5FFE71198CE
:10B8E00001684FF4006008621199D1F8900040F0AF
:10B8F0002000C1F89000FFE71198D0F890000028D0
:10B9000078D0FFE79DF840008006002815D5FFE7B6
:10B910009DF83C008006002806D4FFE79DF83B0018
:10B92000C006002809D5FFE71198406F20B1FFE756
:10B930001198416F8847FFE7FFE71198D0F8900012
:10B940000C9011980068806800F04000402806D0F4
:10B95000FFE79DF8300010F0280F42D0FFE7119864
:10B9600002F086FB1198006880684006002833D5F5
:10B97000FFE7FFE7FFE71198006850E8020F20F0AB
:10B9800040000B90FFE70B991198026842E8021003
:10B990000028F0D1FFE7FFE71198D0F88000B0B1A0
:10B9A000FFE71198D0F880104EF25100C0F6000069
:10B9B00008651198D0F88000F8F742F930B1FFE738
:10B9C0001198D0F88000016D8847FFE703E01198D7
:10B9D000FFF7CAFEFFE703E01198FFF7C5FEFFE798
:10B9E00007E01198FFF7C0FE11990020C1F8900000
:10B9F000FFE7FFE739E21198C06E012840F0D681D9
:10BA0000FFE79DF84000C006002840F1CF81FFE726
:10BA10009DF83C00C006002840F1C881FFE711985E
:10BA200001681020086211980068806840060028AC
:10BA300040F15A81FFE71198D0F88000006810218A
:10BA4000C4F20201884200F0A280FFE71198D0F80A
:10BA5000800000682821C4F20201884200F097802B
:10BA6000FFE71198D0F8800000684021C4F202017D
:10BA7000884200F08C80FFE71198D0F880000068C1
:10BA80005821C4F20201884200F08180FFE711983A
:10BA9000D0F8800000687021C4F20201884276D09C
:10BAA000FFE71198D0F8800000688821C4F20201F5
:10BAB00088426CD0FFE71198D0F880000068A02180
:10BAC000C4F20201884262D0FFE71198D0F88000EA
:10BAD0000068B821C4F20201884258D0FFE71198EB
:10BAE000D0F88000006840F21041C4F202018842A0
:10BAF0004DD0FFE71198D0F88000006840F228414F
:10BB0000C4F20201884242D0FFE71198D0F88000C9
:10BB1000006840F24041C4F20201884237D0FFE79A
:10BB20001198D0F88000006840F25841C4F2020138
:10BB300088422CD0FFE71198D0F88000006840F2CE
:10BB40007041C4F20201884221D0FFE71198D0F879
:10BB50008000006840F28841C4F20201884216D099
:10BB6000FFE71198D0F88000006840F2A041C4F2CD
:10BB7000020188420BD0FFE71198D0F880000068DE
:10BB800040F2B841C4F20201884207D1FFE71198A0
:10BB9000D0F8800000684068019006E01198D0F865
:10BBA0008000006840680190FFE70198ADF82A0026
:10BBB000BDF82A0000287BD0FFE7BDF82A001199C4
:10BBC000B1F85C10884273DAFFE7BDF82A001199DA
:10BBD000A1F85E001198D0F88000C069B0F5807FB0
:10BBE00059D0FFE7FFE7FFE71198006850E8000F22
:10BBF00020F480700990FFE709991198026842E8E3
:10BC000000100028F0D1FFE7FFE7FFE7FFE71198FA
:10BC1000006850E8020F20F001000890FFE7089943
:10BC20001198026842E802100028F0D1FFE7FFE710
:10BC3000FFE7FFE71198006850E8020F20F040008E
:10BC40000790FFE707991198026842E80210002860
:10BC5000F0D1FFE7FFE711992020C1F88C0011997E
:10BC60000020C866FFE7FFE71198006850E8000F62
:10BC700020F010000690FFE706991198026842E84C
:10BC800000100028F0D1FFE7FFE71198D0F88000FE
:10BC9000F7F71AFBFFE71199022008671198B0F82F
:10BCA0005C10B0F85E20891A89B2FFF7B9FC1AE07F
:10BCB000BDF82A001199B1F85C10884212D1FFE753
:10BCC0001198D0F88000C069B0F5807F09D1FFE7F6
:10BCD0001199022008671198B0F85C10FFF7A0FCDA
:10BCE000FFE7FFE7FFE7C0E01199B1F85C00B1F8AA
:10BCF0005E10401AADF816001198B0F85E000028EA
:10BD000053D0FFE7BDF8160000284ED0FFE7FFE74D
:10BD1000FFE71198006850E8000F20F4907004903D
:10BD2000FFE704991198026842E800100028F0D15A
:10BD3000FFE7FFE7FFE7FFE71198006850E8020F11
:10BD40004FF6FE71CEF6FF7108400390FFE70399AE
:10BD50001198026842E802100028EDD1FFE7FFE7E2
:10BD600011992020C1F88C0011990020C866119902
:10BD70004867FFE7FFE71198006850E8000F20F0E0
:10BD800010000290FFE702991198026842E8001043
:10BD90000028F0D1FFE7FFE711990220086711980A
:10BDA000BDF81610FFF73CFCFFE75EE09DF842008F
:10BDB000C00600280FD5FFE79DF83A00400600288E
:10BDC00009D5FFE7119801684FF4801008621198B7
:10BDD000FFF7C6FC49E09DF840000006002815D595
:10BDE000FFE79DF83C000006002806D4FFE79DF819
:10BDF0003A000006002809D5FFE71198806F20B1AE
:10BE0000FFE71198816F8847FFE72EE09DF840001B
:10BE1000400600280AD5FFE79DF83C0040060028B0
:10BE200004D5FFE7119802F073F91EE09DF8420077
:10BE3000000600280AD5FFE79DF83F0040060028CD
:10BE400004D5FFE71198FFF787FC0EE09DF843004B
:10BE5000C00750B1FFE79DF83F000006002804D559
:10BE6000FFE71198FFF7E4FBFFE712B080BD000089
:10BE700080B582B00090009820B9FFE701208DF8CE
:10BE8000070046E00098806908B1FFE700E0FFE79F
:10BE90000098D0F8880040B9FFE70099002081F8A9
:10BEA0008400009800F03CF8FFE700992420C1F8D6
:10BEB000880000980168086820F001000860009878
:10BEC000806A20B1FFE7009801F07AFFFFE7009851
:10BED00002F042F9012804D1FFE701208DF80700A4
:10BEE00017E000980168486820F490404860009886
:10BEF0000168886820F02A00886000980168086856
:10BF000040F001000860009801F0FEFF8DF8070086
:10BF1000FFE79DF8070002B080BD000000000000B0
:10BF200080B5C6B045900020449043904290419027
:10BF3000409010A8C021F4F707FA4598006841F234
:10BF40000001C4F2010188426FD1FFE70020119087
:10BF5000012110912F9010A8FCF79AFA18B1FFE771
:10BF6000F5F75AFDFFE7FFE744F2F040C5F602009F
:10BF7000016841F010010160006800F010000F90AE
:10BF80000F98FFE7FFE744F2E040C5F602000168C2
:10BF900041F002010160006800F002000E900E986E
:10BFA000FFE74FF44040409002204190002009906C
:10BFB000429043900420449040F20040C5F60200B5
:10BFC00040A9FAF701FB099944F26810C2F2014056
:10BFD0000A905822C4F2020202602A2242604022E1
:10BFE0008260C1604FF48062026141618161C16120
:10BFF00001624162F9F75CFA18B1FFE7F5F70CFD51
:10C00000FFE7FFE7459844F26811C2F20141C167BA
:10C0100045988863FFE72520089000221146FAF72B
:10C020007FFF0898FAF770FFCAE04598006844F669
:10C030000001C4F20001884240F0C180FFE7002007
:10C040001190022110912E9010A8FCF721FA18B13E
:10C05000FFE7F5F7E1FCFFE7FFE744F2E840C5F64C
:10C060000200016841F480210160006800F4802032
:10C070000D900D98FFE7FFE744F2E040C5F602009F
:10C08000016841F002010160006800F002000C90BC
:10C090000C98FFE7FFE744F2E040C5F602000168B4
:10C0A00041F008010160006800F008000B900B9857
:10C0B000FFE74FF400604090022002904190002082
:10C0C00006904290439007200390449040F2004035
:10C0D000C5F6020040A90491FAF776FA029B03988C
:10C0E0000499069A4FF4807CCDF814C0CDF800C1B5
:10C0F000419342924392449040F60040C5F60200BC
:10C10000FAF762FA059A069944F25820C2F2014001
:10C1100007901023C4F2020303602E2343604023E0
:10C120008360C1604FF48063036141618161C261DA
:10C1300001624162F9F7BCF918B1FFE7F5F76CFC51
:10C14000FFE7FFE7459844F25821C2F20141C16779
:10C1500045988863FFE744F2E010C2F20140019085
:10C160002821C4F2020101602D214160002181607B
:10C17000C1604FF480620261416181614FF480725D
:10C18000C26101624162F9F793F918B1FFE7F5F76F
:10C1900043FCFFE7FFE7459844F2E011C2F201419A
:10C1A000C0F8801045988863FFE7272000900022A0
:10C1B0001146FAF7B5FE0098FAF7A6FEFFE7FFE78B
:10C1C00046B080BD0000000080B58AB0089007919D
:10C1D000ADF81A2005930898D0F88800202840F080
:10C1E0008780FFE7079820B1FFE7BDF81A0020B964
:10C1F000FFE701208DF827007EE008990020C1F8B4
:10C20000900008992120C1F88800FAF7E1FB02901C
:10C21000BDF81A000899A1F85400BDF81A00089951
:10C22000A1F8560008988068B0F5805F09D1FFE753
:10C230000898006928B9FFE7002004900798039048
:10C2400004E00798049000200390FFE7FFE70898B8
:10C25000B0F8560088B3FFE70898029B05996A4634
:10C2600011608021002202F00BFC40B1FFE7089929
:10C270002020C1F8880003208DF827003CE00498B6
:10C2800058B9FFE7039800886FF35F2008990968A1
:10C29000886203980230039008E0049800780899B7
:10C2A00009688862049801300490FFE70899B1F8A2
:10C2B00056000138A1F85600C9E70898029B059975
:10C2C0006A4611604021002202F0DAFB40B1FFE72C
:10C2D00008992020C1F8880003208DF827000BE082
:10C2E00008992020C1F8880000208DF8270003E07D
:10C2F00002208DF82700FFE79DF827000AB080BDD7
:10C3000081B0009001B07047FFE7FEE70000000039
:10C3100081B00090009880684FF6C071C7F6FF7139
:10C32000084002300099886001B0704700000000AA
:10C3300081B00090009988684FF6C072C5F6FF7210
:10C340001040886001B0704781B00090009880680C
:10C350004FF6C071C7F6FF71084001300099886040
:10C3600001B070470000000081B000900098806824
:10C3700040F080504FF6C071C7F6FF710840009939
:10C38000886001B07047000081B00090009880681C
:10C3900000F0E07001B0704781B0009000988068B4
:10C3A00000F4404001B0704781B000900098806870
:10C3B00000F01F0001B0704781B0009000988068C5
:10C3C000C0F3C00001B0704781B000900098C06C0D
:10C3D00000F4C070B0FA80F0400901B0704700006E
:10C3E00081B00090009880684FF6C071C7F6FF7169
:10C3F000084020300099886001B0704700000000BC
:10C4000081B0009000988068C0F3407001B0704720
:10C4100081B0009000988068C0F3400001B0704780
:10C4200081B000900098806800F0010001B0704772
:10C4300081B000900098806800F0010001B0704762
:10C4400081B0009000988068C0F3007001B0704720
:10C4500081B0009000988068C0F3800001B0704700
:10C4600081B0009000988068C0F3800001B07047F0
:10C4700081B000900098C06800F44060B0FA80F08D
:10C48000400901B07047000082B00190009101980E
:10C49000C06820F00300009908430199C86002B009
:10C4A000704700000000000084B0039002910192E8
:10C4B0000398029901F4407100EB91103030009024
:10C4C00000980068029901F01F021F2191408843E3
:10C4D0000199C1F38461914008430099086004B058
:10C4E000704700000000000081B000900098806854
:10C4F0004FF6C071C7F6FF7108400430009988609C
:10C5000001B070470000000081B000900098806882
:10C510004FF6C071C7F6FF7108401030009988606F
:10C5200001B070470000000085B0029001910198B1
:10C53000000328B9FFE70198C0F38460009014E07D
:10C54000019890FAA0F00390039820B9FFE720200B
:10C550008DF8130005E00398B0FA80F08DF8130011
:10C56000FFE79DF813000090FFE7009800F01F011F
:10C57000012000FA01F20299C8691043C86105B0B0
:10C58000704700000000000084B003900291019207
:10C590000398029901F0007100EBD1501430009023
:10C5A000009800680299C1F3045207219140884322
:10C5B0000199914008430099086004B07047000059
:10C5C00083B00290019100920298D0F8C0000199C6
:10C5D0006FF31F518843009A02F018034FF6FF7261
:10C5E000C0F20F02DA40114008440299C1F8C000BD
:10C5F00003B070470000000082B0019000910198E4
:10C60000806820F47C10009908430199886002B08A
:10C61000704700000000000082B001900091019876
:10C62000806820F0E070009908430199886002B0AA
:10C63000704700000000000083B00290019100925A
:10C640000298006920F4F0400099019A02F01F025C
:10C65000914008430299086103B070470000000050
:10C6600085B004900391029201930498039900EB22
:10C670008100603000900098006800F0004002994E
:10C6800001F0F841019A114308430099086005B090
:10C69000704700000000000084B0039002910192F6
:10C6A0000398029900EB81006030009000980068C8
:10C6B00020F00040019908430099086004B07047D9
:10C6C00080B586B000200190059004900390029000
:10C6D000FAF7DAFB019801218DF808108DF80900AE
:10C6E00003901F228DF8102087228DF811208DF8DD
:10C6F00012008DF813008DF814108DF815108DF8B8
:10C7000016008DF8170002A8FAF77EFB0420FAF74E
:10C71000CFFB06B080BD000080B58CB00022009237
:10C720000B920A920992089207920692059204923D
:10C730000392029244F28800C2F20140019042F258
:10C740000001C4F202010160426004218160C26004
:10C750000161027542750121816102774FF4AC637A
:10C7600043624FF4806383620323C36202634263C4
:10C7700080F83820C163F6F7C7F918B1FFE7F5F77D
:10C780004BF9FFE70020099044F28800C2F2014013
:10C7900009A9F5F771F918B1FFE7F5F73DF9FFE7DA
:10C7A0000820C0F6904002900620039000200490DC
:10C7B00040F2FF7105910421069107908DF8210048
:10C7C00044F28800C2F2014002A9F5F7A1FA18B1BB
:10C7D000FFE7F5F721F9FFE70CB080BD000000008E
:10C7E00080B586B0FFE744F2D840C5F60200016884
:10C7F00041F001010160006800F00100059005981A
:10C80000FFE70B200090002203921146FAF788FB05
:10C810000098FAF779FB039A0C2001901146FAF779
:10C820007FFB0198FAF770FB039A0D2002901146E6
:10C83000FAF776FB0298FAF767FB039A0E2004904A
:10C840001146FAF76DFB0498FAF75EFB06B080BD5F
:10C8500080B590B000200F900E900D900C900B9032
:10C86000FFE744F2E040C5F60200016841F08001B4
:10C870000160006800F080000A900A98FFE7FFE777
:10C8800044F2E040C5F60200016841F00401016095
:10C89000006800F0040009900998FFE7FFE744F200
:10C8A000E040C5F60200016841F001010160006846
:10C8B00000F0010008900898FFE7FFE744F2E0402D
:10C8C000C5F60200016841F002010160006800F055
:10C8D000020007900798FFE7FFE744F2E040C5F643
:10C8E0000200016841F008010160006800F00800E2
:10C8F00006900698FFE740F60000C5F60200029099
:10C900000221019100220492FAF742F8019A02985A
:10C9100004990B9211220C920D910E910BA9039187
:10C92000F9F752FE03994FF480700B904FF4041006
:10C930000C9001200D9040F20040C5F60200F9F77E
:10C9400043FE049A172005901146FAF7E9FA059874
:10C95000FAF7DAFA10B080BD80B582B044F2D02088
:10C96000C2F20140019045F20041C4F200010160B1
:10C9700043F6DB71C0F2B001416000218160012209
:10C98000C260016141618161C1610162FAF7C8F869
:10C9900018B1FFE7F5F740F8FFE744F2D020C2F204
:10C9A00001400021FAF71CF818B1FFE7F5F734F859
:10C9B000FFE744F2D020C2F201400021FAF75CF810
:10C9C00018B1FFE7F5F728F8FFE702B080BD0000D7
:10C9D00080B590B0002101910F910E910D910C91B5
:10C9E0000B910A9109910891079106910591049183
:10C9F0000391029144F22430C2F201404FF0804290
:10CA00000260416081607722C260016180218161A2
:10CA1000FEF722F818B1FFE7F4F7FEFFFFE74FF447
:10CA200080500C9044F22430C2F201400CA9FEF771
:10CA3000F7F918B1FFE7F4F7EFFFFFE744F224300E
:10CA4000C2F20140FEF768FC18B1FFE7F4F7E4FF1B
:10CA5000FFE72020099000200B9044F22430C2F21E
:10CA6000014009A9FDF74CFF18B1FFE7F4F7D4FF27
:10CA7000FFE70022029203920492069244F22430CD
:10CA8000C2F2014002A9FEF7DFFB18B1FFE7F4F79D
:10CA9000C3FFFFE710B080BD80B588B000210091D2
:10CAA000079106910591049103910291019144F23D
:10CAB0007030C2F2014040F20042C4F20002026053
:10CAC000EF224260816046F2A812C26001618021BB
:10CAD0008161FDF7C1FF18B1FFE7F4F79DFFFFE7A4
:10CAE0004FF48050049044F27030C2F2014004A927
:10CAF000FEF796F918B1FFE7F4F78EFFFFE7002085
:10CB00000190039044F27030C2F2014001A9FDF798
:10CB1000F7FE18B1FFE7F4F77FFFFFE708B080BD2D
:10CB200080B584B0002103910291019144F2BC30A0
:10CB3000C2F2014041F20042C4F200020260EF2260
:10CB40004260816044F61F62C2608161FDF784FF2C
:10CB500018B1FFE7F4F760FFFFE7002001900390B2
:10CB600044F2BC30C2F2014001A9FDF7C9FE18B180
:10CB7000FFE7F4F751FFFFE704B080BD00000000BD
:10CB800080B582B044F20840C2F20140009041F208
:10CB90000001C4F2010101604FF4E1314160002164
:10CBA00001918160C16001610C2242618161C161BA
:10CBB000016241628162FFF75BF918B1FFE7F4F7A8
:10CBC0002BFFFFE744F20840C2F201400021FEF7CC
:10CBD0007BFD18B1FFE7F4F71FFFFFE744F20840C1
:10CBE000C2F201400021FEF727FD18B1FFE7F4F77C
:10CBF00013FFFFE744F20840C2F20140FEF7D0FC09
:10CC000018B1FFE7F4F708FFFFE702B080BD0000AE
:10CC100080B582B044F29C40C2F20140009044F6DC
:10CC20000001C4F2000101604FF41651416000217F
:10CC300001918160C16001610C2242618161C16129
:10CC4000016241628162FFF713F918B1FFE7F4F75F
:10CC5000E3FEFFE744F29C40C2F201400021FEF7F0
:10CC600033FD18B1FFE7F4F7D7FEFFE744F29C402D
:10CC7000C2F201400021FEF7DFFC18B1FFE7F4F734
:10CC8000CBFEFFE744F29C40C2F20140FEF788FC75
:10CC900018B1FFE7F4F7C0FEFFE702B080BD000067
:10CCA000FFE7FEE700000000FFE7FEE700000000EE
:10CCB00088B0079006910592079800F0070004904D
:10CCC0000498C0F10700052803D3FFE70420019072
:10CCD00004E00498C0F107000190FFE70198039079
:10CCE00004980430062803D8FFE70020009003E0F2
:10CCF000049803380090FFE7009802900698039983
:10CD0000012202FA01F101390840029B984005997D
:10CD10009A40013A1140084308B0704700000000F3
:10CD2000704700000000000080B586B004900391B9
:10CD300000208DF8070044F22840C5F60200006884
:10CD400000F00300032804D1FFE701208DF817004D
:10CD5000CBE044F20041C5F60201086820F0806093
:10CD60000860F9F735FE0290FFE744F20040C5F68F
:10CD70000200006800F000610020B0EBD16F0CD021
:10CD8000FFE7F9F725FE0299401A032804D3FFE7CD
:10CD900003208DF81700A8E0E7E7FFE744F22841F9
:10CDA000C5F60201086820F47C30049A126840EA53
:10CDB0000230086004994868D1F808C0CB680A6955
:10CDC00001386FF35F204FF60061CFF6FF7101EB82
:10CDD0004C2189B208440021CFF6FF7101EB0341D9
:10CDE00001F4FE0108444FF07F4101EB026101F0C4
:10CDF000FE41084444F23841C5F602010860FFE7ED
:10CE000044F22C41C5F602010091086820F0C000F0
:10CE1000049A526910430860086820F02000049AC0
:10CE2000926910430860086820F01000086044F21E
:10CE30003C42C5F6020210684FF6F8739843049B13
:10CE4000DB6940EAC3001060086840F01000086029
:10CE5000039848B9FFE744F22C41C5F6020108687F
:10CE600040F40020086016E00398012809D1FFE78C
:10CE700044F22C41C5F60201086840F480100860B5
:10CE800008E044F22C41C5F60201086840F40010A5
:10CE90000860FFE7FFE744F20041C5F602010868B9
:10CEA00040F080600860F9F793FD0290FFE744F2DC
:10CEB0000040C5F60200006800F000610020B0EB01
:10CEC000D16F0CD1FFE7F9F783FD0299401A0328CF
:10CED00004D3FFE703208DF8170006E0E7E7FFE73C
:10CEE0009DF807008DF81700FFE79DF8170006B0C2
:10CEF00080BD00000000000080B586B00490039162
:10CF000000208DF8070044F22840C5F602000068B2
:10CF100000F00300032804D1FFE701208DF817007B
:10CF2000CBE044F20041C5F60201086820F08050D1
:10CF30000860F9F74DFD0290FFE744F20040C5F6A6
:10CF40000200006800F000510020B0EB517F0CD0CF
:10CF5000FFE7F9F73DFD0299401A032804D3FFE7E4
:10CF600003208DF81700A8E0E7E7FFE744F2284127
:10CF7000C5F60201086820F07C70049A126840EA45
:10CF80000250086004994868D1F808C0CB680A6963
:10CF900001386FF35F204FF60061CFF6FF7101EBB0
:10CFA0004C2189B208440021CFF6FF7101EB034107
:10CFB00001F4FE0108444FF07F4101EB026101F0F2
:10CFC000FE41084444F24041C5F602010860FFE713
:10CFD00044F22C41C5F602010091086820F440603B
:10CFE000049A526910430860086820F40070049A9B
:10CFF000926910430860086820F48070086044F269
:10D000004442C5F6020210684FF6F8739843049B39
:10D01000DB6940EAC3001060086840F48070086073
:10D02000039848B9FFE744F22C41C5F602010868AD
:10D0300040F48000086016E00398012809D1FFE75A
:10D0400044F22C41C5F60201086840F40000086073
:10D0500008E044F22C41C5F60201086840F08070F7
:10D060000860FFE7FFE744F20041C5F602010868E7
:10D0700040F080500860F9F7ABFC0290FFE744F203
:10D080000040C5F60200006800F000510020B0EB3F
:10D09000517F0CD1FFE7F9F79BFC0299401A032856
:10D0A00004D3FFE703208DF8170006E0E7E7FFE76A
:10D0B0009DF807008DF81700FFE79DF8170006B0F0
:10D0C00080BD00000000000070470000000000006C
:10D0D00080B582B0009000980138B0F1807F03D312
:10D0E000FFE70120019019E0009801384EF2140189
:10D0F000CEF2000108604FF0FF300F2101F07CFDFF
:10D100004EF21801CEF20001002008604EF210022B
:10D11000CEF20002072111600190FFE7019802B0F2
:10D1200080BD00000000000080B5F9F7D9FD80BD8A
:10D1300080B59EB00BA84C21F3F706F900200190B2
:10D140000A9009900890079006900590049003902B
:10D150000220F9F705FFFFE70020029044F61800CF
:10D16000C5F60200016841F440410160006800F426
:10D170004040029040F22C40C5F60000016841F0AA
:10D1800001010160006800F0010002900298FFE7D1
:10D19000FFE744F61800C5F60200006800F40050EE
:10D1A000B0F5005F01D0FFE7F3E702210B9101200A
:10D1B0000E9040200F90149100201590042216929A
:10D1C0003C221792189119911A910C211B911C90D5
:10D1D0001D900BA8FCF7D4FD18B1FFE7F4F71CFC79
:10D1E000FFE73F20039003200490002005900820D3
:10D1F00006904020079008904FF4806109910A90B2
:10D2000003A80421FCF794F918B1FFE7F4F704FC34
:10D21000FFE71EB080BD000081B04EF68851CEF20F
:10D220000001086840F47000086042F20000C5F296
:10D230000020006800F00F0006280AD8FFE742F23D
:10D240000001C5F200210868072262F303000860AC
:10D25000FFE744F20041C5F60201086840F0010012
:10D26000086044F21042C5F602020020106008680F
:10D270004EF67F52CEF6F6221040086042F20000D1
:10D28000C5F20020006800F00F0008280AD3FFE76D
:10D2900042F20001C5F200210868072262F3030090
:10D2A0000860FFE744F21841C5F602010020009033
:10D2B000086044F21C41C5F60201086044F22041B6
:10D2C000C5F60201086044F22842C5F6020240F2A7
:10D2D0000021C0F20221116044F22C42C5F6020284
:10D2E0000021C0F2FF11116044F23042C5F6020283
:10D2F00040F28021C0F20111116044F23442C5F6BF
:10D300000202106044F23842C5F60202116044F293
:10D310003C42C5F60202106044F24042C5F60202E9
:10D32000116044F24441C5F60201086044F2004233
:10D33000C5F60202116821F48021116044F26041B7
:10D34000C5F60201086041F20001C5F60041096816
:10D35000B0EB517F07D1FFE748F20811C5F2001189
:10D3600001200860FFE744F2D440C5F602000068DF
:10D37000C004002814D4FFE744F2D441C5F60201EA
:10D38000086840F48050086044F20002C5F20022B0
:10D3900043F2D2001060086820F480500860FFE774
:10D3A00001B070470000000080B544F27030C2F256
:10D3B0000140FDF721FE80BD80B544F2BC30C2F2D1
:10D3C0000140FDF719FE80BD83B0029001910298E3
:10D3D0000068009002980021C4F20101884225D023
:10D3E000FFE70298B0F1804F20D0FFE7029840F2AB
:10D3F0000041C4F20001884218D0FFE7029840F6CD
:10D400000001C4F20001884210D0FFE7029840F604
:10D410000041C4F20001884208D0FFE7029840F2C0
:10D420000041C4F2010188420AD1FFE7009820F0D0
:10D430007000009001984168009808430090FFE751
:10D4400002980021C4F2010188423DD0FFE7029812
:10D45000B0F1804F38D0FFE7029840F20041C4F2AB
:10D460000001884230D0FFE7029840F60001C4F284
:10D470000001884228D0FFE7029840F60041C4F23C
:10D480000001884220D0FFE7029840F20041C4F238
:10D490000101884218D0FFE7029844F20001C4F26B
:10D4A0000101884210D0FFE7029844F20041C4F223
:10D4B0000101884208D0FFE7029844F60001C4F257
:10D4C000010188420AD1FFE7009820F440700090E3
:10D4D0000198C168009808430090FFE7009820F089
:10D4E0008000019949690843009001988068029979
:10D4F000C862019800680299886202980021C4F20B
:10D500000101884220D0FFE7029840F20041C4F2B6
:10D510000101884218D0FFE7029844F20001C4F2EA
:10D520000101884210D0FFE7029844F20041C4F2A2
:10D530000101884208D0FFE7029844F60001C4F2D6
:10D540000101884205D1FFE701980069029908634B
:10D55000FFE70299086840F0040008600299012082
:10D56000486100980299086003B07047000000000D
:10D5700085B0049003910292019304988068009012
:10D58000009820F47F40009003980299019A41EAA4
:10D590000221014300980843009000980499886094
:10D5A00005B070470000000083B00290019102981E
:10D5B0008068009000984FF68F71CFF6CF710840C9
:10D5C000009001980099084340F0070000900098EF
:10D5D0000299886003B0704785B004900391049865
:10D5E000006A01900499086A20F00100086204981A
:10D5F0004068009004988069029002984FF68F71FD
:10D60000CFF6FE7108400290029820F003000290CD
:10D6100003980168029808430290019820F00200E4
:10D6200001900398816801980843019004980021B3
:10D63000C4F20101884220D0FFE7049840F2004183
:10D64000C4F20101884218D0FFE7049844F20001B7
:10D65000C4F20101884210D0FFE7049844F200416F
:10D66000C4F20101884208D0FFE7049844F60001A3
:10D67000C4F2010188420ED1FFE7019820F00800B2
:10D6800001900398C168019808430190019820F027
:10D6900004000190FFE704980021C4F201018842D0
:10D6A00020D0FFE7049840F20041C4F20101884213
:10D6B00018D0FFE7049844F20001C4F20101884247
:10D6C00010D0FFE7049844F20041C4F201018842FF
:10D6D00008D0FFE7049844F60001C4F20101884233
:10D6E00013D1FFE7009820F480700090009820F498
:10D6F00000700090039841690098084300900398D7
:10D700008169009808430090FFE7009804994860F9
:10D7100002980499886103984068049948630198C5
:10D720000499086205B0704785B00490039104988D
:10D73000006A01900499086A20F0100008620498B9
:10D7400040680090049880690290029848F6FF7142
:10D75000CFF6FF6108400290029820F440700290DA
:10D7600003980168029840EA01200290019820F095
:10D770002000019003988168019840EA011001900F
:10D7800004980021C4F20101884229D0FFE70498DF
:10D7900040F20041C4F20101884221D0FFE7049821
:10D7A00044F20001C4F20101884203D1FFE70020E6
:10D7B000B0B9FFE7049844F20041C4F20101884285
:10D7C00003D1FFE7002058B9FFE7049844F60001B1
:10D7D000C4F20101884212D1FFE7012078B9FFE7C6
:10D7E000019820F0800001900398C168019840EAF8
:10D7F00001100190019820F040000190FFE704988B
:10D800000021C4F20101884220D0FFE7049840F2D1
:10D810000041C4F20101884218D0FFE7049844F2A5
:10D820000001C4F20101884210D0FFE7049844F2DD
:10D830000041C4F20101884208D0FFE7049844F691
:10D840000001C4F20101884215D1FFE7009820F4DD
:10D8500080600090009820F4006000900398416977
:10D86000009840EA8100009003988169009840EA9E
:10D8700081000090FFE7009804994860029804999D
:10D880008861039840680499886301980499086244
:10D8900005B070470000000085B004900391049823
:10D8A000006A01900499086A20F480700862049864
:10D8B000406800900498C069029002984FF68F71FA
:10D8C000CFF6FE7108400290029820F0030002900B
:10D8D00003980168029808430290019820F40070B0
:10D8E000019003988168019840EA01200190049812
:10D8F0000021C4F20101884229D0FFE7049840F2D8
:10D900000041C4F20101884221D0FFE7049844F2AB
:10D910000001C4F20101884203D1FFE70020B0B941
:10D92000FFE7049844F20041C4F20101884203D1A8
:10D93000FFE7002058B9FFE7049844F60001C4F25D
:10D940000101884212D1FFE7012078B9FFE7019871
:10D9500020F4006001900398C168019840EA01201A
:10D960000190019820F480600190FFE70498002165
:10D97000C4F20101884220D0FFE7049840F2004140
:10D98000C4F20101884218D0FFE7049844F2000174
:10D99000C4F20101884210D0FFE7049844F200412C
:10D9A000C4F20101884208D0FFE7049844F6000160
:10D9B000C4F20101884215D1FFE7009820F480509D
:10D9C0000090009820F4005000900398416900985E
:10D9D00040EA0110009003988169009840EA011024
:10D9E0000090FFE700980499486002980499C86184
:10D9F000039840680499C86301980499086205B0C7
:10DA0000704700000000000085B004900391049866
:10DA1000006A01900499086A20F480500862049812
:10DA2000406800900498C0690290029848F6FF711F
:10DA3000CFF6FF6108400290029820F440700290F7
:10DA400003980168029840EA01200290019820F4AE
:10DA50000050019003988168019840EA01300190DC
:10DA600004980021C4F20101884220D0FFE7049805
:10DA700040F20041C4F20101884218D0FFE7049847
:10DA800044F20001C4F20101884210D0FFE704987B
:10DA900044F20041C4F20101884208D0FFE7049833
:10DAA00044F60001C4F2010188420BD1FFE700985F
:10DAB00020F48040009003984169009840EA81106A
:10DAC0000090FFE700980499486002980499C861A3
:10DAD000039840680499086401980499086205B0A5
:10DAE000704700000000000085B004900391049886
:10DAF000006A01900499086A20F480300862049852
:10DB0000406800900498406D029002984FF68F7123
:10DB1000CFF6FE710840029003980168029808430E
:10DB20000290019820F400300190039881680198D8
:10DB300040EA0140019004980021C4F201018842AA
:10DB400020D0FFE7049840F20041C4F2010188426E
:10DB500018D0FFE7049844F20001C4F201018842A2
:10DB600010D0FFE7049844F20041C4F2010188425A
:10DB700008D0FFE7049844F60001C4F2010188428E
:10DB80000BD1FFE7009820F48030009003984169A2
:10DB9000009840EA01200090FFE70098049948604F
:10DBA000029804994865039840680499886501982B
:10DBB0000499086205B0704785B0049003910498F9
:10DBC000006A01900499086A20F4801008620498A1
:10DBD000406800900498406D0290029848F6FF71EA
:10DBE000CFF6FF610840029003980168029840EA6E
:10DBF00001200290019820F40010019003988168A0
:10DC0000019840EA0150019004980021C4F20101FA
:10DC1000884220D0FFE7049840F20041C4F201019D
:10DC2000884218D0FFE7049844F20001C4F20101D1
:10DC3000884210D0FFE7049844F20041C4F2010189
:10DC4000884208D0FFE7049844F60001C4F20101BD
:10DC500088420BD1FFE7009820F4802000900398C1
:10DC60004169009840EA81200090FFE700980499FC
:10DC70004860029804994865039840680499C8650B
:10DC800001980499086205B0704700000000000088
:10DC900085B00490039102920498006A0090049960
:10DCA000086A20F0010008620498806901900198D8
:10DCB00020F0F00001900299019840EA01100190D3
:10DCC000009820F00A000090039900980843009003
:10DCD00001980499886100980499086205B070471A
:10DCE00085B00490039102920498006A0090049910
:10DCF000086A20F010000862049880690190019879
:10DD000020F4704001900299019840EA013001909E
:10DD1000009820F0A00000900399009840EA0110BC
:10DD2000009001980499886100980499086205B0F0
:10DD3000704700000000000082B001900198406E22
:10DD400040B9FFE701990120A1F86A000199A1F803
:10DD5000680032E010208DF803008DF80200019871
:10DD600000688068C0F342608DF801000198006887
:10DD70008068400F8DF800009DF802009DF800209B
:10DD800042F2A073C0F60103995C484342F29871D5
:10DD9000C0F601018A5CB0FBF2F0019AA2F86A00B9
:10DDA0009DF803009DF801209B5C5843895CB0FB03
:10DDB000F1F00199A1F86800FFE702B07047000098
:10DDC00081B00090009890F82800000700280BD53B
:10DDD000FFE700980068406820F40040009A11684E
:10DDE000926B10434860FFE7009890F82800C00746
:10DDF00058B1FFE700980068406820F40030009AAE
:10DE00001168D26A10434860FFE7009890F8280034
:10DE1000800700280BD5FFE700980068406820F4D1
:10DE20008030009A1168126B10434860FFE7009839
:10DE300090F82800400700280BD5FFE700980068FD
:10DE4000406820F48020009A1168526B10434860AB
:10DE5000FFE7009890F82800C00600280BD5FFE7E0
:10DE600000980068806820F48050009A1168D26B96
:10DE700010438860FFE7009890F82800800600288B
:10DE80000BD5FFE700980068806820F40050009AE6
:10DE90001168126C10438860FFE7009890F8280022
:10DEA000400600281CD5FFE700980068406820F471
:10DEB0008010009A1168526C104348600098406CC2
:10DEC000B0F5801F0BD1FFE700980068406820F490
:10DED000C000009A1168926C10434860FFE7FFE7AA
:10DEE000009890F82800000600280BD5FFE700985E
:10DEF0000068406820F40020009A1168D26C10433A
:10DF00004860FFE701B0704780B588B00690069979
:10DF10000020C1F89000F8F75BFD059006980068B6
:10DF20000068000700282FD5FFE70698059B6A4682
:10DF30006FF07E4111604FF40011002200F0A0FD4F
:10DF400008B3FFE7FFE7FFE70698006850E8000F17
:10DF500020F080000490FFE704990698026842E8E8
:10DF600000100028F0D1FFE7FFE706992020C1F854
:10DF70008800FFE70699002081F88400FFE703206E
:10DF80008DF81F005FE0FFE7069800680068400713
:10DF9000002842D5FFE70698059B6A466FF07E4150
:10DFA00011604FF48001002200F06AFDA0B3FFE78A
:10DFB000FFE7FFE70698006850E8000F20F4907034
:10DFC0000390FFE703990698026842E800100028D2
:10DFD000F0D1FFE7FFE7FFE7FFE70698006850E8AA
:10DFE000020F20F001000290FFE7029906980268F4
:10DFF00042E802100028F0D1FFE7FFE70699202051
:10E00000C1F88C00FFE70699002081F88400FFE743
:10E0100003208DF81F0016E0FFE706992020C1F8C5
:10E0200088000699C1F88C0006990020C8660699F8
:10E030000867FFE70699002081F88400FFE70020C9
:10E040008DF81F00FFE79DF81F0008B080BD00009D
:10E0500080B582B001900198806B009000990020FB
:10E06000A1F85E000098FDF77FFB02B080BD0000C4
:10E0700084B00390FFE7FFE70398006850E8000FC3
:10E0800020F490700290FFE702990398026842E83A
:10E0900000100028F0D1FFE7FFE7FFE7FFE7039854
:10E0A000006850E8020F4FF6FE71CEF6FF7108408F
:10E0B0000190FFE701990398026842E802100028E6
:10E0C000EDD1FFE7FFE70398C06E012814D1FFE709
:10E0D000FFE7FFE70398006850E8000F20F010000A
:10E0E0000090FFE700990398026842E800100028BA
:10E0F000F0D1FFE7FFE7FFE703992020C1F88C008C
:10E1000003990020C8660399486704B0704700006F
:10E1100080B582B00190FFE7FFE70198006850E802
:10E12000000F20F040000090FFE70099019802687E
:10E1300042E800100028F0D1FFE7FFE70199202016
:10E14000C1F888000199002088670198FEF7D8F887
:10E1500002B080BD0000000080B59CB01B90002084
:10E160008DF85F001B98006840F60041C5F600017D
:10E17000884201D1FFE700E0FFE71B9988680B693F
:10E180004A69C9691843104308431A901B980068EC
:10E19000006846F6F311CCF6FF7108401A9908435F
:10E1A0001B99096808601B980068406820F440507B
:10E1B0001B9A1168D268104348601B9880691A90B6
:10E1C0001B98006840F60041C5F60001884206D061
:10E1D000FFE71B98016A1A9808431A90FFE71B98FB
:10E1E000006880684FF2FF41C1F2FF1108401A99A0
:10E1F00008431B99096888601B980068C06A20F072
:10E200000F001B9A1168526A1043C862FFE71B98FF
:10E21000006841F20001C4F20101884240F04180EF
:10E22000FFE744F25440C5F60200006800F03800F1
:10E2300001460E9128282FD80E99DFE801F0152D00
:10E240002D2D2D2D2D2D192D2D2D2D2D2D2D1D2D22
:10E250002D2D2D2D2D2D212D2D2D2D2D2D2D252D02
:10E260002D2D2D2D2D2D290001208DF8650017E075
:10E2700004208DF8650013E008208DF865000FE09C
:10E2800010208DF865000BE020208DF8650007E078
:10E2900040208DF8650003E080208DF86500FFE7E1
:10E2A000D6E11B98006844F20041C4F200018842A4
:10E2B0002ED1FFE744F25440C5F60200006800F09A
:10E2C000070001460D9105281DD80D99DFE801F0E2
:10E2D00003070B0F131700208DF8650017E00420CB
:10E2E0008DF8650013E008208DF865000FE0102020
:10E2F0008DF865000BE020208DF8650007E04020D8
:10E300008DF8650003E080208DF86500FFE79EE151
:10E310001B98006844F60001C4F2000188422ED127
:10E32000FFE744F25440C5F60200006800F0070021
:10E3300001460C9105281DD80C99DFE801F0030770
:10E340000B0F131700208DF8650017E004208DF8DF
:10E35000650013E008208DF865000FE010208DF8AF
:10E3600065000BE020208DF8650007E040208DF867
:10E37000650003E080208DF86500FFE766E11B98EB
:10E38000006844F60041C4F2000188422ED1FFE744
:10E3900044F25440C5F60200006800F00700014650
:10E3A0000B9105281DD80B99DFE801F003070B0F2F
:10E3B000131700208DF8650017E004208DF8650024
:10E3C00013E008208DF865000FE010208DF865003F
:10E3D0000BE020208DF8650007E040208DF86500F7
:10E3E00003E080208DF86500FFE72EE11B980068B0
:10E3F00045F20001C4F2000188422ED1FFE744F249
:10E400005440C5F60200006800F0070001460A917A
:10E4100005281DD80A99DFE801F003070B0F131731
:10E4200000208DF8650017E004208DF8650013E0EA
:10E4300008208DF865000FE010208DF865000BE0D6
:10E4400020208DF8650007E040208DF8650003E08E
:10E4500080208DF86500FFE7F6E01B98006841F228
:10E460000041C4F20101884240F04180FFE744F2DC
:10E470005440C5F60200006800F0380001460991DA
:10E4800028282FD80999DFE801F0152D2D2D2D2DE5
:10E490002D2D192D2D2D2D2D2D2D1D2D2D2D2D2DD0
:10E4A0002D2D212D2D2D2D2D2D2D252D2D2D2D2DB0
:10E4B0002D2D290001208DF8650017E004208DF82E
:10E4C000650013E008208DF865000FE010208DF83E
:10E4D00065000BE020208DF8650007E040208DF8F6
:10E4E000650003E080208DF86500FFE7ABE01B9836
:10E4F000006847F60001C4F2000188422ED1FFE710
:10E5000044F25440C5F60200006800F007000146DE
:10E51000089105281DD80899DFE801F003070B0FC3
:10E52000131700208DF8650017E004208DF86500B2
:10E5300013E008208DF865000FE010208DF86500CD
:10E540000BE020208DF8650007E040208DF8650085
:10E5500003E080208DF86500FFE773E01B980068FA
:10E5600047F60041C4F2000188422ED1FFE744F291
:10E570005440C5F60200006800F00700014607910C
:10E5800005281DD80799DFE801F003070B0F1317C3
:10E5900000208DF8650017E004208DF8650013E079
:10E5A00008208DF865000FE010208DF865000BE065
:10E5B00020208DF8650007E040208DF8650003E01D
:10E5C00080208DF86500FFE73BE01B98006840F66F
:10E5D0000041C5F6000188422ED1FFE744F25840C1
:10E5E000C5F60200006800F0070001460691052804
:10E5F0001DD80699DFE801F003070B0F131702205F
:10E600008DF8650017E004208DF8650013E0082000
:10E610008DF865000FE010208DF865000BE02020DC
:10E620008DF8650007E040208DF8650003E080204C
:10E630008DF86500FFE703E080208DF86500FFE7B7
:10E64000FFE7FFE7FFE7FFE7FFE7FFE7FFE7FFE79A
:10E65000FFE71B98006840F60041C5F600018842BC
:10E6600040F0B480FFE79DF865000146059102285F
:10E6700014D0FFE70598042814D0FFE70598082870
:10E6800016D0FFE70598102818D0FFE70598202836
:10E6900035D0FFE70598402837D03AE0F8F7B4FCCA
:10E6A0000F903CE013A8F8F71BFE14980F9036E08B
:10E6B00010A8F8F76DFF11980F9030E044F2004079
:10E6C000C5F60200006800F020010020B0EB511FE9
:10E6D0000ED0FFE744F20040C5F602000068C0F328
:10E6E000C10149F20000C0F2D030C8400F9005E0EF
:10E6F00049F20000C0F2D0300F90FFE70FE040F683
:10E700000010C0F23D000F9009E04FF400400F9060
:10E7100005E000200F9001208DF85F00FFE70F98C3
:10E72000002852D0FFE70F981B994A6A42F2A8715D
:10E73000C0F6010131F81210B0FBF1F016901698F6
:10E740001B99496801EB4101884207D3FFE71698FE
:10E750001B994968B0EB013F04D9FFE701208DF810
:10E760005F0031E00F981B994A6803924A6A42F2AF
:10E77000A871C0F6010131F8122000230493194654
:10E78000F1F7AAFD039A049B090241EA1061000215
:10E7900010EB520041F10001F1F79EFD189018981E
:10E7A000B0F5407F0BD3FFE718990020B0EB115F65
:10E7B00005D1FFE718981B990968C86003E001209C
:10E7C0008DF85F00FFE7FFE7FFE746E11B98C069B0
:10E7D000B0F5004F40F0A880FFE79DF865000146C6
:10E7E0000291402800F263800299DFE801F02125C0
:10E7F0006060296060602F606060606060603560AC
:10E800006060606060606060606060606060566012
:10E8100060606060606060606060606060606060F8
:10E8200060606060606060606060606060605C004C
:10E83000FBF7F6F80F9040E0FBF706F90F903CE08D
:10E8400013A8F8F74DFD14980F9036E010A8F8F7CC
:10E850009FFE11980F9030E044F20040C5F6020090
:10E86000006800F020010020B0EB511F0ED0FFE740
:10E8700044F20040C5F602000068C0F3C10149F24D
:10E880000000C0F2D030C8400F9005E049F200000F
:10E89000C0F2D0300F90FFE70FE040F60010C0F25A
:10E8A0003D000F9009E04FF400400F9005E000207C
:10E8B0000F9001208DF85F00FFE70F9898B3FFE7F6
:10E8C0000F981B9A5168536A42F2A872C0F601026F
:10E8D00032F81320B0FBF2F0400000EB5100B0FB27
:10E8E000F1F018901898102818D3FFE7BDF86200CF
:10E8F000A0B9FFE7189820F00F00ADF8660018984F
:10E9000000F00E01BDF8660040EA5100ADF8660067
:10E91000BDF866001B990968C86003E001208DF806
:10E920005F00FFE7FFE797E09DF865000146019172
:10E93000402800F263800199DFE801F02125606042
:10E94000296060602F60606060606060356060605A
:10E9500060606060606060606060606056606060C1
:10E9600060606060606060606060606060606060A7
:10E970006060606060606060606060605C00FBF7C9
:10E980004FF80F9040E0FBF75FF80F903CE013A8C2
:10E99000F8F7A6FC14980F9036E010A8F8F7F8FDE9
:10E9A00011980F9030E044F20040C5F60200006874
:10E9B00000F020010020B0EB511F0ED0FFE744F221
:10E9C0000040C5F602000068C0F3C10149F2000032
:10E9D000C0F2D030C8400F9005E049F20000C0F20C
:10E9E000D0300F90FFE70FE040F60010C0F23D007E
:10E9F0000F9009E04FF400400F9005E000200F90C9
:10EA000001208DF85F00FFE70F9820B3FFE70F9814
:10EA10001B9A5168536A42F2A872C0F6010232F89A
:10EA20001320B0FBF2F000EB5100B0FBF1F01890B6
:10EA3000189810280AD3FFE7BDF8620030B9FFE745
:10EA4000BDF860001B990968C86003E001208DF8DB
:10EA50005F00FFE7FFE7FFE7FFE71B990120A1F851
:10EA60006A001B99A1F868001B99002048671B9950
:10EA700088679DF85F001CB080BD000000000000AA
:10EA800080B586B0DDF820C0049003918DF80B208E
:10EA90000193FFE704980068C06903990840401A91
:10EAA000B0FA80F040099DF80B10884266D1FFE76C
:10EAB00008980130002860D0FFE7F7F789FF019937
:10EAC000401A0899884203D8FFE7089820B9FFE761
:10EAD00003208DF8170055E004980068006840078F
:10EAE000002849D5FFE70398802845D0FFE7039821
:10EAF000402841D0FFE704980068C06900F0080191
:10EB00000120B0EBD10F16D1FFE70498016808206F
:10EB1000009008620498FFF7ABFA00980499C1F8D6
:10EB20009000FFE70499002081F88400FFE70120AE
:10EB30008DF8170026E004980068C06900F40061B1
:10EB40000120B0EBD12F16D1FFE7049801684FF4F4
:10EB5000006008620498FFF78BFA04992020C1F83E
:10EB60009000FFE70499002081F88400FFE703206C
:10EB70008DF8170006E0FFE7FFE78BE700208DF830
:10EB80001700FFE79DF8170006B080BD00000000E9
:10EB900080B544F20840C2F20140FCF7E9FD80BDB7
:10EBA00080B544F29C40C2F20140FCF7E1FD80BD1B
:10EBB000FFE7FEE70000000081B0ADF80200BDF9FC
:10EBC000020000280ED4FFE7BDF9021001F01F0279
:10EBD000012090404A094EF20011CEF2000141F8A6
:10EBE0002200FFE701B070474EF60C50CEF2000055
:10EBF0000068C0F30220704782B0ADF806000091B3
:10EC0000BDF9060000280AD4FFE700980001BDF90D
:10EC100006104EF20042CEF2000288540BE000983B
:10EC20000001BDF8061001F00F014EF61452CEF2AD
:10EC300000028854FFE702B07047000000000000A7
:10EC400083B00290029800F0070000904EF60C513D
:10EC5000CEF200010868019001984FF6FF021040C3
:10EC600001900198009A40EA02200022C0F2FA5274
:10EC7000104301900198086003B070470000000045
:10EC800082B08DED000A009801909DED010AB1EE71
:10EC9000C00A8DED010A9DED010A02B07047000027
:10ECA00087B00690ADF81610049200200190FFE79F
:10ECB0000198BDF81610884237D2FFE704980199F1
:10ECC00030F81100800803900498019900EB41008E
:10ECD0004088800802900698039950F8210000901F
:10ECE0000699029851F82000039A41F822000098F2
:10ECF0000699029A41F822000698039900EB8100D8
:10ED0000406800900699029801EB80004068039AE1
:10ED100001EB8201486000980699029A01EB82019A
:10ED20004860019802300190C2E707B070470000C8
:10ED300080B588B0079006918DF817208DF81630B1
:10ED40000798008804909DF8170001281BD1FFE761
:10ED500006980430019000200390FFE7039804997F
:10ED600088420FD2FFE7019890ED000AB1EE400A09
:10ED700080ED000A019808300190FFE70398013008
:10ED80000390EBE7FFE704980090102825D0FFE7F9
:10ED90000098202826D0FFE70098402827D0FFE7DA
:10EDA0000098802819D0FFE70098B0F5807F19D02F
:10EDB000FFE70098B0F5007F19D0FFE70098B0F5A5
:10EDC000806F0AD0FFE70098B0F5006F0AD0FFE728
:10EDD0000098B0F5805F0AD012E00798069900F01D
:10EDE00053F80DE00798069900F046FA08E00698F7
:10EDF000BDF81010079A5268012300F0B1FFFFE739
:10EE00009DF8160038B1FFE70698079A9189926835
:10EE1000FFF746FFFFE79DF81700012831D1FFE714
:10EE20009DED040AB8EE401AB7EE000A80EE010A22
:10EE30008DED020A0698019000200390FFE70398E9
:10EE4000049988421CD2FFE79DED021A0198011D2A
:10EE5000019190ED000A20EE010A80ED000A019870
:10EE600090ED000A9DED021A20EE410A80ED000AA5
:10EE7000019804300190FFE7039801300390DEE72A
:10EE8000FFE708B080BD000080B5A2B021902091BE
:10EE9000219800881F9020981F9900EB81001A90FC
:10EEA00021984068199020981E901A981D901F98DC
:10EEB00040081F9020981F9900EB81001C901A9821
:10EEC0001F9900EB81001B901F9880080290FFE7BC
:10EED0000298002800F0BA81FFE72098006815909A
:10EEE0002098406816902098806817902098C068F5
:10EEF00018901A98006811901A98406812901A9801
:10EF0000806813901A98C06814901C9800680D903F
:10EF10001C9840680E901C9880680F901C98C068E0
:10EF200010901B98006809901B9840680A901B98E5
:10EF300080680B901B98C0680C909DED150A9DEDA4
:10EF4000111A30EE010A2098011D209180ED000A6F
:10EF50009DED160A9DED121A30EE010A2098011D52
:10EF6000209180ED000A9DED170A9DED131A30EEF9
:10EF7000010A2098011D209180ED000A9DED180ADC
:10EF80009DED141A30EE010A2098011D209180EDAC
:10EF9000000A9DED150A9DED111A30EE410A8DED26
:10EFA000110A9DED160A9DED121A30EE410A8DED03
:10EFB000120A9DED170A9DED131A30EE410A8DEDF0
:10EFC000130A9DED180A9DED141A30EE410A8DEDDD
:10EFD000140A9DED0D0A9DED091A30EE010A1C98E8
:10EFE000011D1C9180ED000A9DED0E0A9DED0A1A8F
:10EFF00030EE010A1C98011D1C9180ED000A9DED68
:10F000000F0A9DED0B1A30EE010A1C98011D1C9190
:10F0100080ED000A9DED100A9DED0C1A30EE010AFC
:10F020001C98011D1C9180ED000A9DED090A9DEDC3
:10F030000D1A30EE410A8DED090A9DED0A0A9DED8B
:10F040000E1A30EE410A8DED0A0A9DED0B0A9DED78
:10F050000F1A30EE410A8DED0B0A9DED0C0A9DED65
:10F06000101A30EE410A8DED0C0A1998011D199104
:10F07000006808901998011D1991006807909DED8E
:10F08000110A9DED081A20EE010A8DED060A9DED8C
:10F09000120A9DED071A20EE010A8DED050A9DED7D
:10F0A000120A9DED081A20EE010A8DED040A9DED6D
:10F0B000110A9DED071A20EE010A8DED030A9DED60
:10F0C000060A9DED051A30EE010A1A98011D1A91E3
:10F0D00080ED000A9DED040A9DED031A30EE410A11
:10F0E0001A98011D1A9180ED000A9DED090A9DED07
:10F0F000071A20EE010A8DED060A9DED0A0A9DED24
:10F10000081A20EE010A8DED050A9DED0A0A9DED13
:10F11000071A20EE010A8DED040A9DED090A9DED06
:10F12000081A20EE010A8DED030A9DED060A9DEDF9
:10F13000051A30EE410A1B98011D1B9180ED000A53
:10F140009DED040A9DED031A30EE010A1B98011D86
:10F150001B9180ED000A1998011D19910068089013
:10F160001998011D1991006807909DED130A9DEDF6
:10F17000081A20EE010A8DED060A9DED140A9DED98
:10F18000071A20EE010A8DED050A9DED140A9DED8A
:10F19000081A20EE010A8DED040A9DED130A9DED7B
:10F1A000071A20EE010A8DED030A9DED060A9DED7A
:10F1B000051A30EE010A1A98011D1A9180ED000A15
:10F1C0009DED040A9DED031A30EE410A1A98011DC7
:10F1D0001A9180ED000A9DED0B0A9DED071A20EEB5
:10F1E000010A8DED060A9DED0C0A9DED081A20EE30
:10F1F000010A8DED050A9DED0C0A9DED071A20EE22
:10F20000010A8DED040A9DED0B0A9DED081A20EE12
:10F21000010A8DED030A9DED060A9DED051A30EEFB
:10F22000410A1B98011D1B9180ED000A9DED040A07
:10F230009DED031A30EE010A1B98011D1B9180ED14
:10F24000000AFFE702980138029041E61E98BDF8D7
:10F250007C10219A52680223019300F081FD019BEA
:10F260001D98BDF87C10219A526800F079FD22B0FB
:10F2700080BD00000000000080B5ACB02B902A914A
:10F280002B980088400829902A98299900EB810042
:10F290001D901D98299900EB81001C901C982999BC
:10F2A00000EB81001B902A9828901D9827901C98AD
:10F2B00026901B9825901D98043824901C9804389B
:10F2C00023901B98043822902298299900EB810002
:10F2D00021902B9840681E901F90209029984008FC
:10F2E00029900220039004200290062001902A9881
:10F2F00090ED000A1C9890ED001A30EE010A8DED99
:10F300000C0A2A9890ED000A1C9890ED001A30EE35
:10F31000410A8DED0B0A2A9890ED010A1C9890ED98
:10F32000011A30EE010A8DED0A0A2A9890ED010AC1
:10F330001C9890ED011A30EE410A8DED090A9DED01
:10F340000B0A1D9890ED011A30EE010A1B9890ED02
:10F35000011A30EE410A8DED170A9DED090A1D983C
:10F3600090ED001A30EE410A1B9890ED001A30EE35
:10F37000010A8DED180A9DED0C0A1D9890ED001AFA
:10F3800030EE410A1B9890ED001A30EE410A8DEDE7
:10F39000130A9DED0A0A1D9890ED011A30EE410AFC
:10F3A0001B9890ED011A30EE410A8DED140A9DED87
:10F3B0000B0A1D9890ED011A30EE410A1B9890ED52
:10F3C000011A30EE010A8DED0F0A9DED090A1D9814
:10F3D00090ED001A30EE010A1B9890ED001A30EE05
:10F3E000410A8DED100A9DED0C0A1D9890ED001A52
:10F3F00030EE010A1B9890ED001A30EE010A2A98AF
:10F40000011D2A9180ED000A9DED0A0A1D9890EDDC
:10F41000011A30EE010A1B9890ED011A30EE010A34
:10F420002A98011D2A9180ED000A17981D990A1D3E
:10F430001D92086018981D990A1D1D920860139866
:10F440001C990A1D1C92086014981C990A1D1C9294
:10F4500008600F981B990A1D1B92086010981B9951
:10F460000A1D1B9208600399209800EB81002090F0
:10F4700002991F9800EB81001F9001991E9800EBE4
:10F4800081001E902998023840080490FFE70498F4
:10F49000002800F0AC82FFE72A9890ED000A1C9843
:10F4A00090ED001A30EE010A8DED0C0A2A9890EDCD
:10F4B000000A1C9890ED001A30EE410A8DED0B0AFF
:10F4C0002A9890ED010A1C9890ED011A30EE010A7D
:10F4D0008DED0A0A2A9890ED010A1C9890ED011A08
:10F4E00030EE410A8DED090A9DED0B0A1D9890ED55
:10F4F000011A30EE010A1B9890ED011A30EE410A14
:10F500008DED170A9DED090A1D9890ED001A30EE59
:10F51000410A1B9890ED001A30EE010A8DED180A91
:10F520009DED0C0A1D9890ED001A30EE410A1B98D3
:10F5300090ED001A30EE410A8DED130A9DED0A0A96
:10F540001D9890ED011A30EE410A1B9890ED011ABA
:10F5500030EE410A8DED140A9DED0B0A1D9890EDD9
:10F56000011A30EE410A1B9890ED011A30EE010AA3
:10F570008DED0F0A9DED090A1D9890ED001A30EEF1
:10F58000010A1B9890ED001A30EE410A8DED100A29
:10F590009DED0C0A1D9890ED001A30EE010A1B98A3
:10F5A00090ED001A30EE010A2A98011D2A9180ED93
:10F5B000000A9DED0A0A1D9890ED011A30EE010A2D
:10F5C0001B9890ED011A30EE010A2A98011D2A912C
:10F5D00080ED000A249810ED010A229810ED011A1E
:10F5E00030EE010A8DED0A0A249810ED010A2298E6
:10F5F00010ED011A30EE410A8DED090A249890EDC4
:10F60000000A229890ED001A30EE010A8DED0C0AE6
:10F61000249890ED000A229890ED001A30EE410AED
:10F620008DED0B0A239890ED000A219890ED001AB9
:10F6300030EE410A9DED091A30EE010A8DED190AEE
:10F64000249890ED000A229890ED001A30EE410ABD
:10F65000239810ED011A30EE410A219810ED011A9D
:10F6600030EE010A8DED1A0A9DED0A0A239810ED7D
:10F67000011A30EE410A219810ED011A30EE410ACC
:10F680008DED150A9DED0C0A239890ED001A30EED1
:10F69000410A219890ED001A30EE410A8DED160ACC
:10F6A000239890ED000A219890ED001A30EE410A5F
:10F6B0009DED091A30EE410A8DED110A219810EDE9
:10F6C000010A239810ED011A30EE410A9DED0B1A44
:10F6D00030EE410A8DED120A9DED0C0A239890ED53
:10F6E000001A30EE010A219890ED001A30EE010A5E
:10F6F0002498011F249180ED000A9DED0A0A2398A9
:10F7000010ED011A30EE010A219810ED011A30EEC9
:10F71000010A2498011F249180ED000A2098011D00
:10F72000209100680E902098011D209100680D9096
:10F730009DED170A9DED0E1A20EE010A8DED080AC7
:10F740009DED180A9DED0D1A20EE010A8DED070AB8
:10F750009DED180A9DED0E1A20EE010A8DED060AA8
:10F760009DED170A9DED0D1A20EE010A8DED050A9B
:10F770009DED080A9DED071A30EE010A1D98011D46
:10F780001D9180ED000A9DED060A9DED051A30EEF3
:10F79000410A1D98011D1D9180ED000A9DED1A0A78
:10F7A0009DED0D1A20EE010A8DED080A9DED190A56
:10F7B0009DED0E1A20EE010A8DED070A9DED190A46
:10F7C0009DED0D1A20EE010A8DED060A9DED1A0A37
:10F7D0009DED0E1A20EE010A8DED050A9DED080A39
:10F7E0009DED071A30EE410A2398011F239180ED09
:10F7F000000A9DED060A9DED051A30EE010A2398D8
:10F80000011F239180ED000A1F9800680E901F9839
:10F8100040680D9002991F9800EB81001F909DEDAC
:10F82000130A9DED0E1A20EE010A8DED080A9DEDDA
:10F83000140A9DED0D1A20EE010A8DED070A9DEDCB
:10F84000140A9DED0E1A20EE010A8DED060A9DEDBB
:10F85000130A9DED0D1A20EE010A8DED050A9DEDAE
:10F86000080A9DED071A30EE010A1C98011D1C9133
:10F8700080ED000A9DED060A9DED051A30EE410A65
:10F880001C98011D1C9180ED000A9DED160A9DED4E
:10F890000E1A20EE410A8DED080A9DED150A9DED28
:10F8A0000D1A20EE010A8DED070A9DED150A9DED5A
:10F8B0000E1A20EE010A8DED060A9DED160A9DED49
:10F8C0000D1A20EE010A8DED050A9DED080A9DED49
:10F8D000071A30EE410A2298011F229180ED000A9A
:10F8E0009DED050A9DED061A30EE410A2298011F92
:10F8F000229180ED000A1E9800680E901E984068C4
:10F900000D9001991E9800EB81001E909DED0F0A4D
:10F910009DED0E1A20EE010A8DED080A9DED100AEC
:10F920009DED0D1A20EE010A8DED070A9DED100ADE
:10F930009DED0E1A20EE010A8DED060A9DED0F0ACF
:10F940009DED0D1A20EE010A8DED050A9DED080AC8
:10F950009DED071A30EE010A1B98011D1B9180EDE9
:10F96000000A9DED060A9DED051A30EE410A1B982E
:10F97000011D1B9180ED000A9DED120A9DED0D1AEF
:10F9800020EE010A8DED080A9DED110A9DED0E1A7B
:10F9900020EE010A8DED070A9DED110A9DED0D1A6D
:10F9A00020EE010A8DED060A9DED120A9DED0E1A5C
:10F9B00020EE010A8DED050A9DED080A9DED071A5E
:10F9C00030EE410A2198011F219180ED000A9DED42
:10F9D000060A9DED051A30EE010A2198011F2191BA
:10F9E00080ED000AFFE70498013804904FE52A985B
:10F9F00090ED000A1C9890ED001A30EE010A8DED92
:10FA00000C0A2A9890ED000A1C9890ED001A30EE2E
:10FA1000410A8DED0B0A2A9890ED010A1C9890ED91
:10FA2000011A30EE010A8DED0A0A2A9890ED010ABA
:10FA30001C9890ED011A30EE410A8DED090A9DEDFA
:10FA40000B0A1D9890ED011A30EE010A1B9890EDFB
:10FA5000011A30EE410A8DED170A9DED090A1D9835
:10FA600090ED001A30EE410A1B9890ED001A30EE2E
:10FA7000010A8DED180A9DED0C0A1D9890ED001AF3
:10FA800030EE410A1B9890ED001A30EE410A8DEDE0
:10FA9000130A9DED0A0A1D9890ED011A30EE410AF5
:10FAA0001B9890ED011A30EE410A8DED140A9DED80
:10FAB0000B0A1D9890ED011A30EE410A1B9890ED4B
:10FAC000011A30EE010A8DED0F0A9DED090A1D980D
:10FAD00090ED001A30EE010A1B9890ED001A30EEFE
:10FAE000410A8DED100A9DED0C0A1D9890ED001A4B
:10FAF00030EE010A1B9890ED001A30EE010A2A98A8
:10FB0000011D2A9180ED000A9DED0A0A1D9890EDD5
:10FB1000011A30EE010A1B9890ED011A30EE010A2D
:10FB20002A98011D2A9180ED000A209800680E9005
:10FB3000209840680D909DED170A9DED0E1A20EE5D
:10FB4000010A8DED080A9DED180A9DED0D1A20EEB3
:10FB5000010A8DED070A9DED180A9DED0E1A20EEA3
:10FB6000010A8DED060A9DED170A9DED0D1A20EE96
:10FB7000010A8DED050A9DED080A9DED071A30EE8C
:10FB8000010A1D98011D1D9180ED000A9DED060AD8
:10FB90009DED051A30EE410A1D98011D1D9180ED65
:10FBA000000A1F9800680E901F9840680D909DED08
:10FBB000130A9DED0E1A20EE010A8DED080A9DED47
:10FBC000140A9DED0D1A20EE010A8DED070A9DED38
:10FBD000140A9DED0E1A20EE010A8DED060A9DED28
:10FBE000130A9DED0D1A20EE010A8DED050A9DED1B
:10FBF000080A9DED071A30EE010A1C98011D1C91A0
:10FC000080ED000A9DED060A9DED051A30EE410AD1
:10FC10001C98011D1C9180ED000A1E9800680E9032
:10FC20001E9840680D909DED0F0A9DED0E1A20EE76
:10FC3000010A8DED080A9DED100A9DED0D1A20EECA
:10FC4000010A8DED070A9DED100A9DED0E1A20EEBA
:10FC5000010A8DED060A9DED0F0A9DED0D1A20EEAD
:10FC6000010A8DED050A9DED080A9DED071A30EE9B
:10FC7000010A1B98011D1B9180ED000A9DED060AEB
:10FC80009DED051A30EE410A1B98011D1B9180ED78
:10FC9000000A2898BDF8A4102B9A526804230093F8
:10FCA00000F05EF8009B2798BDF8A4102B9A5268CC
:10FCB00000F056F8009B2698BDF8A4102B9A5268C5
:10FCC00000F04EF8009B2598BDF8A4102B9A5268BE
:10FCD00000F046F82CB080BD80B58AB00690059142
:10FCE000049204980390FFE70398B0B3FFE70698E7
:10FCF000011D0691006802900698011D069100689A
:10FD000001909DED021A9DED010A20EE000AA1EE80
:10FD1000010A0598011D05918DED080A07909DEDDA
:10FD2000080AB5EE400AF1EE10FA0BDBFFE79DED95
:10FD3000080AFEF7A5FF079880ED000A00208DF85D
:10FD4000270006E0079900200860FF208DF82700B3
:10FD5000FFE7039801380390C6E70AB080BD0000B2
:10FD6000BCB03B90ADF8EA103992ADF8E23040F209
:10FD7000F340C3F635700090BDF8EA002690FFE727
:10FD8000269827902698C008269000203090FFE7FC
:10FD90003098269908442F902F98269908442E9041
:10FDA0002E98269908442D902D98269908442C9039
:10FDB0002C98269908442B902B98269908442A9031
:10FDC0002A982699084429903B98309900EBC10164
:10FDD00091ED000A2C9900EBC10090ED001A30EE75
:10FDE000010A8DED240A3B98309900EBC10191ED99
:10FDF000000A2C9900EBC10090ED001A30EE410A88
:10FE00008DED200A3B982F9900EBC10191ED000A7E
:10FE10002B9900EBC10090ED001A30EE010A8DED38
:10FE2000230A3B982F9900EBC10191ED000A2B9911
:10FE300000EBC10090ED001A30EE410A8DED1F0A73
:10FE40003B982E9900EBC10191ED000A2A9900EB35
:10FE5000C10090ED001A30EE010A8DED220A3B98A8
:10FE60002E9900EBC10191ED000A2A9900EBC10027
:10FE700090ED001A30EE410A8DED1E0A3B982D9947
:10FE800000EBC10191ED000A299900EBC10090ED52
:10FE9000001A30EE010A8DED210A3B982D9900EBF6
:10FEA000C10191ED000A299900EBC10090ED001A03
:10FEB00030EE410A8DED1D0A9DED240A9DED221ABA
:10FEC00030EE410A8DED1C0A9DED240A9DED221AAB
:10FED00030EE010A8DED240A9DED230A9DED211AD5
:10FEE00030EE410A8DED220A9DED230A9DED211A87
:10FEF00030EE010A8DED230A9DED240A9DED231AB3
:10FF000030EE010A3B98309900EBC10080ED000A09
:10FF10009DED240A9DED231A30EE410A3B982C9961
:10FF200000EBC10080ED000A3B98309900EBC10165
:10FF300091ED010A2C9900EBC10090ED011A30EE11
:10FF4000010A8DED240A3B98309900EBC10191ED37
:10FF5000010A2C9900EBC10090ED011A30EE410A24
:10FF60008DED160A3B982F9900EBC10191ED010A26
:10FF70002B9900EBC10090ED011A30EE010A8DEDD6
:10FF8000230A3B982F9900EBC10191ED010A2B99AF
:10FF900000EBC10090ED011A30EE410A8DED150A1B
:10FFA0003B982E9900EBC10191ED010A2A9900EBD3
:10FFB000C10090ED011A30EE010A8DED180A3B9850
:10FFC0002E9900EBC10191ED010A2A9900EBC100C5
:10FFD00090ED011A30EE410A8DED140A3B982D99EF
:10FFE00000EBC10191ED010A299900EBC10090EDF0
:10FFF000011A30EE010A8DED210A3B982D9900EB94
:020000040801F1
:10000000C10191ED010A299900EBC10090ED011A9F
:1000100030EE410A8DED130A9DED240A9DED181A6C
:1000200030EE410A8DED1B0A9DED240A9DED181A54
:1000300030EE010A8DED240A9DED230A9DED211A73
:1000400030EE410A8DED180A9DED230A9DED211A2F
:1000500030EE010A8DED230A9DED240A9DED231A51
:1000600030EE010A3B98309900EBC10080ED010AA7
:100070009DED240A9DED231A30EE410A3B982C9900
:1000800000EBC10080ED010A9DED1C0A9DED181AE0
:1000900030EE010A3B982E9900EBC10080ED000A7A
:1000A0009DED1C0A9DED181A30EE410A3B982A99E5
:1000B00000EBC10080ED000A9DED1B0A9DED221AA8
:1000C00030EE410A3B982E9900EBC10080ED010A09
:1000D0009DED1B0A9DED221A30EE010A3B982A99EC
:1000E00000EBC10080ED010A9DED1F0A9DED1D1A78
:1000F00030EE410A9FED6A1A20EE010A8DED240AC6
:100100009DED1F0A9DED1D2A30EE020A20EE010A28
:100110008DED1F0A9DED150A9DED132A30EE420A62
:1001200020EE010A8DED230A9DED150A9DED132A9F
:1001300030EE020A20EE010A8DED150A9DED200A2F
:100140009DED241A30EE410A8DED1C0A9DED200A2A
:100150009DED241A30EE010A8DED200A9DED1E0A58
:100160009DED1F1A30EE410A8DED1D0A9DED1E0A10
:100170009DED1F1A30EE010A8DED1E0A9DED160A47
:100180009DED231A30EE410A8DED1B0A9DED160AF6
:100190009DED231A30EE010A8DED160A9DED140A2D
:1001A0009DED151A30EE410A8DED130A9DED140AEE
:1001B0009DED151A30EE010A8DED140A9DED200A11
:1001C0009DED141A30EE010A3B982F9900EBC10007
:1001D00080ED000A9DED200A9DED141A30EE410AD3
:1001E0003B98299900EBC10080ED000A9DED1C0AA7
:1001F0009DED131A30EE010A3B982B9900EBC100DC
:1002000080ED000A9DED1C0A9DED131A30EE410AA7
:100210003B982D9900EBC10080ED000A9DED160A78
:100220009DED1E1A30EE410A3B982F9900EBC1005C
:1002300080ED010A9DED160A9DED1E1A30EE010AB1
:100240003B98299900EBC10080ED010A9DED1B0A46
:100250009DED1D1A30EE410A3B982B9900EBC10031
:1002600080ED010A9DED1B0A9DED1D1A30EE010A7D
:100270003B982D9900EBC10080ED010A2799309839
:1002800008443090FFE73098BDF8EA108842FFF448
:100290007FADFFE72698072804D8FFE700F05DBC94
:1002A000F304353F0020379001202590FFE7379871
:1002B000BDF8E2100844289028983790379828997C
:1002C00008443690369828990844359035982899EE
:1002D00008443490349828990844339033982899E6
:1002E00008443290329828990844319039983799C7
:1002F00050F831000E903998369950F831000D9031
:100300003998359950F831000C903998349950F853
:1003100031000B903998339950F831000A90399890
:10032000329950F8310009903998319950F83100DC
:1003300008903998379900EBC100406807903998C8
:10034000369900EBC100406806903998359900EB6A
:10035000C100406805903998349900EBC1004068AD
:1003600004903998339900EBC100406803903998A4
:10037000329900EBC100406802903998319900EB46
:10038000C1004068019025983090FFE73098269989
:1003900008442F902F98269908442E902E9826993D
:1003A00008442D902D98269908442C902C98269935
:1003B00008442B902B98269908442A902A9826992D
:1003C000084429903B98309900EBC10191ED000A57
:1003D0002C9900EBC10090ED001A30EE010A8DED72
:1003E000240A3B98309900EBC10191ED000A2C9949
:1003F00000EBC10090ED001A30EE410A8DED200AAD
:100400003B982F9900EBC10191ED000A2B9900EB6D
:10041000C10090ED001A30EE010A8DED230A3B98E1
:100420002F9900EBC10191ED000A2B9900EBC1005F
:1004300090ED001A30EE410A8DED1F0A3B982E997F
:1004400000EBC10191ED000A2A9900EBC10090ED8B
:10045000001A30EE010A8DED220A3B982E9900EB2E
:10046000C10191ED000A2A9900EBC10090ED001A3C
:1004700030EE410A8DED1E0A3B982D9900EBC1012B
:1004800091ED000A299900EBC10090ED001A30EEC1
:10049000010A8DED210A3B982D9900EBC10191EDE8
:1004A000000A299900EBC10090ED001A30EE410AD4
:1004B0008DED1D0A9DED240A9DED221A30EE410AB4
:1004C0008DED1C0A9DED240A9DED221A30EE010AE5
:1004D0008DED240A9DED230A9DED211A30EE410A8F
:1004E0008DED220A9DED230A9DED211A30EE010AC1
:1004F0008DED230A9DED240A9DED231A30EE010AAD
:100500003B98309900EBC10080ED000A9DED240A74
:100510009DED231A30EE410A8DED230A3B98309968
:1005200000EBC10191ED010A2C9900EBC10090EDA7
:10053000011A30EE010A8DED1A0A3B98309900EB52
:10054000C10191ED010A2C9900EBC10090ED011A57
:1005500030EE410A8DED160A3B982F9900EBC10150
:1005600091ED010A2B9900EBC10090ED011A30EEDC
:10057000010A8DED190A3B982F9900EBC10191ED0D
:10058000010A2B9900EBC10090ED011A30EE410AEF
:100590008DED150A3B982E9900EBC10191ED010AF2
:1005A0002A9900EBC10090ED011A30EE010A8DEDA1
:1005B000180A3B982E9900EBC10191ED010A2A9986
:1005C00000EBC10090ED011A30EE410A8DED140AE6
:1005D0003B982D9900EBC10191ED010A299900EB9F
:1005E000C10090ED011A30EE010A8DED170A3B981B
:1005F0002D9900EBC10191ED010A299900EBC10091
:1006000090ED011A30EE410A8DED130A9DED1A0AA4
:100610009DED181A30EE410A8DED1B0A9DED1A0A68
:100620009DED181A30EE010A8DED1A0A9DED190A9A
:100630009DED171A30EE410A8DED180A9DED190A4D
:100640009DED171A30EE010A8DED190A9DED1C0A79
:100650009DED181A30EE010A8DED240A9DED1C0A5D
:100660009DED181A30EE410A8DED1C0A9DED1A0A17
:100670009DED191A30EE010A3B98309900EBC1004C
:1006800080ED010A9DED1A0A9DED191A30EE410A1E
:100690008DED190A9DED1B0A9DED221A30EE410ADF
:1006A0008DED1A0A9DED1B0A9DED221A30EE010A0E
:1006B0008DED1B0A9DED0B0A9DED231A20EE010A1C
:1006C0008DED120A9DED040A9DED191A20EE010A26
:1006D0008DED110A9DED0B0A9DED191A20EE010A10
:1006E0008DED100A9DED040A9DED231A20EE010AFE
:1006F0008DED0F0A9DED120A9DED111A30EE010AE3
:100700003B982C9900EBC10080ED000A9DED100A8A
:100710009DED0F1A30EE410A3B982C9900EBC10079
:1007200080ED010A9DED0D0A9DED241A20EE010ACF
:100730008DED120A9DED060A9DED1A1A20EE010AB2
:100740008DED110A9DED0D0A9DED1A1A20EE010A9C
:100750008DED100A9DED060A9DED241A20EE010A8A
:100760008DED0F0A9DED120A9DED111A30EE010A72
:100770003B982E9900EBC10080ED000A9DED100A18
:100780009DED0F1A30EE410A3B982E9900EBC10007
:1007900080ED010A9DED090A9DED1C1A20EE010A6B
:1007A0008DED120A9DED020A9DED1B1A20EE010A45
:1007B0008DED110A9DED090A9DED1B1A20EE010A2F
:1007C0008DED100A9DED020A9DED1C1A20EE010A26
:1007D0008DED0F0A9DED120A9DED111A30EE010A02
:1007E0003B982A9900EBC10080ED000A9DED100AAC
:1007F0009DED0F1A30EE410A3B982A9900EBC1009B
:1008000080ED010A9DED1F0A9DED1D1A30EE410A93
:100810009FEDD31A20EE010A8DED240A9DED1F0AEB
:100820009DED1D2A30EE020A20EE010A8DED1F0A11
:100830009DED150A9DED132A30EE420A20EE010AC5
:100840008DED1A0A9DED150A9DED132A30EE020A70
:1008500020EE010A8DED150A9DED200A9DED241A6A
:1008600030EE410A8DED1C0A9DED200A9DED241A03
:1008700030EE010A8DED200A9DED1E0A9DED1F1A36
:1008800030EE410A8DED1D0A9DED1E0A9DED1F1AE9
:1008900030EE010A8DED1E0A9DED160A9DED1A1A25
:1008A00030EE410A8DED1B0A9DED160A9DED1A1AD8
:1008B00030EE010A8DED160A9DED140A9DED151A14
:1008C00030EE410A8DED130A9DED140A9DED151AC7
:1008D00030EE010A8DED140A9DED200A9DED141AEB
:1008E00030EE010A8DED240A9DED200A9DED141ACB
:1008F00030EE410A8DED200A9DED1C0A9DED131A84
:1009000030EE010A8DED1F0A9DED1C0A9DED131AB4
:1009100030EE410A8DED1C0A9DED160A9DED1E1A62
:1009200030EE410A8DED1A0A9DED160A9DED1E1A54
:1009300030EE010A8DED160A9DED1B0A9DED1D1A84
:1009400030EE410A8DED150A9DED1B0A9DED1D1A35
:1009500030EE010A8DED1B0A9DED0E0A9DED241A65
:1009600020EE010A8DED120A9DED070A9DED1A1A7F
:1009700020EE010A8DED110A9DED0E0A9DED1A1A69
:1009800020EE010A8DED100A9DED070A9DED241A57
:1009900020EE010A8DED0F0A9DED120A9DED111A50
:1009A00030EE010A3B982F9900EBC10080ED000A60
:1009B0009DED100A9DED0F1A30EE410A3B982F99DC
:1009C00000EBC10080ED010A9DED080A9DED201AA3
:1009D00020EE010A8DED120A9DED010A9DED161A19
:1009E00020EE010A8DED110A9DED080A9DED161A03
:1009F00020EE010A8DED100A9DED010A9DED201AF1
:100A000020EE010A8DED0F0A9DED120A9DED111ADF
:100A100030EE010A3B98299900EBC10080ED000AF5
:100A20009DED100A9DED0F1A30EE410A3B98299971
:100A300000EBC10080ED010A9DED0A0A9DED1F1A31
:100A400020EE010A8DED120A9DED030A9DED151AA7
:100A500020EE010A8DED110A9DED0A0A9DED151A91
:100A600020EE010A8DED100A9DED030A9DED1F1A7F
:100A700020EE010A8DED0F0A9DED120A9DED111A6F
:100A800030EE010A3B982B9900EBC10080ED000A83
:100A90009DED100A9DED0F1A30EE410A3B982B99FF
:100AA00000EBC10080ED010A9DED0C0A9DED1C1AC2
:100AB00020EE010A8DED120A9DED050A9DED1B1A2F
:100AC00020EE010A8DED110A9DED0C0A9DED1B1A19
:100AD00020EE010A8DED100A9DED050A9DED1C1A10
:100AE00020EE010A8DED0F0A9DED120A9DED111AFF
:100AF00030EE010A3B982D9900EBC10080ED000A11
:100B00009DED100A9DED0F1A30EE410A3B982D998C
:100B100000EBC10080ED010A27993098084430901D
:100B2000FFE73098BDF8EA108842FFF42FACFFE7EA
:100B3000259801302590FFE7259826998842FFF4F3
:100B4000B6ABFFE7BDF8E200C000ADF8E200FFE79A
:100B5000269807283FF614A9FFE73CB0704700BF6E
:100B6000F304353F0000000082B000208DF807003C
:100B700001200090FFE700984CF27451C2F201414D
:100B80000988884211DAFFE74CF27050C2F2014046
:100B900000680099415C9DF8070008448DF8070043
:100BA000FFE7009801300090E5E79DF807204CF240
:100BB0007051C2F201410B684CF27450C2F2014014
:100BC000B0F800C003F80C200A6801880A445A21D2
:100BD00051700088023080B202B0704700000000FF
:100BE00084B00290019101200090FFE700980199E4
:100BF0000139884224DAFFE70298009900EB81006E
:100C000090ED000A10ED011AB4EE410AF1EE10FA6F
:100C100011DDFFE70298009900EB810090ED000ADA
:100C200090ED011AB4EE410AF1EE10FA03DDFFE790
:100C30000098039007E0FFE7009801300090D5E7A7
:100C400000200390FFE7039804B070470000000005
:100C500080B582B00190009144F20840C2F2014098
:100C600001A901224FF0FF33FBF7AEFA019802B061
:100C700080BD00000000000080B58AB0002009900F
:100C8000FFE70998B0F5805F80F29780FFE740F2B8
:100C90001400C2F2004090ED000A8DED010A40F20E
:100CA0001800C2F2004090ED000A8DED000A9DEDA3
:100CB000090AB8EEC00A9FED421A20EE010A9FED24
:100CC000411A8DED051A80EE010A00F05FFF9DEDDF
:100CD000002A9DED051AB0EE403A9DED010AA2EE04
:100CE000430A8DED030A40F21C00C2F2004090ED71
:100CF000000A8DED020A9DED090AB8EEC00A9FEDCB
:100D0000322A20EE020A80EE010A00F03FFF9DED3C
:100D1000022A9DED051AB0EE403A9DED030AA2EEBF
:100D2000030A8DED060A40F22000C2F2004090ED69
:100D3000000A8DED040A9DED090AB8EEC00A9FED88
:100D4000232A20EE020A80EE010A00F01FFF9DED2B
:100D5000042A9DED051AB0EE403A9DED060AA2EE7A
:100D6000430A8DED080A40F22400C2F2004090EDE3
:100D7000000A8DED070A9DED090AB8EEC00A9FED45
:100D8000142A20EE020A80EE010A00F0FFFE9DED1B
:100D9000071AB0EE402A9DED080AA1EE020A099951
:100DA00040F27850C2F2024000EB810080ED000A70
:100DB000FFE709980130099063E70AB080BD00BFE2
:100DC000DB0FC94000F07F45DB0F4941E4CB964182
:100DD000DB0FC9410000000080B5C0B000203F908B
:100DE000FBF76EFCF5F78CFFFCF7A2F9FBF730FD83
:100DF000FBF7F6FCFBF790FCFBF7AEFDFBF7E8FD1D
:100E0000FBF7BEFEFBF704FFFBF746FEFBF788FE91
:100E100044F27030C2F20140F9F752FF44F2880008
:100E2000C2F2014040F23801C2F200414FF4805258
:100E3000F2F7EAF844F22430C2F20140F9F7C4FEB6
:100E40004CF25451C2F201414FF07E500860FFF75E
:100E500013FF1420F5F764FBFFE746F23800C2F2F7
:100E600000400078002800F0B785FFE746F238011F
:100E7000C2F2004100200890087040F23800C2F22F
:100E800000404FF48051FFF7ABFE014608984CF24A
:100E90003652C2F2014211803E90FFE73E9840F286
:100EA0002801C2F200410988884218DAFFE74CF2B3
:100EB0003650C2F2014000883E9A811840F2380054
:100EC000C2F2004030F8110046F23A01C2F200418D
:100ED00021F81200FFE73E9801303E90DEE7002047
:100EE0003D90FFE73D98B0F5805F1ADAFFE73D9946
:100EF00040F23800C2F2004030F81100C0EB0010A0
:100F000000EE100AB8EEC00A42F23800C2F2004009
:100F100000EB810080ED000AFFE73D9801303D9035
:100F2000E0E700203C90FFE73C98B0F5805F34DAC2
:100F3000FFE79DED3C0AB8EEC00A9FEDDC1A20EEFB
:100F4000010A9FEDDB1A80EE010A00F01FFEB0EEF1
:100F5000401AB7EE000A30EE410AB6EE001A20EE53
:100F6000010A8DED3B0A3C9942F23800C2F2004082
:100F700000EB810090ED000A9DED3B1A20EE010A86
:100F80004CF27850C2F2014000EB810080ED000A83
:100F9000FFE73C9801303C90C6E700203A90FFE71D
:100FA0003A98B0F5805F17DAFFE73A9A4CF278503A
:100FB000C2F2014050F8221048F27800C2F200401C
:100FC00040F832103A9900EBC10100204860FFE779
:100FD0003A9801303A90E3E744F24070C0F60100DD
:100FE0003990399848F27801C2F200410691002206
:100FF00007920123FDF79CFE069840F27801C2F2A9
:1010000001414FF48052FEF767FE07983890FFE7E2
:101010003898B0F5805F18DAFFE7389A40F2780028
:10102000C2F2014000EB820090ED000ABCEEC00A63
:1010300010EE100A46F26C01C2F2004121F81200D3
:10104000FFE7389801303890E2E744F28401C2F2B9
:1010500001410020086044F28001C2F201410120F8
:10106000086002203790FFE73798B0F5006F2DDA5F
:10107000FFE7379940F27800C2F2014000EB8100AF
:1010800090ED000A44F28400C2F2014090ED001A93
:10109000B4EE410AF1EE10FA13DDFFE7379940F2A2
:1010A0007800C2F2014050F8210044F28401C2F2FB
:1010B00001410860379844F28001C2F201410860A2
:1010C000FFE7FFE7379801303790CDE70020ADF814
:1010D000DA00FFE7BDF8DA00B0F5805F21DAFFE75C
:1010E000BDF8DA1040F23800C2F2004030F81100CA
:1010F00000EE100AB8EE400A44F23050C2F201404D
:1011000000EBC10181ED000ABDF8DA1000EBC1016E
:1011100000204860FFE7BDF8DA000130ADF8DA00E2
:10112000D8E7399844F23051C2F2014105910022CA
:101130000123FDF7FDFD059944F28000C2F2014054
:10114000026851F832203592026801EBC201496809
:101150003491006820B9FFE740F6FF70049007E083
:1011600044F28000C2F20140006801380490FFE7B9
:101170000498ADF8CE0044F28000C2F2014000684D
:1011800040F6FF71884203D1FFE70020039007E09B
:1011900044F28000C2F20140006801300390FFE792
:1011A0000398ADF8CC00BDF8CE1044F23050C2F236
:1011B000014050F831103291BDF8CE1000EBC10162
:1011C000496831919DED321A9DED352A9DED310A28
:1011D0009DED343A20EE030AA1EE020A8DED300AAD
:1011E000BDF8CC1050F831102F91BDF8CC1000EBA9
:1011F000C10040682E909DED2F1A9DED352A9DED82
:101200002E0A9DED343A20EE030AA1EE020A8DED7E
:101210002D0A44F28000C2F20140006801280BD878
:10122000FFE744F28000C2F20140006800F6FE7061
:101230006FF31F30029007E044F28000C2F20140D9
:10124000006802380290FFE70298ADF8AE0044F261
:101250008000C2F20140006840F6FE7188420AD365
:10126000FFE744F28000C2F20140006802306FF3F1
:101270001F30019007E044F28000C2F20140006894
:1012800002300190FFE70198ADF8AC009DED2D0A0A
:10129000B5EE400AF1EE10FA4CDAFFE79DED300AA8
:1012A000B5EE400AF1EE10FA44DD0DE0DB0FC94067
:1012B00000F07F450000804500008044000061444C
:1012C0000050C347C0E1644D44F28000C2F20140C7
:1012D000016840F27800C2F2014050F821102A91D2
:1012E000BDF8CE1050F821102991BDF8CC1050F85F
:1012F00021102891BDF8AC1050F8210027909DEDE9
:10130000283A9DED272AB0EE001AB0EE430AA2EE6D
:10131000010A9DED291A30EE410A9DED2A4A31EE6F
:10132000041A31EE031A31EE021A80EE010A8DED35
:101330002C0AA3E09DED2D0AB5EE400AF1EE10FA5D
:101340003CDDFFE79DED300AB5EE400AF1EE10FA04
:1013500034DAFFE744F28000C2F20140016840F253
:101360007800C2F2014050F821102691BDF8CE104D
:1013700050F821102591BDF8AE1050F8211024919D
:10138000BDF8CC1050F8210023909DED232A9DED4F
:10139000253A32EE430A9DED241AB8EE004AA1EE3A
:1013A000040A31EE031A9DED263A31EE031A31EEAE
:1013B000021A80EE010A8DED2C0A5EE044F28000F4
:1013C000C2F20140016840F27800C2F2014050F8D8
:1013D00021102291BDF8CE1050F821102191BDF8B6
:1013E000AE1050F821102091BDF8CC1050F821100B
:1013F0001F91BDF8AC1050F821001E909DED1F3AD2
:101400009DED1E2AB0EE001AB0EE430AA2EE010ACC
:101410009DED211A30EE410A9DED224A31EE041A6B
:1014200031EE031A31EE021A80EE010A8DED1D0A2B
:101430009DED1F2A9DED213A32EE430A9DED201AC3
:10144000B8EE004AA1EE040A31EE031A9DED223AED
:1014500031EE031A31EE021A80EE010A8DED1C0AFC
:101460009DED1D0A9DED1C1A30EE010AB6EE001A24
:1014700020EE010A8DED2C0AFFE7FFE744F2800021
:10148000C2F2014090ED000AB8EE400A9DED2C1A20
:1014900030EE010A40F20800C2F2004090ED001A5E
:1014A0001FED7C2A81EE021A20EE010A44F27C0034
:1014B000C2F2014080ED000A44F28400C2F2014011
:1014C00090ED000A00F00AFC30EE000A1FED861ACB
:1014D00080EE010A48F26C00C2F2004080ED000A82
:1014E00040F23000C2F20040007801280DD1FFE741
:1014F00044F27C00C2F2014090ED000AB3EE0A1AF9
:1015000020EE010A80ED000AFFE744F27C00C2F2FF
:10151000014090ED000A1FED971AB4EE410AF1EE7A
:1015200010FA40F3EB80FFE7FFE744F22430C2F209
:1015300001400068006A41F21111084216D1FFE72C
:1015400044F22430C2F201400068006A40F2444193
:1015500008420AD1FFE744F22430C2F20140016898
:10156000086820F001000860FFE7FFE7FFE744F2AA
:101570007C00C2F2014090ED000A1FEDAF1AB4EEFC
:10158000410AF1EE10FA42DCFFE740F22801C2F214
:1015900000411920088044F27C00C2F2014090ED25
:1015A000000AB3EE091A20EE010AB6EEC00A40F2B4
:1015B0000800C2F2004080ED000AFFE740F2080197
:1015C000C2F2004191ED001A1FEDC20A80EE012A1D
:1015D000B7EE001A32EE412A44F22430C2F2014042
:1015E0000268BCEEC22A82ED0B2A91ED002A80EE41
:1015F000020A30EE410ABCEEC00A80ED030AFFE7A2
:1016000040F23001C2F20041002008706CE040F26C
:101610002801C2F20041192008804CF23050C2F279
:10162000014090ED001A44F27C00C2F2014090EDBE
:10163000000A31EE400AB7EEC00AB0EEC00BB7EEBA
:10164000C11A80EE010B9FEDE61BB4EE410BF1EEEB
:1016500010FA15DDFFE744F27C00C2F2014090ED84
:10166000000AB3EE091A20EE010AB3EE0A1A80EE60
:10167000010A40F20800C2F2004080ED000AFFE7D4
:1016800044F27C00C2F2014000684CF23051C2F2D8
:1016900001410860FFE740F20801C2F2004191ED0C
:1016A000001A9FEDD20A80EE012AB7EE001A32EE40
:1016B000412A44F22430C2F201400268BCEEC22A40
:1016C00082ED0B2A91ED002A80EE020A30EE410AEB
:1016D000BCEEC00A80ED030AFFE740F23001C2F21F
:1016E000004101200870FFE744F22430C2F20140BB
:1016F0000168086840F001000860FFE700201B90C7
:1017000044F28000C2F20140006802381A90FFE7FC
:101710001A9844F28001C2F20141096802318842FC
:101720001ED8FFE71A98012815DBFFE71A98B0F5D5
:10173000006F10DAFFE71A9940F27800C2F2014018
:1017400000EB810090ED001A9DED1B0AA1EE010A4D
:101750008DED1B0AFFE7FFE71A9801301A90D7E7D3
:101760009DED1B0A00F0BAFA8DED190A44F2EC0166
:10177000C2F201410020086002201890FFE718988B
:10178000052800F30681FFE7189844F28001C2F2B1
:1017900001410968484300EE100AB8EE400A8DED99
:1017A000170A9DED170AB1EE041A30EE410A8DEDCD
:1017B000160A9DED170A30EE010A8DED150A00207C
:1017C00014909DED170ABDEEC00A8DED130A9DED34
:1017D000160ABDEEC00A8DED120AFFE79DED120A52
:1017E000B8EEC00A9DED151AB4EE410AF1EE10FAFA
:1017F0002ADCFFE71298012821DBFFE71298B0F5F9
:10180000006F1CDAFFE7129940F27800C2F2014043
:1018100000EB810090ED000A9DED141AB4EE410A30
:10182000F1EE10FA0BDDFFE7129940F27800C2F2F8
:10183000014050F82100149012981390FFE7FFE741
:10184000129801301290C9E7139940F27800C2F261
:10185000014000EB810151F8041C1191139950F8DB
:1018600021101091139900EB810040680F909DEDBD
:10187000111A9DED0F2A31EE420AB6EE003A20EE23
:10188000030A9DED103AB8EE004AA3EE041A31EEB9
:10189000021A80EE010A8DED0E0A9DED130AB8EED4
:1018A000C00A9DED0E1A30EE010A8DED0D0A9DED78
:1018B0000D0A40F20800C2F2004090ED001A20EE3E
:1018C000010A9FED491A80EE010A8DED0C0A9DED8B
:1018D000100A9DED112A9DED0F1A31EE421AB5EE58
:1018E000002A21EE021A9DED0E2AA1EE020A8DEDCC
:1018F0000B0A00201B90139802380A90FFE70A9801
:101900001399023188421EDCFFE70A98012815DB93
:10191000FFE70A98B0F5006F10DAFFE70A9940F286
:101920007800C2F2014000EB810090ED001A9DEDBD
:101930001B0AA1EE010A8DED1B0AFFE7FFE70A98DB
:1019400001300A90DBE79DED1B0A00F0C7F98DED31
:10195000090A9DED090A9DED191A80EE010A1899F0
:101960004CF25450C2F2014000EB810000ED010A3C
:101970009DED091A44F2EC00C2F2014090ED000A1C
:10198000A1EE010A80ED000AFFE7189801301890D7
:10199000F5E644F2EC00C2F2014090ED000A00F0DE
:1019A0009DF99DED191A80EE010A9FED111A20EEA6
:1019B000010A40F23400C2F2004080ED000A44F215
:1019C0008800C2F2014040F23801C2F200414FF4F7
:1019D0008052F1F719FBFFE7FFF73FBA00BF00BFE6
:1019E000000000A09999A93F00008045C0E1644D26
:1019F0000000C8420000000080B581B08DED000AF3
:101A00004CF26C50C2F20140007805284ADCFFE736
:101A10004CF26D50C2F20140007870B1FFE74CF219
:101A20007451C2F201410888013008804CF26D51B6
:101A3000C2F2014100200870FFE7009944F27800EB
:101A4000C2F20140016003684CF27052C2F20142DE
:101A5000D2F800C04CF27451C2F20141B1F800E07A
:101A60000CF80E3003681B0AD2F800E0B1F800C091
:101A7000F4448CF801304388D2F800E0B1F800C09B
:101A8000F4448CF80230C07813680A881A44D07085
:101A90000888043008804CF26C51C2F201410520E4
:101AA0000870FFE701B080BD81B0ADF802004CF2D4
:101AB0006C50C2F201400078032834DCFFE74CF29E
:101AC0006D50C2F20140007870B1FFE74CF27451E2
:101AD000C2F201410888013008804CF26D51C2F217
:101AE000014100200870FFE7BDF802004CF270527F
:101AF000C2F2014213684CF27451C2F20141B1F8D2
:101B000000C003F80C009DF8030013680A881A440B
:101B100050700888023008804CF26C51C2F20141CA
:101B200003200870FFE701B07047000000000000CC
:101B300081B0009000984CF27051C2F201410860EF
:101B40004CF27452C2F20142012010804CF26D52EC
:101B5000C2F20142002010700A68A52111704CF2F7
:101B60006C51C2F20141087001B070470FB4054BCF
:101B700010B503A9044A029800F05AFA10BC5DF8A7
:101B800014FB0000510C01080000002410EE101A94
:101B900008B5444A6846B2EB410F28D94FF0E640F9
:101BA000B0EB410F94BF00204FF0FF300090009841
:101BB000002861DB60EE000A10F0010F45D010F044
:101BC000020FDFED391A9FED391A00EEA11ADFED91
:101BD000381A40EE811A21EEA01AF0EE400A40EECB
:101BE000010A08BFF1EE600AB0EE600A08BD314B91
:101BF00021F0004293423CD911F0004FDFED2E0A54
:101C000020EE201ADFED2D0A19BF31EE601A71EEB9
:101C1000200A31EE201A71EE600ABDEEE01A11EED4
:101C2000100A9FED271A00F0030000EEC10A9FED95
:101C3000251A009000EEC10A9FED231A00EEC10A9A
:101C40009FED221A00EEC10AB1E79FED211A9FED28
:101C5000210A10F0020F00EE810A9FED1F1A00EE1C
:101C6000801AB7EE000A00EE810A18BFB1EE400AF2
:101C700008BD00F05BF89AE710EE100A4000B0F1E2
:101C80007F4F3CBFB7EE000A08BD07D14FF00100FF
:101C900000F006F9BDE8084000F040B8BDE8084093
:101CA00000F039B8B61F927E336D4CB9DA82083C29
:101CB000A0AA2ABE490E494683F9223F0000004BE4
:101CC0000000C93F00A0FD390020A2331A61342C66
:101CD000B93AB2BACA9F2A3DDDFFFFBE10B52DED5D
:101CE000028BB1EEC08A18EE100A20F00040C0F15D
:101CF000FF40C00F0AD010EE100A20F00040C0F1E3
:101D0000FF40C00F04BF012000F0CAF8B0EE480A3F
:101D1000BDEC028B10BD30EE000A7047DFED020A09
:101D200080EEA00A70470000000000002DE9F001DD
:101D30004FF07F42B2EB410F9FBF4FF0FF31016088
:101D4000BDE8F00170474FF0004242EA0123C1F3C1
:101D5000C752783A551112F01F0C434CCCF12006B3
:101D60007C44C1F3C752A2F178024FEA621204EB3D
:101D7000820254F8254008BFD2E9015612D05568B6
:101D800004FA0CF425FA06F73C43976805FA0CF5BB
:101D900027FA06F8D26807FA0CFCF24045EA080573
:101DA0004CEA0206A4FB034CA5FB0352A6FB03630B
:101DB0001D449D4234BF012600261319334416B139
:101DC000934202D903E0934201D2012200E00022B3
:101DD000624402F1200C9206DC0C42EA443200EE2E
:101DE000102A5B03DFED210AF8EEC01A00EE103A6C
:101DF0004FEA9C1C11F0004FB8EE400AC0F800C03A
:101E000020EE201A00EE105ADFED190AB8EE400A53
:101E100020EE200A71EE810A70EE800A10EE902A00
:101E200002F500626FF30B0200EE902A70EEE11AE9
:101E300031EEC11ADFED101A30EE411A9FED0D0A96
:101E400020EE800A01EE210A9FED0C1A00EE810AB5
:101E500004BFBDE8F0017047CCF180510160BDE8DE
:101E6000F001B1EE400A7047FC09000000000036A6
:101E70000000802C22AAFD29DB0FC92F0000C92FEA
:101E800002E008C8121F08C1002AFAD17047704743
:101E9000002001E001C1121F002AFBD170470000A1
:101EA0000149086070470000040000242DE9FF5F2D
:101EB00082B00021DDE90430020DDDF840B00343BB
:101EC00018D044F61050A2F2FF3242431514119874
:101ED00001281FD0A5EB0B00401C5FEA000A4FF061
:101EE00000064E4FDFF83891B046504615D5CAF17E
:101EF000000413E0119801244AA3012801D16FEADC
:101F00000B010298119AC0E90031C0E9024206B003
:101F1000BDE8F09FCBF10000DFE704460021404A16
:101F2000491842EB0450CDE9001012E0E00707D059
:101F300032463B4640464946EEF7EDFA8046894632
:101F400032463B4610461946EEF7E5FA06460F467E
:101F50006410002CEAD1DDE90401DDE90023BAF1C7
:101F6000000F06DAEEF7D7FA42464B46EEF7D3FA01
:101F700005E0EEF742FB42464B46EEF73EFB0446D9
:101F80000E460022284BEEF7BFFB03D84FF0FF3080
:101F9000014607E00022254B20463146EEF714FAB1
:101FA000EEF79AFB102409E0002C0ADB0A2200233A
:101FB000EEF792F9039B30321A55641E50EA010283
:101FC000F2D1641C039AC4F111031444119A012A3A
:101FD00003D0012208430DD10AE0084304D00020B9
:101FE0004FF0110B119072E7A3EB0B056D1E0DE086
:101FF0005B4504DD4FF0000205F1010504E003DA62
:102000004FF00002A5F10105002AECD002981199C9
:10201000C0E90231C0E9004579E700000000144042
:102020000000F03F300000000000F0430000E03FFF
:102030002DE9FF4F95B09B468946064600250FE2E5
:10204000252877D100242746F84A0121059400E08D
:10205000044316F8013F203B01FA03F01042F7D188
:1020600030782A2811D06FF02F033078A0F1300299
:10207000092A16D8059A44F0020402EB820203EB07
:1020800042021044761C0590EFE759F8042B0592A4
:10209000002A03DA504244F40054059044F002044C
:1020A000761C30782E2816D116F8010F44F004045F
:1020B0002A280DD06FF02F023078A0F13003092BC1
:1020C00009D807EB870302EB4303C718761CF3E735
:1020D00059F8047B761C30786C280FD006DC4C282D
:1020E00017D068280DD06A2814D104E0742810D0C5
:1020F0007A280FD10DE044F400140AE044F480146F
:1021000001E044F440147278824202D104F5801454
:10211000761C761C307866280BD013DC582877D0D4
:1021200009DC002875D04528F6D04628F4D0472889
:102130001AD19DE118E0632835D0642879D065284C
:1021400012D195E1702873D008DC6728F1D0692896
:102150006FD06E280DD06F2806D1B5E073282CD033
:10216000752875D0782874D05A46179990476D1CF9
:1021700075E1C4F30250022809D003280DD0D9F824
:10218000001004280DD00D6009F1040967E1D9F8A9
:102190000010EA17C1E90052F6E7D9F800100D80E7
:1021A000F2E70D70F0E719F8041B8DF8001000201D
:1021B0008DF80100EA46012003E059F804AB4FF026
:1021C000FF3061074FF0000102D40DE008F101017A
:1021D0008846B9420FDA8045F8DB1AF80810002962
:1021E000F4D108E008F1010188468142FADB1AF8CF
:1021F00008100029F6D105985B46A0EB0807214698
:102200003846179A00F094FA284400EB080507E0D6
:102210004DE029E10DE01AF8010B5A461799904755
:10222000B8F10108F7D25B4621463846179A13E108
:1022300042E00A220092C4F302524FF0000A022A3E
:1022400008D059F804CB032A4FEAEC710AD00DE00C
:1022500029E02AE009F1070121F00702F2E802C1B2
:10226000914609E00FFA8CFC4FEAEC71042A03D185
:102270004FFA8CFC4FEAEC71002907DA0A4600217C
:10228000DCF1000C61EB02012D2202E0220504D5F5
:102290002B228DF80420012203E0E20701D0202246
:1022A000F7E7904659E00A2102E010220DE01021E4
:1022B0004FF0000A00910BE010224FF0000A44F0AA
:1022C00004040827009203E008224FF0000A00925D
:1022D000C4F30252022A05D059F804CB0021032A84
:1022E00008D009E009F1070121F00702F2E802C174
:1022F000914605E01FFA8CFC042A01D10CF0FF0C7A
:102300004FF00008220728D5702806D0009B83F0E4
:10231000100353EA0A0305D00EE040228DF8042092
:10232000012208E05CEA010206D030228DF8042088
:102330008DF8050002229046009B83F0080353EAC3
:102340000A030AD15CEA010201D1620705D53022F5
:102350008DF804204FF001087F1E582804D034A0C7
:1023600003900EA802900DE036A0F9E753466046B0
:10237000009AEDF7B1FF84460398825C0298401EF4
:10238000029002705CEA0100F0D1029806A9081AD6
:1023900000F1200A600702D524F4803400E0012710
:1023A000574502DDA7EB0A0000E0002000EB0A0120
:1023B000009005984144401A0590E00306D45B461E
:1023C0002146179A059800F0B3F90544002706E066
:1023D00001A85A46C05D179990476D1C7F1C474560
:1023E000F6DBE0030CD55B462146179A059800F012
:1023F0009FF9054404E030205A46179990476D1C18
:102400000099481E00900029F5DC08E00298029926
:102410005A460078491C0291179990476D1CBAF1F1
:102420000001AAF1010AF1DC65E1000009280100C0
:10243000303132333435363738396162636465663A
:1024400000000000303132333435363738394142FC
:10245000434445460000000000F058F90544761C4E
:10246000307800287FF4ECAD19B02846BDE8F08F35
:10247000620700D4062709F1070222F0070CFCE8E6
:102480000223E14603F000485FEA080C02D00FF295
:10249000702C0DE05FEA045C02D50FF2682C07E0B7
:1024A0005FEAC47C02D00FF2602C01E0AFF2700C46
:1024B0004FF0FF3823F00043CDF850C065280CD012
:1024C00006DC452809D046281DD047283DD13DE0EF
:1024D000662818D067287ED138E00021112F01DB53
:1024E000112000E0781CCDE9000106A90EA8FFF735
:1024F000DDFCDDE90F010E9A03910021009207F146
:10250000010A04914DE04FF000400097CDE9011021
:1025100006A90EA8FFF7CAFCDDE90F0203920E9B85
:1025200011990022DDF80CA00093049211B9791CD6
:1025300000EB010AB7EB0A0004D4C0F1FF3007F149
:10254000010A0490AAEB0700019044E0012F00DA91
:1025500001270021112F01DD112000E03846CDE9CF
:10256000000106A90EA8FFF7A1FCDDE90F010E9AF4
:102570000391002104910092BA4621070CD40399DB
:10258000514500DA8A46BAF1010F05DD009AAAF139
:102590000101515C302908D0B84202DA10F1040F71
:1025A00006DA0121CDE9011015E0AAF10101E9E700
:1025B000002805DC049901440491AAEB000102E023
:1025C000411C514500DD8A460499401A401C019087
:1025D0004FF000400290200704D40198504501DBE1
:1025E000CDF8048000208DF84F0002980DF14F07C0
:1025F000B0F1004F25D02B200E9002984FF002082A
:1026000000280CDA404202902D200E9007E00A21AB
:102610000298EDF7A4FE3031029007F8011DB8F1E1
:102620000001A8F10108F2DC02980028EFD1791E20
:102630000E980870307800F0200040F0450007F850
:10264000020D12A8C01B00F107081498007800B111
:10265000012000EB0A01019801EBE071059841446B
:10266000401A401E0590E00306D45B462146179AA7
:10267000059800F05DF805441498007818B15A46A2
:10268000179990476D1CE00324D55B462146179AA5
:10269000059800F04DF805441CE00498002807DB7D
:1026A000DDE90301884203DD0098405C179901E0F1
:1026B000179930205A469047049805F10105401CAF
:1026C00004900198401E019004D12E205A4617997B
:1026D00090476D1CBAF10001AAF1010ADDDC05E0AA
:1026E00017F8010B5A46179990476D1CB8F1000175
:1026F000A8F10108F4DC5B462146179A0598ABE681
:102700002D0000002B000000200000002DE9F0410A
:10271000044600251E461746880404D405E03946C1
:102720002020B0476D1C641EF9D52846BDE8F08115
:102730002DE9F041044600251E469046C80301D508
:10274000302700E02027880404D505E041463846BC
:10275000B0476D1C641EF9D52846BDE8F081000025
:10276000000000006E83F9A22915444ED15727FCC2
:10277000C0DD34F5999562DB4190433CAB6351FE7B
:102780000000000001020304010203040607080917
:1027900000061016000610160804020408010101C4
:1027A000010101030701000001000200040006000E
:1027B00008000A000C00100020004000800000010A
:1027C0000800001010000020180000302000004019
:1027D0002800005030000060380000704000000207
:1027E00048000012500000225800003260000042F1
:1027F00068000052700000627800007280000004DF
:10280000880000149000002498000034A0000044C8
:10281000A8000054B0000064B8000074C0000006B6
:10282000C8000016D0000026D8000036E0000046A0
:10283000E8000056F0000066F8000076000100088D
:102840000801001810010028180100382001004874
:102850002801005830010068380100784001000A62
:102860004801001A5001002A5801003A6001004A4C
:102870006801005A7001006A7801007A8001000C3A
:102880008801001C9001002C9801003CA001004C24
:10289000A801005CB001006CB801007CC001000E12
:1028A000C801001ED001002ED801003EE001004EFC
:1028B000E801005EF001006EF801007E08024010A1
:1028C00010024020180240302002404028024050B0
:1028D00030024060380240704802401250024022EC
:1028E0005802403260024042680240527002406228
:1028F0007802407280024004880240149002402412
:1029000098024034A0024044A8024054B0024064FF
:10291000B8024074C0024006C8024016D0024026E9
:10292000D8024036E0024046E8024056F0024066D7
:10293000F8024076000340080803401810034028BE
:1029400018034038200340482803405830034068AB
:10295000380340784003400A4803401A5003402A95
:102960005803403A6003404A6803405A7003406A83
:102970007803407A8003400C8803401C9003402C6D
:102980009803403CA003404CA803405CB003406C5B
:10299000B803407CC003400EC803401ED003402E45
:1029A000D803403EE003404EE803405EF003406E33
:1029B000F803407E08048010100480201804803042
:1029C00020048040280480503004806038048070E7
:1029D00048048012500480225804803260048042EF
:1029E00068048052700480627804807288048014C5
:1029F0009004802498048034A0048044A804805467
:102A0000B0048064B8048074C0048006C8048016D2
:102A1000D0048026D8048036E0048046E80480563E
:102A2000F0048066F80480760005800808058018A8
:102A30001005802818058038200580482805805812
:102A400030058068380580784005800A4805801A7E
:102A50005005802A5805803A6005804A6805805AEA
:102A60007005806A7805807A8005800C8805801C56
:102A70009005802C9805803CA005804CA805805CC2
:102A8000B005806CB805807CC005800EC805801E2E
:102A9000D005802ED805803EE005804EE805805E9A
:102AA000F005806EF805807E0806C0101006C02074
:102AB0001806C0302006C0402806C0503006C0604E
:102AC0003806C0704806C0125006C0225806C032F0
:102AD0006006C0426806C0527006C0627806C072C6
:102AE0008806C0149006C0249806C034A006C044CE
:102AF000A806C054B006C064B806C074C806C016A4
:102B0000D006C026D806C036E006C046E806C05645
:102B1000F006C066F806C0760007C0080807C018AF
:102B20001007C0281807C0382007C0482807C05819
:102B30003007C0683807C0784007C00A4807C01A85
:102B40005007C02A5807C03A6007C04A6807C05AF1
:102B50007007C06A7807C07A8007C00C8807C01C5D
:102B60009007C02C9807C03CA007C04CA807C05CC9
:102B7000B007C06CB807C07CC007C00EC807C01E35
:102B8000D007C02ED807C03EE007C04EE807C05EA1
:102B9000F007C06EF807C07E080800111008002179
:102BA0001808003120080041280800513008006151
:102BB00038080071480800135008002358080033F3
:102BC00060080043680800537008006378080073C9
:102BD000880800159008002598080035A0080045D1
:102BE000A8080055B0080065B8080075C8080017A7
:102BF000D0080027D8080037E0080047E808005749
:102C0000F0080067F8080077080900191009002982
:102C100018090039200900492809005930090069BC
:102C2000380900794009000B4809001B5009002BA6
:102C30005809003B6009004B6809005B7009006B94
:102C40007809007B8009000D8809001D9009002D7E
:102C50009809003DA009004DA809005DB009006D6C
:102C6000B809007DC009000FC809001FD009002F56
:102C7000D809003FE009004FE809005FF009006F44
:102C8000F809007F080A4011100A4021180A403153
:102C9000200A4041280A4051300A4061380A4071F8
:102CA000480A4013500A4023580A4033600A404300
:102CB000680A4053700A4063780A4073880A4015D6
:102CC000900A4025980A4035A00A4045A80A405578
:102CD000B00A4065B80A4075C80A4017D00A4027B4
:102CE000D80A4037E00A4047E80A4057F00A4067F0
:102CF000F80A4077080B4019100B4029180B40398F
:102D0000200B4049280B4059300B4069380B407963
:102D1000480B401B500B402B580B403B600B404B6B
:102D2000680B405B700B406B780B407B800B400D59
:102D3000880B401D900B402D980B403DA00B404D43
:102D4000A80B405DB00B406DB80B407DC00B400F31
:102D5000C80B401FD00B402FD80B403FE00B404F1B
:102D6000E80B405FF00B406FF80B407F080C8011C0
:102D7000100C8021180C8031200C8041280C8051CF
:102D8000300C8061380C8071480C8013500C80230B
:102D9000580C8033600C8043680C8053700C806347
:102DA000780C8073880C8015900C8025980C8035E9
:102DB000A00C8045A80C8055B00C8065B80C8075BF
:102DC000C80C8017D00C8027D80C8037E00C8047C7
:102DD000E80C8057F00C8067F80C8077080D80199C
:102DE000100D8029180D8039200D8049280D80593B
:102DF000300D8069380D8079480D801B500D802B77
:102E0000580D803B600D804B680D805B700D806BB2
:102E1000780D807B880D801D900D802D980D803D54
:102E2000A00D804DA80D805DB00D806DB80D807D2A
:102E3000C00D800FC80D801FD00D802FD80D803F92
:102E4000E00D804FE80D805FF00D806FF80D807F02
:102E5000080EC011100EC021180EC031200EC04146
:102E6000280EC051300EC061380EC071480EC0131C
:102E7000500EC023580EC033600EC043680EC053BE
:102E8000700EC063780EC073880EC015900EC025FA
:102E9000980EC035A00EC045A80EC055B00EC06536
:102EA000B80EC075C80EC017D00EC027D80EC037D8
:102EB000E00EC047E80EC057F00EC067F80EC077AE
:102EC000080FC019100FC029180FC039200FC049B2
:102ED000280FC059300FC069380FC079480FC01B88
:102EE000500FC02B580FC03B600FC04B680FC05B2A
:102EF000700FC06B780FC07B880FC01D900FC02D66
:102F0000980FC03DA00FC04DA80FC05DB00FC06DA1
:102F1000B80FC07DC80FC01FD00FC02FD80FC03F43
:102F2000E00FC04FE80FC05FF00FC06FF80FC07F19
:102F300010100820181008302010084028100850E1
:102F4000301008603810087048100812501008221D
:102F50005810083260100842681008527010086259
:102F600078100872881008149010082498100834FB
:102F7000A0100844A8100854B0100864B8100874D1
:102F8000C8100816D0100826D8100836E0100846D9
:102F9000E8100856F0100866F810087608110818AE
:102FA000101108281811083820110848281108584D
:102FB00030110868381108784811081A5011082A89
:102FC0005811083A6011084A6811085A7011086AC5
:102FD0007811087A8811081C9011082C9811083C67
:102FE000A011084CA811085CB011086CB811087C3D
:102FF000C811081ED011082ED811083EE011084E45
:10300000E811085EF011086EF811087E10124820D1
:103010001812483020124840281248503012486098
:1030200038124870501248225812483260124842F2
:103030006812485270124862781248728812481416
:103040009012482498124834A0124844A8124854B8
:10305000B0124864B8124874C8124816D0124826F4
:10306000D8124836E0124846E8124856F012486630
:10307000F8124876081348181013482818134838CF
:1030800020134848281348583013486838134878A4
:103090004813481A5013482A5813483A6013484AAC
:1030A0006813485A7013486A7813487A8813481C82
:1030B0009013482C9813483CA013484CA813485C24
:1030C000B013486CB813487CC813481ED013482E60
:1030D000D813483EE013484EE813485EF013486E9C
:1030E000F813487E10148820181488302014884063
:1030F000281488503014886038148870501488223E
:103100005814883260148842681488527014886297
:10311000781488729014882498148834A0148844F1
:10312000A8148854B0148864B8148874C814881615
:10313000D0148826D8148836E0148846E8148856B7
:10314000F0148866F81488760815881810158828F1
:10315000181588382015884828158858301588682B
:10316000381588784815881A5015882A5815883ACD
:103170006015884A6815885A7015886A7815887AA3
:103180008815881C9015882C9815883CA015884CAB
:10319000A815885CB015886CB815887CC815881E81
:1031A000D015882ED815883EE015884EE815885E23
:1031B000F015886EF815887E1016C8201816C830CD
:1031C0002016C8402816C8503016C8603816C87077
:1031D0005016C8225816C8326016C8426816C8521F
:1031E0007016C8627816C8729016C8249816C8342B
:1031F000A016C844A816C854B016C864B816C87437
:10320000D016C826D816C836E016C846E816C856DE
:10321000F016C866F816C8760817C8181017C82818
:103220001817C8382017C8482817C8583017C86852
:103230003817C8784817C81A5017C82A5817C83AF4
:103240006017C84A6817C85A7017C86A7817C87ACA
:103250008817C81C9017C82C9817C83CA017C84CD2
:10326000A817C85CB017C86CB817C87CC817C81EA8
:10327000D017C82ED817C83EE017C84EE817C85E4A
:10328000F017C86EF817C87E1018082118180831F2
:10329000201808412818085130180861381808719A
:1032A0005018082358180833601808436818085342
:1032B000701808637818087390180825981808354E
:1032C000A0180845A8180855B0180865B81808755A
:1032D000D0180827D8180837E0180847E818085702
:1032E000F0180867F818087710190829181908390C
:1032F0002019084928190859301908693819087916
:103300004819081B5019082B5819083B6019084B1D
:103310006819085B7019086B7819087B8819081DF3
:103320009019082D9819083DA019084DA819085D95
:10333000B019086DB819087DC819081FD019082FD1
:10334000D819083FE019084FE819085FF019086F0D
:10335000F819087F101A4821181A4831201A4841D4
:10336000281A4851301A4861381A4871501A4823AF
:10337000581A4833601A4843681A4853701A486309
:10338000781A4873901A4825981A4835A01A484563
:10339000A81A4855B01A4865B81A4875D01A48276F
:1033A000D81A4837E01A4847E81A4857F01A4867C9
:1033B000F81A4877101B4829181B4839201B484920
:1033C000281B4859301B4869381B4879501B482B2B
:1033D000581B483B601B484B681B485B701B486B85
:1033E000781B487B881B481D901B482D981B483D27
:1033F000A01B484DA81B485DB01B486DB81B487DFD
:10340000C81B481FD01B482FD81B483FE01B484F04
:10341000E81B485FF01B486FF81B487F101C882191
:10342000181C8831201C8841281C8851301C886158
:10343000381C8871501C8823581C8833601C8843B2
:10344000681C8853701C8863781C8873901C8825BE
:10345000981C8835A01C8845A81C8855B01C886518
:10346000B81C8875D01C8827D81C8837E01C884772
:10347000E81C8857F01C8867F81C8877101D88297D
:10348000181D8839201D8849281D8859301D8869D4
:10349000381D8879501D882B581D883B601D884B2E
:1034A000681D885B701D886B781D887B901D882D3A
:1034B000981D883DA01D884DA81D885DB01D886D94
:1034C000B81D887DC81D881FD01D882FD81D883F36
:1034D000E01D884FE81D885FF01D886FF81D887F0C
:1034E000101EC821181EC831201EC841281EC851F0
:1034F000301EC861381EC871501EC823581EC833FC
:10350000601EC843681EC853701EC863781EC87307
:10351000901EC825981EC835A01EC845A81EC855AF
:10352000B01EC865B81EC875D01EC827D81EC837BB
:10353000E01EC847E81EC857F01EC867F81EC877C7
:10354000101FC829181FC839201FC849281FC8596B
:10355000301FC869381FC879501FC82B581FC83B77
:10356000601FC84B681FC85B701FC86B781FC87B83
:10357000901FC82D981FC83DA01FC84DA81FC85D2B
:10358000B01FC86DB81FC87DD01FC82FD81FC83F37
:10359000E01FC84FE81FC85FF01FC86FF81FC87F43
:1035A00018201030202010402820105030201060AB
:1035B0003820107050201022582010326020104205
:1035C0006820105270201062782010729020102411
:1035D00098201034A0201044A8201054B02010646B
:1035E000B8201074D0201026D8201036E0201046C5
:1035F000E8201056F0201066F820107610211028D0
:103600001821103820211048282110583021106826
:10361000382110785021102A5821103A6021104A80
:103620006821105A7021106A7821107A9021102C8C
:103630009821103CA021104CA821105CB021106CE6
:10364000B821107CD021102ED821103EE021104E40
:10365000E821105EF021106EF821107E1822503003
:103660002022504028225050302250603822507082
:1036700058225032602250426822505270225062CA
:10368000782250729022502498225034A022504424
:10369000A8225054B0225064B8225074D022502630
:1036A000D8225036E0225046E8225056F02250668A
:1036B000F8225076102350281823503820235048E1
:1036C0002823505830235068382350785023502AEC
:1036D0005823503A6023504A6823505A7023506A46
:1036E0007823507A9023502C9823503CA023504CA0
:1036F000A823505CB023506CB823507CD023502EAC
:10370000D823503EE023504EE823505EF023506E05
:10371000F823507E18249030202490402824905084
:103720003024906038249070582490326024904265
:103730006824905270249062782490729824903477
:10374000A0249044A8249054B0249064B824907489
:10375000D0249026D8249036E0249046E824905631
:10376000F0249066F824907610259028182590383B
:103770002025904828259058302590683825907845
:103780005025902A5825903A6025904A6825905AED
:103790007025906A7825907A9025902C9825903CF9
:1037A000A025904CA825905CB025906CB825907C05
:1037B000D025902ED825903EE025904EE825905EAD
:1037C000F025906EF825907E1826D0302026D04027
:1037D0002826D0503026D0603826D0705826D032D7
:1037E0006026D0426826D0527026D0627826D072E9
:1037F0009826D034A026D044A826D054B026D06431
:10380000B826D074D826D036E026D046E826D05642
:10381000F026D066F826D0761027D0281827D03882
:103820002027D0482827D0583027D0683827D0788C
:103830005027D02A5827D03A6027D04A6827D05A34
:103840007027D06A7827D07A9027D02C9827D03C40
:10385000A027D04CA827D05CB027D06CB827D07C4C
:10386000D027D02ED827D03EE027D04EE827D05EF4
:10387000F027D06EF827D07E18281031202810416C
:10388000282810513028106138281071582810331A
:10389000602810436828105370281063782810732C
:1038A00098281035A0281045A8281055B028106574
:1038B000B8281075D8281037E0281047E828105786
:1038C000F0281067F8281077182910392029104996
:1038D0002829105930291069382910795029102BBE
:1038E0005829103B6029104B6829105B7029106B18
:1038F0007829107B9029102D9829103DA029104D72
:10390000A829105DB029106DB829107DD029102F7D
:10391000D829103FE029104FE829105FF029106FD7
:10392000F829107F182A5031202A5041282A505156
:10393000302A5061382A5071582A5033602A504337
:10394000682A5053702A5063782A5073982A503549
:10395000A02A5045A82A5055B02A5065B82A50755B
:10396000D82A5037E02A5047E82A5057F02A5067A3
:10397000F82A5077182B5039202B5049282B5059B2
:10398000302B5069382B5079582B503B602B504BC3
:10399000682B505B702B506B782B507B902B502DED
:1039A000982B503DA02B504DA82B505DB02B506D47
:1039B000B82B507DD02B502FD82B503FE02B504FA1
:1039C000E82B505FF02B506FF82B507F182C903164
:1039D000202C9041282C9051302C9061382C9071E3
:1039E000582C9033602C9043682C9053702C90632B
:1039F000782C9073982C9035A02C9045A82C90553D
:103A0000B02C9065B82C9075D82C9037E02C90474E
:103A1000E82C9057F02C9067F82C9077182D90395F
:103A2000202D9049282D9059302D9069382D90796E
:103A3000582D903B602D904B682D905B702D906BB6
:103A4000782D907B982D903DA02D904DA82D905DC8
:103A5000B02D906DB82D907DD02D902FD82D903F0A
:103A6000E02D904FE82D905FF02D906FF82D907F16
:103A7000182ED031202ED041282ED051302ED0619A
:103A8000382ED071582ED033602ED043682ED053AC
:103A9000702ED063782ED073982ED035A02ED045BE
:103AA000A82ED055B02ED065B82ED075D82ED037D0
:103AB000E02ED047E82ED057F02ED067F82ED077E2
:103AC000182FD039202FD049282FD059302FD06926
:103AD000382FD079582FD03B602FD04B682FD05B38
:103AE000702FD06B782FD07B982FD03DA02FD04D4A
:103AF000A82FD05DB02FD06DB82FD07DD82FD03F5C
:103B0000E02FD04FE82FD05FF02FD06FF82FD07F6D
:103B10002030184028301850303018603830187075
:103B200058301832603018426830185270301862BD
:103B30007830187298301834A0301844A8301854CF
:103B4000B0301864B8301874D8301836E0301846E1
:103B5000E8301856F0301866F830187618311838F2
:103B60002031184828311858303118683831187801
:103B70005831183A6031184A6831185A7031186A49
:103B80007831187A9831183CA031184CA831185C5B
:103B9000B031186CB831187CD831183EE031184E6D
:103BA000E831185EF031186EF831187E2032584036
:103BB000283258503032586038325870603258428B
:103BC000683258527032586278325872983258348B
:103BD000A0325844A8325854B0325864B83258749D
:103BE000D8325836E0325846E8325856F0325866E5
:103BF000F8325876183358382033584828335858F4
:103C000030335868383358785833583A6033584A04
:103C10006833585A7033586A7833587A9833583C16
:103C2000A033584CA833585CB033586CB833587C28
:103C3000D833583EE033584EE833585EF033586E70
:103C4000F833587E203498402834985030349860A7
:103C5000383498706034984268349852703498625E
:103C600078349872A0349844A8349854B034986446
:103C7000B8349874D8349836E0349846E834985676
:103C8000F0349866F8349876183598382035984886
:103C90002835985830359868383598785835983A96
:103CA0006035984A6835985A7035986A7835987AA8
:103CB0009835983CA035984CA835985CB035986CF0
:103CC000B835987CD835983EE035984EE835985E02
:103CD000F035986EF835987E2036D8402836D85082
:103CE0003036D8603836D8706036D8426836D85208
:103CF0007036D8627836D872A036D844A836D854F0
:103D0000B036D864B836D874E036D846E836D856D7
:103D1000F036D866F836D8761837D8382037D848ED
:103D20002837D8583037D8683837D8785837D83AFD
:103D30006037D84A6837D85A7037D86A7837D87A0F
:103D40009837D83CA037D84CA837D85CB037D86C57
:103D5000B837D87CD837D83EE037D84EE837D85E69
:103D6000F037D86EF837D87E2038184128381851E7
:103D7000303818613838187160381843683818536B
:103D80007038186378381873A0381845A838185553
:103D9000B0381865B8381875E0381847E83818573B
:103DA000F0381867F8381877203918492839185921
:103DB00030391869383918795839183B6039184B37
:103DC0006839185B7039186B7839187B9839183D49
:103DD000A039184DA839185DB039186DB839187D5B
:103DE000D839183FE039184FE839185FF039186FA3
:103DF000F839187F203A5841283A5851303A5861DA
:103E0000383A5871603A5843683A5853703A586390
:103E1000783A5873A03A5845A83A5855B03A586578
:103E2000B83A5875E03A5847E83A5857F03A586760
:103E3000F83A5877203B5849283B5859303B586945
:103E4000383B5879603B584B683B585B703B586B2C
:103E5000783B587B983B583DA03B584DA83B585D5C
:103E6000B03B586DB83B587DD83B583FE03B584F6E
:103E7000E83B585FF03B586FF83B587F203C984137
:103E8000283C9851303C9861383C9871603C98438C
:103E9000683C9853703C9863783C9873A03C984574
:103EA000A83C9855B03C9865B83C9875E03C98475C
:103EB000E83C9857F03C9867F83C9877203D984943
:103EC000283D9859303D9869383D9879603D984B28
:103ED000683D985B703D986B783D987BA03D984D10
:103EE000A83D985DB03D986DB83D987DD83D983F10
:103EF000E03D984FE83D985FF03D986FF83D987F22
:103F0000203ED841283ED851303ED861383ED87145
:103F1000603ED843683ED853703ED863783ED8732D
:103F2000A03ED845A83ED855B03ED865B83ED87515
:103F3000E03ED847E83ED857F03ED867F83ED877FD
:103F4000203FD849283FD859303FD869383FD879E1
:103F5000603FD84B683FD85B703FD86B783FD87BC9
:103F6000A03FD84DA83FD85DB03FD86DB83FD87DB1
:103F7000E03FD84FE83FD85FF03FD86FF83FD87F99
:103F8000284020503040206038402070604020425F
:103F9000684020527040206278402072A040204447
:103FA000A8402054B0402064B8402074E04020462F
:103FB000E8402056F0402066F84020762041204816
:103FC0002841205830412068384120786041204AFB
:103FD0006841205A7041206A7841207AA041204CE3
:103FE000A841205CB041206CB841207CE041204ECB
:103FF000E841205EF041206EF841207E284260506A
:104000003042606038426070684260527042606264
:1040100078426072A0426044A8426054B04260643A
:10402000B8426074E0426046E8426056F042606622
:10403000F842607620436048284360583043606807
:10404000384360786043604A6843605A7043606AEE
:104050007843607AA043604CA843605CB043606CD6
:10406000B843607CE043604EE843605EF043606EBE
:10407000F843607E2844A0503044A0603844A070CB
:104080006844A0527044A0627844A072A844A0542E
:10409000B044A064B844A074E044A046E844A056EC
:1040A000F044A066F844A0762045A0482845A058D2
:1040B0003045A0683845A0786045A04A6845A05AB8
:1040C0007045A06A7845A07AA045A04CA845A05CA0
:1040D000B045A06CB845A07CE045A04EE845A05E88
:1040E000F045A06EF845A07E2846E0503046E060DE
:1040F0003846E0706846E0527046E0627846E0720A
:10410000A846E054B046E064B846E074E846E0569D
:10411000F046E066F846E0762047E0482847E05859
:104120003047E0683847E0786047E04A6847E05A3F
:104130007047E06A7847E07AA047E04CA847E05C27
:10414000B047E06CB847E07CE047E04EE847E05E0F
:10415000F047E06EF847E07E284820513048206163
:10416000384820716848205370482063784820738D
:10417000A8482055B0482065B8482075E848205721
:10418000F0482067F84820772849205930492069AD
:10419000384920796049204B6849205B7049206B81
:1041A0007849207BA049204DA849205DB049206D69
:1041B000B849207DE049204FE849205FF049206F51
:1041C000F849207F284A6051304A6061384A60715E
:1041D000684A6053704A6063784A6073A84A6055C1
:1041E000B04A6065B84A6075E84A6057F04A60674F
:1041F000F84A6077284B6059304B6069384B6079DA
:10420000684B605B704B606B784B607BA04B604D84
:10421000A84B605DB04B606DB84B607DE04B604F6C
:10422000E84B605FF04B606FF84B607F284CA0510B
:10423000304CA061384CA071684CA053704CA06306
:10424000784CA073A84CA055B04CA065B84CA07594
:10425000E84CA057F04CA067F84CA077284DA05927
:10426000304DA069384DA079684DA05B704DA06BB2
:10427000784DA07BA84DA05DB04DA06DB84DA07D40
:10428000E04DA04FE84DA05FF04DA06FF84DA07F2E
:10429000284EE051304EE061384EE071684EE053F8
:1042A000704EE063784EE073A84EE055B04EE06586
:1042B000B84EE075E84EE057F04EE067F84EE07714
:1042C000284FE059304FE069384FE079684FE05BA4
:1042D000704FE06B784FE07BA84FE05DB04FE06D32
:1042E000B84FE07DE84FE05FF04FE06FF84FE07FC0
:1042F000305028603850287068502852705028621A
:1043000078502872A8502854B0502864B8502874A7
:10431000E8502856F0502866F8502876285128583A
:1043200030512868385128786851285A7051286AC5
:104330007851287AA851285CB051286CB851287C53
:10434000E851285EF051286EF851287E305268609E
:10435000385268707052686278526872A852685415
:10436000B0526864B8526874E8526856F052686691
:10437000F85268762853685830536868385368781C
:104380006853685A7053686A7853687AA853685CAF
:10439000B053686CB853687CE853685EF053686E3D
:1043A000F853687E3054A8603854A8707054A862DE
:1043B0007854A872B054A864B854A874E854A856A5
:1043C000F054A866F854A8762855A8583055A8681F
:1043D0003855A8786855A85A7055A86A7855A87AAB
:1043E000A855A85CB055A86CB855A87CE855A85E3F
:1043F000F055A86EF855A87E3056E8603856E8703B
:104400007056E8627856E872B056E864B856E874B8
:10441000F056E866F856E8762857E8583057E868C6
:104420003857E8786857E85A7057E86A7857E87A52
:10443000A857E85CB057E86CB857E87CE857E85EE6
:10444000F057E86EF857E87E3058286138582871E0
:104450007058286378582873B0582865B85828755C
:10446000F0582867F858287730592869385928793A
:104470006859285B7059286B7859287BA859285DA2
:10448000B059286DB859287DE859285FF059286F30
:10449000F859287F305A6861385A6871705A6863D1
:1044A000785A6873B05A6865B85A6875F05A686780
:1044B000F85A6877305B6869385B6879705B686B5D
:1044C000785B687BA85B685DB05B686DB85B687D96
:1044D000E85B685FF05B686FF85B687F305CA861E1
:1044E000385CA871705CA863785CA873B05CA86540
:1044F000B85CA875F05CA867F85CA877305DA8691F
:10450000385DA879705DA86B785DA87BB05DA86DFB
:10451000B85DA87DE85DA85FF05DA86FF85DA87F35
:10452000305EE861385EE871705EE863785EE8737B
:10453000B05EE865B85EE875F05EE867F85EE8775B
:10454000305FE869385FE879705FE86B785FE87B37
:10455000B05FE86DB85FE87DF05FE86FF85FE87F17
:10456000386030707060306278603072B060306493
:10457000B8603074F0603066F86030763061306872
:10458000386130787061306A7861307AB061306C4F
:10459000B861307CF061306EF861307E38627070E6
:1045A00078627072B0627064B8627074F062706643
:1045B000F862707630637068386370787063706A20
:1045C0007863707AB063706CB863707CF063706EFF
:1045D000F863707E3864B0707864B072B864B07498
:1045E000F064B066F864B0763065B0683865B0786D
:1045F0007065B06A7865B07AB065B06CB865B07C4B
:10460000F065B06EF865B07E3866F0707866F0726E
:10461000B866F074F866F0763067F0683867F0785E
:104620007067F06A7867F07AB067F06CB867F07C12
:10463000F067F06EF867F07E386830717868307334
:10464000B8683075F8683077386930797069306BE0
:104650007869307BB069306DB869307DF069306F52
:10466000F869307F386A7071786A7073B86A7075EB
:10467000F86A7077386B7079786B707BB06B706D9F
:10468000B86B707DF06B706FF86B707F386CB071C9
:10469000786CB073B86CB075F86CB077386DB07971
:1046A000786DB07BB86DB07DF06DB06FF86DB07F98
:1046B000386EF071786EF073B86EF075F86EF07752
:1046C000386FF079786FF07BB86FF07DF86FF07F1E
:1046D00078703872B8703874F87038763871387805
:1046E0007871387AB871387CF871387EB87278741D
:1046F000F8727876387378787873787AB873787CCB
:10470000F873787EF874B8763875B8787875B87AB2
:10471000B875B87CF875B87E3877F8787877F87A15
:10472000B877F87CF877F87E7879387BB879387D77
:10473000F879387FB87B787DF87B787FF87DB87F13
:104740000010000058470108C0270108C00F0000F2
:1047500025640D0A000000000000803F00000000FA
:10476000ECFF7F3FD40FC93AB1FF7F3FC70F493BF2
:104770004EFF7F3FC1CB963BC4FE7F3F890FC93BB5
:1047800013FE7F3F3053FB3B39FD7F3F59CB163C37
:1047900039FC7F3F02ED2F3C11FB7F3F900E493CDF
:1047A000C1F97F3F0030623C4AF87F3F4B517B3C70
:1047B000ACF67F3F38398A3CE6F47F3FB6C9963C79
:1047C000F8F27F3F1C5AA33CE3F07F3F69EAAF3C1D
:1047D000A7EE7F3F9B7ABC3C43EC7F3FB00AC93CCD
:1047E000B8E97F3FA69AD53C05E77F3F7B2AE23CAC
:1047F0002BE47F3F2DBAEE3C29E17F3FB949FB3CDA
:1048000000DE7F3F90EC033DAFDA7F3F2F340A3D5F
:1048100037D77F3FB87B103D98D37F3F2CC3163DE1
:10482000D1CF7F3F880A1D3DE2CB7F3FCC51233D56
:10483000CCC77F3FF698293D8FC37F3F07E02F3DD0
:104840002ABF7F3FFC26363D9EBA7F3FD56D3C3D5B
:10485000EAB57F3F91B4423D0FB17F3F2FFB483D0A
:104860000DAC7F3FAF414F3DE3A67F3F0E88553DE6
:1048700091A17F3F4CCE5B3D189C7F3F6814623D09
:1048800078967F3F625A683DB1907F3F38A06E3D79
:10489000C28A7F3FE9E5743DAB847F3F742B7B3D4B
:1048A0006D7E7F3F6CB8803D08787F3F0ADB833D9B
:1048B0007B717F3F94FD863DC76A7F3F0A208A3D1A
:1048C000EC637F3F6A428D3DE95C7F3FB464903D7D
:1048D000BF557F3FE786933D6D4E7F3F05A9963DCF
:1048E000F4467F3F0ACB993D543F7F3FF9EC9C3D16
:1048F0008D377F3FCF0EA03D9D2F7F3F8C30A33D56
:1049000087277F3F3052A63D491F7F3FBA73A93D9D
:10491000E4167F3F2B95AC3D580E7F3F80B6AF3DF0
:10492000A4057F3FBBD7B23DC9FC7E3FDAF8B53D59
:10493000C7F37E3FDD19B93D9DEA7E3FC33ABC3DDA
:104940004CE17E3F8D5BBF3DD4D77E3F397CC23D7D
:1049500034CE7E3FC69CC53D6DC47E3F36BDC83D4E
:104960007FBA7E3F86DDCB3D69B07E3FB7FDCE3D51
:104970002DA67E3FC81DD23DC99B7E3FB93DD53D8A
:104980003D917E3F895DD83D8B867E3F377DDB3D07
:10499000B17B7E3FC49CDE3DB0707E3F2EBCE13DCE
:1049A00088657E3F76DBE43D385A7E3F9AFAE73DE4
:1049B000C14E7E3F9A19EB3D23437E3F7638EE3D54
:1049C0005E377E3F2E57F13D722B7E3FC075F43D22
:1049D0005E1F7E3F2C94F73D24137E3F73B2FA3D59
:1049E000C2067E3F92D0FD3D38FA7D3F4577003EBE
:1049F00088ED7D3F2E06023EB1E07D3F0295033EED
:104A0000B2D37D3FC223053E8CC67D3F6EB2063ECB
:104A100040B97D3F0541083ECCAB7D3F86CF093E86
:104A2000309E7D3FF35D0B3E6E907D3F4AEC0C3E29
:104A300085827D3F8B7A0E3E74747D3FB708103EB1
:104A40003D667D3FCC96113EDE577D3FCA24133E26
:104A500059497D3FB2B2143EAC3A7D3F8340163E89
:104A6000D82B7D3F3DCE173EDD1C7D3FE05B193EE0
:104A7000BC0D7D3F6BE91A3E73FE7C3FDE761C3E2B
:104A800003EF7C3F38041E3E6CDF7C3F7B911F3E72
:104A9000AECF7C3FA51E213EC9BF7C3FB6AB223EB8
:104AA000BDAF7C3FAD38243E8A9F7C3F8CC5253E00
:104AB000318F7C3F5152273EB07E7C3FFCDE283E4A
:104AC000086E7C3F8D6B2A3E3A5D7C3F04F82B3E9E
:104AD000444C7C3F61842D3E283B7C3FA2102F3EFE
:104AE000E5297C3FC99C303E7A187C3FD428323E71
:104AF000E9067C3FC4B4333E31F57B3F9840353EF8
:104B000053E37B3F50CC363E4DD17B3FEC57383E94
:104B100020BF7B3F6CE3393ECDAC7B3FCF6E3B3E4D
:104B2000539A7B3F15FA3C3EB2877B3F3E853E3E23
:104B3000EA747B3F4910403EFC617B3F379B413E1E
:104B4000E74E7B3F0726433EAB3B7B3FB9B0443E3D
:104B500048287B3F4D3B463EBE147B3FC2C5473E87
:104B60000E017B3F1850493E37ED7A3F4FDA4A3EFF
:104B70003AD97A3F67644C3E16C57A3F60EE4D3EA7
:104B8000CBB07A3F38784F3E599C7A3FF101513E85
:104B9000C1877A3F898B523E02737A3F0115543E9A
:104BA0001C5E7A3F589E553E10497A3F8F27573EEC
:104BB000DD337A3FA4B0583E841E7A3F97395A3E7F
:104BC00004097A3F6AC25B3E5EF3793F1A4B5D3E51
:104BD00091DD793FA8D35E3E9DC7793F135C603E6F
:104BE00083B1793F5CE4613E439B793F836C633ED4
:104BF000DC84793F86F4643E4E6E793F667C663E87
:104C00009A57793F2204683EC040793FBA8B693E8B
:104C1000BF29793F2F136B3E9812793F7F9A6C3EE4
:104C20004AFB783FAB216E3ED6E3783FB2A86F3E99
:104C30003BCC783F942F713E7BB4783F51B6723EA7
:104C4000939C783FE83C743E8684783F5AC3753E17
:104C5000526C783FA649773EF853783FCCCF783EE8
:104C6000773B783FCB557A3ED122783FA4DB7B3E21
:104C7000040A783F56617D3E10F1773FE1E67E3EC3
:104C8000F7D7773F2236803EB7BE773FC0F8803EE9
:104C900051A5773F4ABB813EC58B773FC07D823EA1
:104CA0001372773F2240833E3A58773F7002843E2A
:104CB0003C3E773FAAC4843E1724773FCE86853E8C
:104CC000CC09773FDF48863E5BEF763FDA0A873EC6
:104CD000C4D4763FC1CC873E07BA763F938E883ED8
:104CE000249F763F5050893E1B84763FF8118A3EC0
:104CF000EC68763F8AD38A3E974D763F07958B3E88
:104D00001B32763F6E568C3E7A16763FC0178D3E2C
:104D1000B3FA753FFCD88D3EC6DE753F229A8E3EB3
:104D2000B3C2753F325B8F3E7BA6753F2C1C903E15
:104D30001C8A753F10DD903E976D753FDD9D913E5D
:104D4000ED50753F945E923E1D34753F351F933E86
:104D50002717753FBFDF933E0BFA743F31A0943E97
:104D6000C9DC743F8D60953E62BF743FD220963E91
:104D7000D5A1743F00E1963E2284743F17A1973E6F
:104D80004966743F1661983E4B48743FFE20993E39
:104D9000272A743FCEE0993EDD0B743F86A09A3EF1
:104DA0006EED733F27609B3ED9CE733FAF1F9C3E95
:104DB0001FB0733F20DF9C3E3F91733F789E9D3E26
:104DC0003972733FB85D9E3E0E53733FDF1C9F3EAA
:104DD000BE33733FEEDB9F3E4714733FE59AA03E20
:104DE000ACF4723FC259A13EEBD4723F8718A23E89
:104DF00004B5723F33D7A23EF894723FC595A33EE7
:104E0000C774723F3F54A43E7054723F9F12A53E38
:104E1000F433723FE5D0A53E5213723F128FA63E87
:104E20008CF2713F254DA73E9FD1713F1F0BA83ECD
:104E30008EB0713FFEC8A83E578F713FC486A93E11
:104E4000FB6D713F6F44AA3E7A4C713F0102AB3E4D
:104E5000D42A713F77BFAB3E0809713FD47CAC3E8A
:104E600017E7703F153AAD3E02C5703F3CF7AD3EC7
:104E7000C6A2703F49B4AE3E6680703F3A71AF3E05
:104E8000E15D703F102EB03E373B703FCBEAB03E45
:104E90006718703F6BA7B13E73F56F3FEF63B23E8B
:104EA0005AD26F3F5820B33E1BAF6F3FA5DCB33ED5
:104EB000B88B6F3FD698B43E30686F3FEC54B53E28
:104EC00083446F3FE610B63EB0206F3FC3CCB63E82
:104ED000BAFC6E3F8488B73E9ED86E3F2A44B83EE7
:104EE0005DB46E3FB2FFB83EF88F6E3F1EBBB93E59
:104EF0006D6B6E3F6E76BA3EBE466E3FA031BB3ED6
:104F0000EB216E3FB6ECBB3EF2FC6D3FAFA7BC3E63
:104F1000D5D76D3F8B62BD3E93B26D3F4A1DBE3EFD
:104F20002D8D6D3FEBD7BE3EA1676D3F6F92BF3EAB
:104F3000F2416D3FD54CC03E1D1C6D3F1E07C13E6A
:104F400024F66C3F48C1C13E07D06C3F557BC23E42
:104F5000C5A96C3F4435C33E5E836C3F15EFC33E2D
:104F6000D45C6C3FC8A8C43E24366C3F5C62C53E2E
:104F7000500F6C3FD21BC63E58E86B3F29D5C63E4A
:104F80003BC16B3F628EC73EFB996B3F7C47C83E7F
:104F900095726B3F7700C93E0C4B6B3F53B9C93ECE
:104FA0005E236B3F1072CA3E8CFB6A3FAE2ACB3E3B
:104FB00095D36A3F2CE3CB3E7BAB6A3F8B9BCC3EC9
:104FC0003C836A3FCA53CD3ED95A6A3FEA0BCE3E74
:104FD00052326A3FEAC3CE3EA7096A3FCA7BCF3E40
:104FE000D7E0693F8A33D03EE4B7693F2AEBD03E31
:104FF000CC8E693FAAA2D13E9165693F095AD23E43
:10500000323C693F4811D33EAE12693F67C8D33E78
:1050100007E9683F647FD43E3CBF683F4136D53ED8
:105020004C95683FFDECD53E396B683F99A3D63E61
:105030000341683F135AD73EA816683F6B10D83E0D
:105040002AEC673FA3C6D83E87C1673FB97CD93EEB
:10505000C196673FAD32DA3ED86B673F80E8DA3EF3
:10506000CA40673F319EDB3E9915673FC153DC3E26
:1050700045EA663F2E09DD3ECCBE663F79BEDD3E89
:105080003093663FA273DE3E7167663FA928DF3E1C
:105090008E3B663F8DDDDF3E880F663F4F92E03EE0
:1050A0005EE3653FEE46E13E10B7653F6AFBE13ED9
:1050B000A08A653FC4AFE23E0B5E653FFA63E33E04
:1050C0005431653F0E18E43E7904653FFECBE43E63
:1050D0007BD7643FCB7FE53E59AA643F7533E63EFC
:1050E000147D643FFBE6E63EAC4F643F5D9AE73ECD
:1050F0002122643F9C4DE83E73F4633FB700E93ED4
:10510000A1C6633FAEB3E93EAC98633F8166EA3E19
:10511000956A633F3019EB3E5A3C633FBBCBEB3E95
:10512000FC0D633F217EEC3E7BDF623F6330ED3E52
:10513000D7B0623F80E2ED3E1082623F7994EE3E4E
:105140002653623F4C46EF3E1A24623FFBF7EF3E88
:10515000EAF4613F85A9F03E98C5613FEA5AF13E05
:105160002296613F290CF23E8A66613F43BDF23EC2
:10517000D036613F386EF33EF206613F071FF43EC2
:10518000F2D6603FB1CFF43ECFA6603F3580F53E0A
:105190008976603F9330F63E2146603FCBE0F63E95
:1051A0009615603FDC90F73EE9E45F3FC840F83E6B
:1051B00019B45F3F8EF0F83E27835F3F2DA0F93E84
:1051C00012525F3FA54FFA3EDB205F3FF7FEFA3EEB
:1051D00081EF5E3F22AEFB3E05BE5E3F275DFC3E9B
:1051E000678C5E3F040CFD3EA65A5E3FBBBAFD3E97
:1051F000C3285E3F4A69FE3EBEF65D3FB217FF3EE2
:1052000097C45D3FF3C5FF3E4D925D3F063A003FB8
:10521000E15F5D3FFF90003F532D5D3FE4E7003FBE
:10522000A3FA5C3FB53E013FD1C75C3F7395013F98
:10523000DD945C3F1CEC013FC7615C3FB142023F23
:105240008E2E5C3F3299023F34FB5B3F9FEF023F63
:10525000B8C75B3FF845033F1A945B3F3D9C033F53
:105260005A605B3F6DF2033F792C5B3F8948043FF6
:1052700075F85A3F919E043F50C45A3F84F4043F4E
:1052800009905A3F624A053FA05B5A3F2CA0053F58
:1052900016275A3FE2F5053F6AF2593F824B063F17
:1052A0009CBD593F0EA1063FAD88593F86F6063F8B
:1052B0009C53593FE84B073F6A1E593F36A1073FB1
:1052C00017E9583F6FF6073FA1B3583F924B083F8D
:1052D0000B7E583FA1A0083F5348583F9BF5083F1D
:1052E0007912583F7F4A093F7FDC573F4E9F093F65
:1052F00063A6573F09F4093F2670573FAD480A3F60
:10530000C739573F3D9D0A3F4803573FB7F10A3F12
:10531000A7CC563F1C460B3FE595563F6B9A0B3F7B
:10532000025F563FA5EE0B3FFE27563FC9420C3F9A
:10533000D9F0553FD7960C3F93B9553FD0EA0C3F73
:105340002C82553FB33E0D3FA44A553F81920D3FFD
:10535000FB12553F38E60D3F31DB543FDA390E3F43
:1053600047A3543F658D0E3F3B6B543FDBE00E3F40
:105370000F33543F3B340F3FC3FA533F84870F3FF3
:1053800055C2533FB8DA0F3FC789533FD52D103F61
:105390001851533FDC80103F4918533FCDD3103F85
:1053A00059DF523FA726113F49A6523F6B79113F63
:1053B000186D523F19CC113FC633523FB01E123FF9
:1053C00054FA513F3071123FC2C0513F9AC3123F4D
:1053D0001087513FEE15133F3D4D513F2A68133F53
:1053E0004A13513F50BA133F37D9503F5F0C143F17
:1053F000039F503F585E143FAF64503F39B0143F95
:105400003B2A503F0402153FA8EF4F3FB753153FCB
:10541000F4B44F3F54A5153F1F7A4F3FD9F6153FBF
:105420002B3F4F3F4748163F17044F3F9F99163F6A
:10543000E4C84E3FDFEA163F908D4E3F073C173FD2
:105440001C524E3F188D173F89164E3F12DE173FF4
:10545000D5DA4D3FF52E183F029F4D3FC07F183FD4
:1054600010634D3F73D0183FFD264D3F0F21193F6C
:10547000CBEA4C3F9471193F79AE4C3F00C2193FC3
:1054800008724C3F55121A3F78354C3F93621A3FD1
:10549000C7F84B3FB8B21A3FF8BB4B3FC6021B3FA1
:1054A000097F4B3FBB521B3FFA414B3F99A21B3F29
:1054B000CC044B3F5FF21B3F7FC74A3F0C421C3F6F
:1054C000138A4A3FA2911C3F874C4A3F1FE11C3F71
:1054D000DC0E4A3F84301D3F12D1493FD17F1D3F32
:1054E0002993493F06CF1D3F2155493F221E1E3FAC
:1054F000FA16493F266D1E3FB3D8483F12BC1E3FE7
:105500004E9A483FE50A1F3FCA5B483F9F591F3FDD
:10551000271D483F41A81F3F65DE473FCBF61F3F91
:10552000849F473F3B45203F8560473F9393203F03
:105530006721473FD2E1203F2AE2463FF92F213F32
:10554000CEA2463F067E213F5463463FFBCB213F20
:10555000BB23463FD719223F03E4453F9967223FCB
:105560002DA4453F43B5223F3964453FD302233F35
:105570002624453F4B50233FF5E3443FA99D233F5D
:10558000A5A3443FEEEA233F3763443F1A38243F44
:10559000AB22443F2C85243F00E2433F25D2243FE9
:1055A00038A1433F041F253F5160433FCB6B253F4C
:1055B0004C1F433F77B8253F29DE423F0A05263F6F
:1055C000E89C423F8451263F895B423FE39D263F52
:1055D0000B1A423F2AEA263F70D8413F5636273FF2
:1055E000B796413F6882273FE154413F61CE273F54
:1055F000EC12413F401A283FDAD0403F0566283F71
:10560000A98E403FB0B1283F5C4C403F41FD283F50
:10561000F009403FB848293F67C73F3F1594293FED
:10562000C0843F3F57DF293FFC413F3F802A2A3F4C
:105630001BFF3E3F8E752A3F1BBC3E3F82C02A3F68
:10564000FF783E3F5B0B2B3FC5353E3F1B562B3F44
:105650006EF23D3FBFA02B3FF9AE3D3F4AEB2B3FE3
:10566000676B3D3FB9352C3FB8273D3F0F802C3F3E
:10567000ECE33C3F49CA2C3F03A03C3F69142D3F5B
:10568000FC5B3C3F6F5E2D3FD9173C3F59A82D3F37
:1056900098D33B3F29F22D3F3B8F3B3FDE3B2E3FD4
:1056A000C14A3B3F78852E3F29063B3FF7CE2E3F30
:1056B00075C13A3F5B182F3FA47C3A3FA5612F3F4D
:1056C000B7373A3FD3AA2F3FACF2393FE6F32F3F2B
:1056D00085AD393FDE3C303F4268393FBB85303FC6
:1056E000E122393F7CCE303F65DD383F2217313F24
:1056F000CB97383FAD5F313F1652383F1DA8313F41
:10570000430C383F71F0313F55C6373FAA38323F1E
:105710004A80373FC780323F233A373FC9C8323FBC
:10572000DFF3363FAF10333F7FAD363F7A58333F1C
:105730000467363F29A0333F6C20363FBCE7333F38
:10574000B8D9353F342F343FE792353F8F76343F19
:10575000FB4B353FCFBD343FF304353FF304353FBA
:10576000CFBD343FFB4B353F8F76343FE792353F1B
:10577000342F343FB8D9353FBCE7333F6C20363F38
:1057800029A0333F0467363F7A58333F7FAD363F19
:10579000AF10333FDFF3363FC9C8323F233A373FBC
:1057A000C780323F4A80373FAA38323F55C6373F1D
:1057B00071F0313F430C383F1DA8313F1652383F3E
:1057C000AD5F313FCB97383F2217313F65DD383F22
:1057D0007CCE303FE122393FBB85303F4268393FC4
:1057E000DE3C303F85AD393FE6F32F3FACF2393F29
:1057F000D3AA2F3FB7373A3FA5612F3FA47C3A3F4A
:105800005B182F3F75C13A3FF7CE2E3F29063B3F2D
:1058100078852E3FC14A3B3FDE3B2E3F3B8F3B3FCF
:1058200029F22D3F98D33B3F59A82D3FD9173C3F34
:105830006F5E2D3FFC5B3C3F69142D3F03A03C3F56
:1058400049CA2C3FECE33C3F0F802C3FB8273D3F3B
:10585000B9352C3F676B3D3F4AEB2B3FF9AE3D3FDF
:10586000BFA02B3F6EF23D3F1B562B3FC5353E3F41
:105870005B0B2B3FFF783E3F82C02A3F1BBC3E3F65
:105880008E752A3F1BFF3E3F802A2A3FFC413F3F47
:1058900057DF293FC0843F3F1594293F67C73F3FEB
:1058A000B848293FF009403F41FD283F5C4C403F4C
:1058B000B0B1283FA98E403F0566283FDAD0403F6F
:1058C000401A283FEC12413F61CE273FE154413F4F
:1058D0006882273FB796413F5636273F70D8413FF1
:1058E0002AEA263F0B1A423FE39D263F895B423F4F
:1058F0008451263FE89C423F0A05263F29DE423F6D
:1059000077B8253F4C1F433FCB6B253F5160433F4A
:10591000041F253F38A1433F25D2243F00E2433FE7
:105920002C85243FAB22443F1A38243F3763443F41
:10593000EEEA233FA5A3443FA99D233FF5E3443F5F
:105940004B50233F2624453FD302233F3964453F34
:1059500043B5223F2DA4453F9967223F03E4453FCD
:10596000D719223FBB23463FFBCB213F5463463F21
:10597000067E213FCEA2463FF92F213F2AE2463F35
:10598000D2E1203F6721473F9393203F8560473F07
:105990003B45203F849F473FCBF61F3F65DE473F97
:1059A00041A81F3F271D483F9F591F3FCA5B483FE3
:1059B000E50A1F3F4E9A483F12BC1E3FB3D8483FEE
:1059C000266D1E3FFA16493F221E1E3F2155493FB4
:1059D00006CF1D3F2993493FD17F1D3F12D1493F3B
:1059E00084301D3FDC0E4A3F1FE11C3F874C4A3F7D
:1059F000A2911C3F138A4A3F0C421C3F7FC74A3F7B
:105A00005FF21B3FCC044B3F99A21B3FFA414B3F37
:105A1000BB521B3F097F4B3FC6021B3FF8BB4B3FAE
:105A2000B8B21A3FC7F84B3F93621A3F78354C3FE4
:105A300055121A3F08724C3F00C2193F79AE4C3FD5
:105A40009471193FCBEA4C3F0F21193FFD264D3F82
:105A500073D0183F10634D3FC07F183F029F4D3FEA
:105A6000F52E183FD5DA4D3F12DE173F89164E3F0F
:105A7000188D173F1C524E3F073C173F908D4E3FED
:105A8000DFEA163FE4C84E3F9F99163F17044F3F89
:105A90004748163F2B3F4F3FD9F6153F1F7A4F3FE0
:105AA00054A5153FF4B44F3FB753153FA8EF4F3FF0
:105AB0000402153F3B2A503F39B0143FAF64503FBA
:105AC000585E143F039F503F5F0C143F37D9503F3F
:105AD00050BA133F4A13513F2A68133F3D4D513F7F
:105AE000EE15133F1087513F9AC3123FC2C0513F7A
:105AF0003071123F54FA513FB01E123FC633523F2D
:105B000019CC113F186D523F6B79113F49A6523F96
:105B1000A726113F59DF523FCDD3103F4918533FBD
:105B2000DC80103F1851533FD52D103FC789533F9C
:105B3000B8DA0F3F55C2533F84870F3FC3FA533F34
:105B40003B340F3F0F33543FDBE00E3F3B6B543F82
:105B5000658D0E3F47A3543FDA390E3F31DB543F8A
:105B600038E60D3FFB12553F81920D3FA44A553F49
:105B7000B33E0D3F2C82553FD0EA0C3F93B9553FC1
:105B8000D7960C3FD9F0553FC9420C3FFE27563FF0
:105B9000A5EE0B3F025F563F6B9A0B3FE595563FD4
:105BA0001C460B3FA7CC563FB7F10A3F4803573F6F
:105BB0003D9D0A3FC739573FAD480A3F2670573FC2
:105BC00009F4093F63A6573F4E9F093F7FDC573FCB
:105BD0007F4A093F7912583F9BF5083F5348583F89
:105BE000A1A0083F0B7E583F924B083FA1B3583FFE
:105BF0006FF6073F17E9583F36A1073F6A1E593F26
:105C0000E84B073F9C53593F86F6063FAD88593F06
:105C10000EA1063F9CBD593F824B063F6AF2593F99
:105C2000E2F5053F16275A3F2CA0053FA05B5A3FDF
:105C3000624A053F09905A3F84F4043F50C45A3FDA
:105C4000919E043F75F85A3F8948043F792C5B3F89
:105C50006DF2033F5A605B3F3D9C033F1A945B3FEC
:105C6000F845033FB8C75B3F9FEF023F34FB5B3F04
:105C70003299023F8E2E5C3FB142023FC7615C3FCA
:105C80001CEC013FDD945C3F7395013FD1C75C3F45
:105C9000B53E013FA3FA5C3FE4E7003F532D5D3F73
:105CA000FF90003FE15F5D3F063A003F4D925D3F50
:105CB000F3C5FF3E97C45D3FB217FF3EBEF65D3FA2
:105CC0004A69FE3EC3285E3FBBBAFD3EA65A5E3F10
:105CD000040CFD3E678C5E3F275DFC3E05BE5E3FCB
:105CE00022AEFB3E81EF5E3FF7FEFA3EDB205F3FD8
:105CF000A54FFA3E12525F3F2DA0F93E27835F3F2A
:105D00008EF0F83E19B45F3FC840F83EE9E45F3FCB
:105D1000DC90F73E9615603FCBE0F63E2146603FB3
:105D20009330F63E8976603F3580F53ECFA6603FE2
:105D3000B1CFF43EF2D6603F071FF43EF206613F5A
:105D4000386EF33ED036613F43BDF23E8A66613F16
:105D5000290CF23E2296613FEA5AF13E98C5613F16
:105D600085A9F03EEAF4613FFBF7EF3E1A24623F5B
:105D70004C46EF3E2653623F7994EE3E1082623FDE
:105D800080E2ED3ED7B0623F6330ED3E7BDF623FA5
:105D9000217EEC3EFC0D633FBBCBEB3E5A3C633FA8
:105DA0003019EB3E956A633F8166EA3EAC98633FEB
:105DB000AEB3E93EA1C6633FB700E93E73F4633F6B
:105DC0009C4DE83E2122643F5D9AE73EAC4F643F24
:105DD000FBE6E63E147D643F7533E63E59AA643F18
:105DE000CB7FE53E7BD7643FFECBE43E7904653F45
:105DF0000E18E43E5431653FFA63E33E0B5E653FA7
:105E0000C4AFE23EA08A653F6AFBE13E10B7653F42
:105E1000EE46E13E5EE3653F4F92E03E880F663F0F
:105E20008DDDDF3E8E3B663FA928DF3E7167663F12
:105E3000A273DE3E3093663F79BEDD3ECCBE663F48
:105E40002E09DD3E45EA663FC153DC3E9915673FAA
:105E5000319EDB3ECA40673F80E8DA3ED86B673F41
:105E6000AD32DA3EC196673FB97CD93E87C1673F04
:105E7000A3C6D83E2AEC673F6B10D83EA816683FF1
:105E8000135AD73E0341683F99A3D63E396B683F0A
:105E9000FDECD53E4C95683F4136D53E3CBF683F52
:105EA000647FD43E07E9683F67C8D33EAE12693FBE
:105EB0004811D33E323C693F095AD23E9165693F51
:105EC000AAA2D13ECC8E693F2AEBD03EE4B7693F0F
:105ED0008A33D03ED7E0693FCA7BCF3EA7096A3FED
:105EE000EAC3CE3E52326A3FEA0BCE3ED95A6A3FEF
:105EF000CA53CD3E3C836A3F8B9BCC3E7BAB6A3F13
:105F00002CE3CB3E95D36A3FAE2ACB3E8CFB6A3F57
:105F10001072CA3E5E236B3F53B9C93E0C4B6B3FB8
:105F20007700C93E95726B3F7C47C83EFB996B3F3B
:105F3000628EC73E3BC16B3F29D5C63E58E86B3FDA
:105F4000D21BC63E500F6C3F5C62C53E24366C3F90
:105F5000C8A8C43ED45C6C3F15EFC33E5E836C3F63
:105F60004435C33EC5A96C3F557BC23E07D06C3F4C
:105F700048C1C13E24F66C3F1E07C13E1D1C6D3F4B
:105F8000D54CC03EF2416D3F6F92BF3EA1676D3F61
:105F9000EBD7BE3E2D8D6D3F4A1DBE3E93B26D3F89
:105FA0008B62BD3ED5D76D3FAFA7BC3EF2FC6D3FC7
:105FB000B6ECBB3EEB216E3FA031BB3EBE466E3F12
:105FC0006E76BA3E6D6B6E3F1EBBB93EF88F6E3F6C
:105FD000B2FFB83E5DB46E3F2A44B83E9ED86E3FD5
:105FE0008488B73EBAFC6E3FC3CCB63EB0206F3F4C
:105FF000E610B63E83446F3FEC54B53E30686F3FC9
:10600000D698B43EB88B6F3FA5DCB33E1BAF6F3F55
:106010005820B33E5AD26F3FEF63B23E73F56F3FE5
:106020006BA7B13E6718703FCBEAB03E373B703F7D
:10603000102EB03EE15D703F3A71AF3E6680703F1A
:1060400049B4AE3EC6A2703F3CF7AD3E02C5703FBC
:10605000153AAD3E17E7703FD47CAC3E0809713F5E
:1060600077BFAB3ED42A713F0102AB3E7A4C713F01
:106070006F44AA3EFB6D713FC486A93E578F713FA6
:10608000FEC8A83E8EB0713F1F0BA83E9FD1713F46
:10609000254DA73E8CF2713F128FA63E5213723FE0
:1060A000E5D0A53EF433723F9F12A53E7054723F77
:1060B0003F54A43EC774723FC595A33EF894723F07
:1060C00033D7A23E04B5723F8718A23EEBD4723F8D
:1060D000C259A13EACF4723FE59AA03E4714733F0B
:1060E000EEDB9F3EBE33733FDF1C9F3E0E53733F7C
:1060F000B85D9E3E3972733F789E9D3E3F91733FDF
:1061000020DF9C3E1FB0733FAF1F9C3ED9CE733F34
:1061100027609B3E6EED733F86A09A3EDD0B743F79
:10612000CEE0993E272A743FFE20993E4B48743FAB
:106130001661983E4966743F17A1973E2284743FCA
:1061400000E1963ED5A1743FD220963E62BF743FD7
:106150008D60953EC9DC743F31A0943E0BFA743FCC
:10616000BFDF933E2717753F351F933E1D34753FA4
:10617000945E923EED50753FDD9D913E976D753F6B
:1061800010DD903E1C8A753F2C1C903E7BA6753F0F
:10619000325B8F3EB3C2753F229A8E3EC6DE753F9C
:1061A000FCD88D3EB3FA753FC0178D3E7A16763F08
:1061B0006E568C3E1B32763F07958B3E974D763F51
:1061C0008AD38A3EEC68763FF8118A3E1B84763F7C
:1061D0005050893E249F763F938E883E07BA763F83
:1061E000C1CC873EC4D4763FDA0A873E5BEF763F68
:1061F000DF48863ECC09773FCE86853E1724773F21
:10620000AAC4843E3C3E773F7002843E3A58773FB2
:106210002240833E1372773FC07D823EC58B773F1D
:106220004ABB813E51A5773FC0F8803EB7BE773F5D
:106230002236803EF7D7773FE1E67E3E10F1773F8A
:1062400056617D3E040A783FA4DB7B3ED122783F35
:10625000CB557A3E773B783FCCCF783EF853783FAA
:10626000A649773E526C783F5AC3753E8684783F84
:10627000E83C743E939C783F51B6723E7BB4783FC5
:10628000942F713E3BCC783FB2A86F3ED6E3783F67
:10629000AB216E3E4AFB783F7F9A6C3E9812793F65
:1062A0002F136B3EBF29793FBA8B693EC040793FBF
:1062B0002204683E9A57793F667C663E4E6E793F6F
:1062C00086F4643EDC84793F836C633E439B793F74
:1062D0005CE4613E83B1793F135C603E9DC7793FCA
:1062E000A8D35E3E91DD793F1A4B5D3E5EF3793F68
:1062F0006AC25B3E04097A3F97395A3E841E7A3F50
:10630000A4B0583EDD337A3F8F27573E10497A3F7D
:10631000589E553E1C5E7A3F0115543E02737A3FEB
:10632000898B523EC1877A3FF101513E599C7A3F99
:1063300038784F3ECBB07A3F60EE4D3E16C57A3F7F
:1063400067644C3E3AD97A3F4FDA4A3E37ED7A3F9E
:106350001850493E0E017B3FC2C5473EBE147B3FED
:106360004D3B463E48287B3FB9B0443EAB3B7B3F6C
:106370000726433EE74E7B3F379B413EFC617B3F18
:106380004910403EEA747B3F3E853E3EB2877B3FEC
:1063900015FA3C3E539A7B3FCF6E3B3ECDAC7B3FE4
:1063A0006CE3393E20BF7B3FEC57383E4DD17B3FFD
:1063B00050CC363E53E37B3F9840353E31F57B3F32
:1063C000C4B4333EE9067C3FD428323E7A187C3F81
:1063D000C99C303EE5297C3FA2102F3E283B7C3FE4
:1063E00061842D3E444C7C3F04F82B3E3A5D7C3F5B
:1063F0008D6B2A3E086E7C3FFCDE283EB07E7C3FE3
:106400005152273E318F7C3F8CC5253E8A9F7C3F71
:10641000AD38243EBDAF7C3FB6AB223EC9BF7C3F0A
:10642000A51E213EAECF7C3F7B911F3E6CDF7C3FA3
:1064300038041E3E03EF7C3FDE761C3E73FE7C3F3D
:106440006BE91A3EBC0D7D3FE05B193EDD1C7D3FD4
:106450003DCE173ED82B7D3F8340163EAC3A7D3F64
:10646000B2B2143E59497D3FCA24133EDE577D3FE8
:10647000CC96113E3D667D3FB708103E74747D3F5B
:106480008B7A0E3E85827D3F4AEC0C3E6E907D3FBE
:10649000F35D0B3E309E7D3F86CF093ECCAB7D3F0A
:1064A0000541083E40B97D3F6EB2063E8CC67D3F39
:1064B000C223053EB2D37D3F0295033EB1E07D3F4E
:1064C0002E06023E88ED7D3F4577003E38FA7D3F3F
:1064D00092D0FD3DC2067E3F73B2FA3D24137E3F4B
:1064E0002C94F73D5E1F7E3FC075F43D722B7E3FBE
:1064F0002E57F13D5E377E3F7638EE3D23437E3F9B
:106500009A19EB3DC14E7E3F9AFAE73D385A7E3FDD
:1065100076DBE43D88657E3F2EBCE13DB0707E3F7A
:10652000C49CDE3DB17B7E3F377DDB3D8B867E3F6D
:10653000895DD83D3D917E3FB93DD53DC99B7E3FAC
:10654000C81DD23D2DA67E3FB7FDCE3D69B07E3F32
:1065500086DDCB3D7FBA7E3F36BDC83D6DC47E3FF4
:10656000C69CC53D34CE7E3F397CC23DD4D77E3FEC
:106570008D5BBF3D4CE17E3FC33ABC3D9DEA7E3F13
:10658000DD19B93DC7F37E3FDAF8B53DC9FC7E3F62
:10659000BBD7B23DA4057F3F80B6AF3D580E7F3FCD
:1065A0002B95AC3DE4167F3FBA73A93D491F7F3F51
:1065B0003052A63D87277F3F8C30A33D9D2F7F3FE4
:1065C000CF0EA03D8D377F3FF9EC9C3D543F7F3F80
:1065D0000ACB993DF4467F3F05A9963D6D4E7F3F1E
:1065E000E786933DBF557F3FB464903DE95C7F3FB4
:1065F0006A428D3DEC637F3F0A208A3DC76A7F3F38
:1066000094FD863D7B717F3F0ADB833D08787F3FA9
:106610006CB8803D6D7E7F3F742B7B3DAB847F3FAC
:10662000E9E5743DC28A7F3F38A06E3DB1907F3F5F
:10663000625A683D78967F3F6814623D189C7F3FA0
:106640004CCE5B3D91A17F3F0E88553DE3A67F3F39
:10665000AF414F3D0DAC7F3F2FFB483D0FB17F3F1A
:1066600091B4423DEAB57F3FD56D3C3D9EBA7F3F38
:10667000FC26363D2ABF7F3F07E02F3D8FC37F3F7B
:10668000F698293DCCC77F3FCC51233DE2CB7F3FDD
:10669000880A1D3DD1CF7F3F2CC3163D98D37F3F45
:1066A000B87B103D37D77F3F2F340A3DAFDA7F3FAD
:1066B00090EC033D00DE7F3FB949FB3C29E17F3F81
:1066C0002DBAEE3C2BE47F3F7B2AE23C05E77F3F7F
:1066D000A69AD53CB8E97F3FB00AC93C43EC7F3F5E
:1066E0009B7ABC3CA7EE7F3F69EAAF3CE3F07F3F7B
:1066F0001C5AA33CF8F27F3FB6C9963CE6F47F3FB4
:1067000038398A3CACF67F3F4B517B3C4AF87F3F9F
:106710000030623CC1F97F3F900E493C11FB7F3F46
:1067200002ED2F3C39FC7F3F59CB163C39FD7F3FB2
:106730003053FB3B13FE7F3F890FC93BC4FE7F3FB5
:10674000C1CB963B4EFF7F3FC70F493BB1FF7F3F19
:10675000D40FC93AECFF7F3F000000000000803FEB
:10676000D40FC9BAECFF7F3FC70F49BBB1FF7F3FD2
:10677000C1CB96BB4EFF7F3F890FC9BBC4FE7F3F95
:106780003053FBBB13FE7F3F59CB16BC39FD7F3F17
:1067900002ED2FBC39FC7F3F900E49BC11FB7F3FBF
:1067A000003062BCC1F97F3F4B517BBC4AF87F3F50
:1067B00038398ABCACF67F3FB6C996BCE6F47F3F59
:1067C0001C5AA3BCF8F27F3F69EAAFBCE3F07F3FFD
:1067D0009B7ABCBCA7EE7F3FB00AC9BC43EC7F3FAD
:1067E000A69AD5BCB8E97F3F7B2AE2BC05E77F3F8C
:1067F0002DBAEEBC2BE47F3FB949FBBC29E17F3FBA
:1068000090EC03BD00DE7F3F2F340ABDAFDA7F3F3F
:10681000B87B10BD37D77F3F2CC316BD98D37F3FC1
:10682000880A1DBDD1CF7F3FCC5123BDE2CB7F3F36
:10683000F69829BDCCC77F3F07E02FBD8FC37F3FB0
:10684000FC2636BD2ABF7F3FD56D3CBD9EBA7F3F3B
:1068500091B442BDEAB57F3F2FFB48BD0FB17F3FEA
:10686000AF414FBD0DAC7F3F0E8855BDE3A67F3FC6
:106870004CCE5BBD91A17F3F681462BD189C7F3FE9
:10688000625A68BD78967F3F38A06EBDB1907F3F59
:10689000E9E574BDC28A7F3F742B7BBDAB847F3F2B
:1068A0006CB880BD6D7E7F3F0ADB83BD08787F3F7B
:1068B00094FD86BD7B717F3F0A208ABDC76A7F3FFA
:1068C0006A428DBDEC637F3FB46490BDE95C7F3F5D
:1068D000E78693BDBF557F3F05A996BD6D4E7F3FAF
:1068E0000ACB99BDF4467F3FF9EC9CBD543F7F3FF6
:1068F000CF0EA0BD8D377F3F8C30A3BD9D2F7F3F36
:106900003052A6BD87277F3FBA73A9BD491F7F3F7D
:106910002B95ACBDE4167F3F80B6AFBD580E7F3FD0
:10692000BBD7B2BDA4057F3FDAF8B5BDC9FC7E3F39
:10693000DD19B9BDC7F37E3FC33ABCBD9DEA7E3FBA
:106940008D5BBFBD4CE17E3F397CC2BDD4D77E3F5D
:10695000C69CC5BD34CE7E3F36BDC8BD6DC47E3F2E
:1069600086DDCBBD7FBA7E3FB7FDCEBD69B07E3F31
:10697000C81DD2BD2DA67E3FB93DD5BDC99B7E3F6A
:10698000895DD8BD3D917E3F377DDBBD8B867E3FE7
:10699000C49CDEBDB17B7E3F2EBCE1BDB0707E3FAE
:1069A00076DBE4BD88657E3F9AFAE7BD385A7E3FC4
:1069B0009A19EBBDC14E7E3F7638EEBD23437E3F34
:1069C0002E57F1BD5E377E3FC075F4BD722B7E3F02
:1069D0002C94F7BD5E1F7E3F73B2FABD24137E3F39
:1069E00092D0FDBDC2067E3F457700BE38FA7D3F9E
:1069F0002E0602BE88ED7D3F029503BEB1E07D3FCD
:106A0000C22305BEB2D37D3F6EB206BE8CC67D3FAB
:106A1000054108BE40B97D3F86CF09BECCAB7D3F66
:106A2000F35D0BBE309E7D3F4AEC0CBE6E907D3F09
:106A30008B7A0EBE85827D3FB70810BE74747D3F91
:106A4000CC9611BE3D667D3FCA2413BEDE577D3F06
:106A5000B2B214BE59497D3F834016BEAC3A7D3F69
:106A60003DCE17BED82B7D3FE05B19BEDD1C7D3FC0
:106A70006BE91ABEBC0D7D3FDE761CBE73FE7C3F0B
:106A800038041EBE03EF7C3F7B911FBE6CDF7C3F52
:106A9000A51E21BEAECF7C3FB6AB22BEC9BF7C3F98
:106AA000AD3824BEBDAF7C3F8CC525BE8A9F7C3FE0
:106AB000515227BE318F7C3FFCDE28BEB07E7C3F2A
:106AC0008D6B2ABE086E7C3F04F82BBE3A5D7C3F7E
:106AD00061842DBE444C7C3FA2102FBE283B7C3FDE
:106AE000C99C30BEE5297C3FD42832BE7A187C3F51
:106AF000C4B433BEE9067C3F984035BE31F57B3FD8
:106B000050CC36BE53E37B3FEC5738BE4DD17B3F74
:106B10006CE339BE20BF7B3FCF6E3BBECDAC7B3F2D
:106B200015FA3CBE539A7B3F3E853EBEB2877B3F03
:106B3000491040BEEA747B3F379B41BEFC617B3FFE
:106B4000072643BEE74E7B3FB9B044BEAB3B7B3F1D
:106B50004D3B46BE48287B3FC2C547BEBE147B3F67
:106B6000185049BE0E017B3F4FDA4ABE37ED7A3FDF
:106B700067644CBE3AD97A3F60EE4DBE16C57A3F87
:106B800038784FBECBB07A3FF10151BE599C7A3F65
:106B9000898B52BEC1877A3F011554BE02737A3F7A
:106BA000589E55BE1C5E7A3F8F2757BE10497A3FCC
:106BB000A4B058BEDD337A3F97395ABE841E7A3F5F
:106BC0006AC25BBE04097A3F1A4B5DBE5EF3793F31
:106BD000A8D35EBE91DD793F135C60BE9DC7793F4F
:106BE0005CE461BE83B1793F836C63BE439B793FB4
:106BF00086F464BEDC84793F667C66BE4E6E793F67
:106C0000220468BE9A57793FBA8B69BEC040793F6B
:106C10002F136BBEBF29793F7F9A6CBE9812793FC4
:106C2000AB216EBE4AFB783FB2A86FBED6E3783F79
:106C3000942F71BE3BCC783F51B672BE7BB4783F87
:106C4000E83C74BE939C783F5AC375BE8684783FF7
:106C5000A64977BE526C783FCCCF78BEF853783FC8
:106C6000CB557ABE773B783FA4DB7BBED122783F01
:106C700056617DBE040A783FE1E67EBE10F1773FA3
:106C8000223680BEF7D7773FC0F880BEB7BE773FC9
:106C90004ABB81BE51A5773FC07D82BEC58B773F81
:106CA000224083BE1372773F700284BE3A58773F0A
:106CB000AAC484BE3C3E773FCE8685BE1724773F6C
:106CC000DF4886BECC09773FDA0A87BE5BEF763FA6
:106CD000C1CC87BEC4D4763F938E88BE07BA763FB8
:106CE000505089BE249F763FF8118ABE1B84763FA0
:106CF0008AD38ABEEC68763F07958BBE974D763F68
:106D00006E568CBE1B32763FC0178DBE7A16763F0C
:106D1000FCD88DBEB3FA753F229A8EBEC6DE753F93
:106D2000325B8FBEB3C2753F2C1C90BE7BA6753FF5
:106D300010DD90BE1C8A753FDD9D91BE976D753F3D
:106D4000945E92BEED50753F351F93BE1D34753F66
:106D5000BFDF93BE2717753F31A094BE0BFA743F77
:106D60008D6095BEC9DC743FD22096BE62BF743F71
:106D700000E196BED5A1743F17A197BE2284743F4F
:106D8000166198BE4966743FFE2099BE4B48743F19
:106D9000CEE099BE272A743F86A09ABEDD0B743FD1
:106DA00027609BBE6EED733FAF1F9CBED9CE733F75
:106DB00020DF9CBE1FB0733F789E9DBE3F91733F06
:106DC000B85D9EBE3972733FDF1C9FBE0E53733F8A
:106DD000EEDB9FBEBE33733FE59AA0BE4714733F00
:106DE000C259A1BEACF4723F8718A2BEEBD4723F69
:106DF00033D7A2BE04B5723FC595A3BEF894723FC7
:106E00003F54A4BEC774723F9F12A5BE7054723F18
:106E1000E5D0A5BEF433723F128FA6BE5213723F67
:106E2000254DA7BE8CF2713F1F0BA8BE9FD1713FAD
:106E3000FEC8A8BE8EB0713FC486A9BE578F713FF1
:106E40006F44AABEFB6D713F0102ABBE7A4C713F2D
:106E500077BFABBED42A713FD47CACBE0809713F6A
:106E6000153AADBE17E7703F3CF7ADBE02C5703FA7
:106E700049B4AEBEC6A2703F3A71AFBE6680703FE5
:106E8000102EB0BEE15D703FCBEAB0BE373B703F25
:106E90006BA7B1BE6718703FEF63B2BE73F56F3F6B
:106EA0005820B3BE5AD26F3FA5DCB3BE1BAF6F3FB5
:106EB000D698B4BEB88B6F3FEC54B5BE30686F3F08
:106EC000E610B6BE83446F3FC3CCB6BEB0206F3F62
:106ED0008488B7BEBAFC6E3F2A44B8BE9ED86E3FC7
:106EE000B2FFB8BE5DB46E3F1EBBB9BEF88F6E3F39
:106EF0006E76BABE6D6B6E3FA031BBBEBE466E3FB6
:106F0000B6ECBBBEEB216E3FAFA7BCBEF2FC6D3F43
:106F10008B62BDBED5D76D3F4A1DBEBE93B26D3FDD
:106F2000EBD7BEBE2D8D6D3F6F92BFBEA1676D3F8B
:106F3000D54CC0BEF2416D3F1E07C1BE1D1C6D3F4A
:106F400048C1C1BE24F66C3F557BC2BE07D06C3F22
:106F50004435C3BEC5A96C3F15EFC3BE5E836C3F0D
:106F6000C8A8C4BED45C6C3F5C62C5BE24366C3F0E
:106F7000D21BC6BE500F6C3F29D5C6BE58E86B3F2A
:106F8000628EC7BE3BC16B3F7C47C8BEFB996B3F5F
:106F90007700C9BE95726B3F53B9C9BE0C4B6B3FAE
:106FA0001072CABE5E236B3FAE2ACBBE8CFB6A3F1B
:106FB0002CE3CBBE95D36A3F8B9BCCBE7BAB6A3FA9
:106FC000CA53CDBE3C836A3FEA0BCEBED95A6A3F54
:106FD000EAC3CEBE52326A3FCA7BCFBEA7096A3F20
:106FE0008A33D0BED7E0693F2AEBD0BEE4B7693F11
:106FF000AAA2D1BECC8E693F095AD2BE9165693F23
:107000004811D3BE323C693F67C8D3BEAE12693F58
:10701000647FD4BE07E9683F4136D5BE3CBF683FB8
:10702000FDECD5BE4C95683F99A3D6BE396B683F41
:10703000135AD7BE0341683F6B10D8BEA816683FED
:10704000A3C6D8BE2AEC673FB97CD9BE87C1673FCB
:10705000AD32DABEC196673F80E8DABED86B673FD3
:10706000319EDBBECA40673FC153DCBE9915673F06
:107070002E09DDBE45EA663F79BEDDBECCBE663F69
:10708000A273DEBE3093663FA928DFBE7167663FFC
:107090008DDDDFBE8E3B663F4F92E0BE880F663FC0
:1070A000EE46E1BE5EE3653F6AFBE1BE10B7653FB9
:1070B000C4AFE2BEA08A653FFA63E3BE0B5E653FE4
:1070C0000E18E4BE5431653FFECBE4BE7904653F43
:1070D000CB7FE5BE7BD7643F7533E6BE59AA643FDC
:1070E000FBE6E6BE147D643F5D9AE7BEAC4F643FAD
:1070F0009C4DE8BE2122643FB700E9BE73F4633FB4
:10710000AEB3E9BEA1C6633F8166EABEAC98633FF9
:107110003019EBBE956A633FBBCBEBBE5A3C633F75
:10712000217EECBEFC0D633F6330EDBE7BDF623F32
:1071300080E2EDBED7B0623F7994EEBE1082623F2E
:107140004C46EFBE2653623FFBF7EFBE1A24623F68
:1071500085A9F0BEEAF4613FEA5AF1BE98C5613FE5
:10716000290CF2BE2296613F43BDF2BE8A66613FA2
:10717000386EF3BED036613F071FF4BEF206613FA2
:10718000B1CFF4BEF2D6603F3580F5BECFA6603FEA
:107190009330F6BE8976603FCBE0F6BE2146603F75
:1071A000DC90F7BE9615603FC840F8BEE9E45F3F4B
:1071B0008EF0F8BE19B45F3F2DA0F9BE27835F3F64
:1071C000A54FFABE12525F3FF7FEFABEDB205F3FCB
:1071D00022AEFBBE81EF5E3F275DFCBE05BE5E3F7B
:1071E000040CFDBE678C5E3FBBBAFDBEA65A5E3F77
:1071F0004A69FEBEC3285E3FB217FFBEBEF65D3FC2
:10720000F3C5FFBE97C45D3F063A00BF4D925D3F98
:10721000FF9000BFE15F5D3FE4E700BF532D5D3F9E
:10722000B53E01BFA3FA5C3F739501BFD1C75C3F78
:107230001CEC01BFDD945C3FB14202BFC7615C3F03
:10724000329902BF8E2E5C3F9FEF02BF34FB5B3F43
:10725000F84503BFB8C75B3F3D9C03BF1A945B3F33
:107260006DF203BF5A605B3F894804BF792C5B3FD6
:10727000919E04BF75F85A3F84F404BF50C45A3F2E
:10728000624A05BF09905A3F2CA005BFA05B5A3F38
:10729000E2F505BF16275A3F824B06BF6AF2593FF7
:1072A0000EA106BF9CBD593F86F606BFAD88593F6B
:1072B000E84B07BF9C53593F36A107BF6A1E593F91
:1072C0006FF607BF17E9583F924B08BFA1B3583F6D
:1072D000A1A008BF0B7E583F9BF508BF5348583FFD
:1072E0007F4A09BF7912583F4E9F09BF7FDC573F45
:1072F00009F409BF63A6573FAD480ABF2670573F40
:107300003D9D0ABFC739573FB7F10ABF4803573FF2
:107310001C460BBFA7CC563F6B9A0BBFE595563F5B
:10732000A5EE0BBF025F563FC9420CBFFE27563F7A
:10733000D7960CBFD9F0553FD0EA0CBF93B9553F53
:10734000B33E0DBF2C82553F81920DBFA44A553FDD
:1073500038E60DBFFB12553FDA390EBF31DB543F23
:10736000658D0EBF47A3543FDBE00EBF3B6B543F20
:107370003B340FBF0F33543F84870FBFC3FA533FD3
:10738000B8DA0FBF55C2533FD52D10BFC789533F41
:10739000DC8010BF1851533FCDD310BF4918533F65
:1073A000A72611BF59DF523F6B7911BF49A6523F43
:1073B00019CC11BF186D523FB01E12BFC633523FD9
:1073C000307112BF54FA513F9AC312BFC2C0513F2D
:1073D000EE1513BF1087513F2A6813BF3D4D513F33
:1073E00050BA13BF4A13513F5F0C14BF37D9503FF7
:1073F000585E14BF039F503F39B014BFAF64503F75
:10740000040215BF3B2A503FB75315BFA8EF4F3FAB
:1074100054A515BFF4B44F3FD9F615BF1F7A4F3F9F
:10742000474816BF2B3F4F3F9F9916BF17044F3F4A
:10743000DFEA16BFE4C84E3F073C17BF908D4E3FB2
:10744000188D17BF1C524E3F12DE17BF89164E3FD4
:10745000F52E18BFD5DA4D3FC07F18BF029F4D3FB4
:1074600073D018BF10634D3F0F2119BFFD264D3F4C
:10747000947119BFCBEA4C3F00C219BF79AE4C3FA3
:1074800055121ABF08724C3F93621ABF78354C3FB1
:10749000B8B21ABFC7F84B3FC6021BBFF8BB4B3F81
:1074A000BB521BBF097F4B3F99A21BBFFA414B3F09
:1074B0005FF21BBFCC044B3F0C421CBF7FC74A3F4F
:1074C000A2911CBF138A4A3F1FE11CBF874C4A3F51
:1074D00084301DBFDC0E4A3FD17F1DBF12D1493F12
:1074E00006CF1DBF2993493F221E1EBF2155493F8C
:1074F000266D1EBFFA16493F12BC1EBFB3D8483FC7
:10750000E50A1FBF4E9A483F9F591FBFCA5B483FBD
:1075100041A81FBF271D483FCBF61FBF65DE473F71
:107520003B4520BF849F473F939320BF8560473FE3
:10753000D2E120BF6721473FF92F21BF2AE2463F12
:10754000067E21BFCEA2463FFBCB21BF5463463F00
:10755000D71922BFBB23463F996722BF03E4453FAB
:1075600043B522BF2DA4453FD30223BF3964453F15
:107570004B5023BF2624453FA99D23BFF5E3443F3D
:10758000EEEA23BFA5A3443F1A3824BF3763443F24
:107590002C8524BFAB22443F25D224BF00E2433FC9
:1075A000041F25BF38A1433FCB6B25BF5160433F2C
:1075B00077B825BF4C1F433F0A0526BF29DE423F4F
:1075C000845126BFE89C423FE39D26BF895B423F32
:1075D0002AEA26BF0B1A423F563627BF70D8413FD2
:1075E000688227BFB796413F61CE27BFE154413F34
:1075F000401A28BFEC12413F056628BFDAD0403F51
:10760000B0B128BFA98E403F41FD28BF5C4C403F30
:10761000B84829BFF009403F159429BF67C73F3FCD
:1076200057DF29BFC0843F3F802A2ABFFC413F3F2C
:107630008E752ABF1BFF3E3F82C02ABF1BBC3E3F48
:107640005B0B2BBFFF783E3F1B562BBFC5353E3F24
:10765000BFA02BBF6EF23D3F4AEB2BBFF9AE3D3FC3
:10766000B9352CBF676B3D3F0F802CBFB8273D3F1E
:1076700049CA2CBFECE33C3F69142DBF03A03C3F3B
:107680006F5E2DBFFC5B3C3F59A82DBFD9173C3F17
:1076900029F22DBF98D33B3FDE3B2EBF3B8F3B3FB4
:1076A00078852EBFC14A3B3FF7CE2EBF29063B3F10
:1076B0005B182FBF75C13A3FA5612FBFA47C3A3F2D
:1076C000D3AA2FBFB7373A3FE6F32FBFACF2393F0B
:1076D000DE3C30BF85AD393FBB8530BF4268393FA6
:1076E0007CCE30BFE122393F221731BF65DD383F04
:1076F000AD5F31BFCB97383F1DA831BF1652383F21
:1077000071F031BF430C383FAA3832BF55C6373FFE
:10771000C78032BF4A80373FC9C832BF233A373F9C
:10772000AF1033BFDFF3363F7A5833BF7FAD363FFC
:1077300029A033BF0467363FBCE733BF6C20363F18
:10774000342F34BFB8D9353F8F7634BFE792353FF9
:10775000CFBD34BFFB4B353FF30435BFF304353F9A
:10776000FB4B35BFCFBD343FE79235BF8F76343FFB
:10777000B8D935BF342F343F6C2036BFBCE7333F18
:10778000046736BF29A0333F7FAD36BF7A58333FF9
:10779000DFF336BFAF10333F233A37BFC9C8323F9C
:1077A0004A8037BFC780323F55C637BFAA38323FFD
:1077B000430C38BF71F0313F165238BF1DA8313F1E
:1077C000CB9738BFAD5F313F65DD38BF2217313F02
:1077D000E12239BF7CCE303F426839BFBB85303FA4
:1077E00085AD39BFDE3C303FACF239BFE6F32F3F09
:1077F000B7373ABFD3AA2F3FA47C3ABFA5612F3F2A
:1078000075C13ABF5B182F3F29063BBFF7CE2E3F0D
:10781000C14A3BBF78852E3F3B8F3BBFDE3B2E3FAF
:1078200098D33BBF29F22D3FD9173CBF59A82D3F14
:10783000FC5B3CBF6F5E2D3F03A03CBF69142D3F36
:10784000ECE33CBF49CA2C3FB8273DBF0F802C3F1B
:10785000676B3DBFB9352C3FF9AE3DBF4AEB2B3FBF
:107860006EF23DBFBFA02B3FC5353EBF1B562B3F21
:10787000FF783EBF5B0B2B3F1BBC3EBF82C02A3F45
:107880001BFF3EBF8E752A3FFC413FBF802A2A3F27
:10789000C0843FBF57DF293F67C73FBF1594293FCB
:1078A000F00940BFB848293F5C4C40BF41FD283F2C
:1078B000A98E40BFB0B1283FDAD040BF0566283F4F
:1078C000EC1241BF401A283FE15441BF61CE273F2F
:1078D000B79641BF6882273F70D841BF5636273FD1
:1078E0000B1A42BF2AEA263F895B42BFE39D263F2F
:1078F000E89C42BF8451263F29DE42BF0A05263F4D
:107900004C1F43BF77B8253F516043BFCB6B253F2A
:1079100038A143BF041F253F00E243BF25D2243FC7
:10792000AB2244BF2C85243F376344BF1A38243F21
:10793000A5A344BFEEEA233FF5E344BFA99D233F3F
:10794000262445BF4B50233F396445BFD302233F14
:107950002DA445BF43B5223F03E445BF9967223FAD
:10796000BB2346BFD719223F546346BFFBCB213F01
:10797000CEA246BF067E213F2AE246BFF92F213F15
:10798000672147BFD2E1203F856047BF9393203FE7
:10799000849F47BF3B45203F65DE47BFCBF61F3F77
:1079A000271D48BF41A81F3FCA5B48BF9F591F3FC3
:1079B0004E9A48BFE50A1F3FB3D848BF12BC1E3FCE
:1079C000FA1649BF266D1E3F215549BF221E1E3F94
:1079D000299349BF06CF1D3F12D149BFD17F1D3F1B
:1079E000DC0E4ABF84301D3F874C4ABF1FE11C3F5D
:1079F000138A4ABFA2911C3F7FC74ABF0C421C3F5B
:107A0000CC044BBF5FF21B3FFA414BBF99A21B3F17
:107A1000097F4BBFBB521B3FF8BB4BBFC6021B3F8E
:107A2000C7F84BBFB8B21A3F78354CBF93621A3FC4
:107A300008724CBF55121A3F79AE4CBF00C2193FB5
:107A4000CBEA4CBF9471193FFD264DBF0F21193F62
:107A500010634DBF73D0183F029F4DBFC07F183FCA
:107A6000D5DA4DBFF52E183F89164EBF12DE173FEF
:107A70001C524EBF188D173F908D4EBF073C173FCD
:107A8000E4C84EBFDFEA163F17044FBF9F99163F69
:107A90002B3F4FBF4748163F1F7A4FBFD9F6153FC0
:107AA000F4B44FBF54A5153FA8EF4FBFB753153FD0
:107AB0003B2A50BF0402153FAF6450BF39B0143F9A
:107AC000039F50BF585E143F37D950BF5F0C143F1F
:107AD0004A1351BF50BA133F3D4D51BF2A68133F5F
:107AE000108751BFEE15133FC2C051BF9AC3123F5A
:107AF00054FA51BF3071123FC63352BFB01E123F0D
:107B0000186D52BF19CC113F49A652BF6B79113F76
:107B100059DF52BFA726113F491853BFCDD3103F9D
:107B2000185153BFDC80103FC78953BFD52D103F7C
:107B300055C253BFB8DA0F3FC3FA53BF84870F3F14
:107B40000F3354BF3B340F3F3B6B54BFDBE00E3F62
:107B500047A354BF658D0E3F31DB54BFDA390E3F6A
:107B6000FB1255BF38E60D3FA44A55BF81920D3F29
:107B70002C8255BFB33E0D3F93B955BFD0EA0C3FA1
:107B8000D9F055BFD7960C3FFE2756BFC9420C3FD0
:107B9000025F56BFA5EE0B3FE59556BF6B9A0B3FB4
:107BA000A7CC56BF1C460B3F480357BFB7F10A3F4F
:107BB000C73957BF3D9D0A3F267057BFAD480A3FA2
:107BC00063A657BF09F4093F7FDC57BF4E9F093FAB
:107BD000791258BF7F4A093F534858BF9BF5083F69
:107BE0000B7E58BFA1A0083FA1B358BF924B083FDE
:107BF00017E958BF6FF6073F6A1E59BF36A1073F06
:107C00009C5359BFE84B073FAD8859BF86F6063FE6
:107C10009CBD59BF0EA1063F6AF259BF824B063F79
:107C200016275ABFE2F5053FA05B5ABF2CA0053FBF
:107C300009905ABF624A053F50C45ABF84F4043FBA
:107C400075F85ABF919E043F792C5BBF8948043F69
:107C50005A605BBF6DF2033F1A945BBF3D9C033FCC
:107C6000B8C75BBFF845033F34FB5BBF9FEF023FE4
:107C70008E2E5CBF3299023FC7615CBFB142023FAA
:107C8000DD945CBF1CEC013FD1C75CBF7395013F25
:107C9000A3FA5CBFB53E013F532D5DBFE4E7003F53
:107CA000E15F5DBFFF90003F4D925DBF063A003F30
:107CB00097C45DBFF3C5FF3EBEF65DBFB217FF3E82
:107CC000C3285EBF4A69FE3EA65A5EBFBBBAFD3EF0
:107CD000678C5EBF040CFD3E05BE5EBF275DFC3EAB
:107CE00081EF5EBF22AEFB3EDB205FBFF7FEFA3EB8
:107CF00012525FBFA54FFA3E27835FBF2DA0F93E0A
:107D000019B45FBF8EF0F83EE9E45FBFC840F83EAB
:107D1000961560BFDC90F73E214660BFCBE0F63E93
:107D2000897660BF9330F63ECFA660BF3580F53EC2
:107D3000F2D660BFB1CFF43EF20661BF071FF43E3A
:107D4000D03661BF386EF33E8A6661BF43BDF23EF6
:107D5000229661BF290CF23E98C561BFEA5AF13EF6
:107D6000EAF461BF85A9F03E1A2462BFFBF7EF3E3B
:107D7000265362BF4C46EF3E108262BF7994EE3EBE
:107D8000D7B062BF80E2ED3E7BDF62BF6330ED3E85
:107D9000FC0D63BF217EEC3E5A3C63BFBBCBEB3E88
:107DA000956A63BF3019EB3EAC9863BF8166EA3ECB
:107DB000A1C663BFAEB3E93E73F463BFB700E93E4B
:107DC000212264BF9C4DE83EAC4F64BF5D9AE73E04
:107DD000147D64BFFBE6E63E59AA64BF7533E63EF8
:107DE0007BD764BFCB7FE53E790465BFFECBE43E25
:107DF000543165BF0E18E43E0B5E65BFFA63E33E87
:107E0000A08A65BFC4AFE23E10B765BF6AFBE13E22
:107E10005EE365BFEE46E13E880F66BF4F92E03EEF
:107E20008E3B66BF8DDDDF3E716766BFA928DF3EF2
:107E3000309366BFA273DE3ECCBE66BF79BEDD3E28
:107E400045EA66BF2E09DD3E991567BFC153DC3E8A
:107E5000CA4067BF319EDB3ED86B67BF80E8DA3E21
:107E6000C19667BFAD32DA3E87C167BFB97CD93EE4
:107E70002AEC67BFA3C6D83EA81668BF6B10D83ED1
:107E8000034168BF135AD73E396B68BF99A3D63EEA
:107E90004C9568BFFDECD53E3CBF68BF4136D53E32
:107EA00007E968BF647FD43EAE1269BF67C8D33E9E
:107EB000323C69BF4811D33E916569BF095AD23E31
:107EC000CC8E69BFAAA2D13EE4B769BF2AEBD03EEF
:107ED000D7E069BF8A33D03EA7096ABFCA7BCF3ECD
:107EE00052326ABFEAC3CE3ED95A6ABFEA0BCE3ECF
:107EF0003C836ABFCA53CD3E7BAB6ABF8B9BCC3EF3
:107F000095D36ABF2CE3CB3E8CFB6ABFAE2ACB3E37
:107F10005E236BBF1072CA3E0C4B6BBF53B9C93E98
:107F200095726BBF7700C93EFB996BBF7C47C83E1B
:107F30003BC16BBF628EC73E58E86BBF29D5C63EBA
:107F4000500F6CBFD21BC63E24366CBF5C62C53E70
:107F5000D45C6CBFC8A8C43E5E836CBF15EFC33E43
:107F6000C5A96CBF4435C33E07D06CBF557BC23E2C
:107F700024F66CBF48C1C13E1D1C6DBF1E07C13E2B
:107F8000F2416DBFD54CC03EA1676DBF6F92BF3E41
:107F90002D8D6DBFEBD7BE3E93B26DBF4A1DBE3E69
:107FA000D5D76DBF8B62BD3EF2FC6DBFAFA7BC3EA7
:107FB000EB216EBFB6ECBB3EBE466EBFA031BB3EF2
:107FC0006D6B6EBF6E76BA3EF88F6EBF1EBBB93E4C
:107FD0005DB46EBFB2FFB83E9ED86EBF2A44B83EB5
:107FE000BAFC6EBF8488B73EB0206FBFC3CCB63E2C
:107FF00083446FBFE610B63E30686FBFEC54B53EA9
:10800000B88B6FBFD698B43E1BAF6FBFA5DCB33E35
:108010005AD26FBF5820B33E73F56FBFEF63B23EC5
:10802000671870BF6BA7B13E373B70BFCBEAB03E5D
:10803000E15D70BF102EB03E668070BF3A71AF3EFA
:10804000C6A270BF49B4AE3E02C570BF3CF7AD3E9C
:1080500017E770BF153AAD3E080971BFD47CAC3E3E
:10806000D42A71BF77BFAB3E7A4C71BF0102AB3EE1
:10807000FB6D71BF6F44AA3E578F71BFC486A93E86
:108080008EB071BFFEC8A83E9FD171BF1F0BA83E26
:108090008CF271BF254DA73E521372BF128FA63EC0
:1080A000F43372BFE5D0A53E705472BF9F12A53E57
:1080B000C77472BF3F54A43EF89472BFC595A33EE7
:1080C00004B572BF33D7A23EEBD472BF8718A23E6D
:1080D000ACF472BFC259A13E471473BFE59AA03EEB
:1080E000BE3373BFEEDB9F3E0E5373BFDF1C9F3E5C
:1080F000397273BFB85D9E3E3F9173BF789E9D3EBF
:108100001FB073BF20DF9C3ED9CE73BFAF1F9C3E14
:108110006EED73BF27609B3EDD0B74BF86A09A3E59
:10812000272A74BFCEE0993E4B4874BFFE20993E8B
:10813000496674BF1661983E228474BF17A1973EAA
:10814000D5A174BF00E1963E62BF74BFD220963EB7
:10815000C9DC74BF8D60953E0BFA74BF31A0943EAC
:10816000271775BFBFDF933E1D3475BF351F933E84
:10817000ED5075BF945E923E976D75BFDD9D913E4B
:108180001C8A75BF10DD903E7BA675BF2C1C903EEF
:10819000B3C275BF325B8F3EC6DE75BF229A8E3E7C
:1081A000B3FA75BFFCD88D3E7A1676BFC0178D3EE8
:1081B0001B3276BF6E568C3E974D76BF07958B3E31
:1081C000EC6876BF8AD38A3E1B8476BFF8118A3E5C
:1081D000249F76BF5050893E07BA76BF938E883E63
:1081E000C4D476BFC1CC873E5BEF76BFDA0A873E48
:1081F000CC0977BFDF48863E172477BFCE86853E01
:108200003C3E77BFAAC4843E3A5877BF7002843E92
:10821000137277BF2240833EC58B77BFC07D823EFD
:1082200051A577BF4ABB813EB7BE77BFC0F8803E3D
:10823000F7D777BF2236803E10F177BFE1E67E3E6A
:10824000040A78BF56617D3ED12278BFA4DB7B3E15
:10825000773B78BFCB557A3EF85378BFCCCF783E8A
:10826000526C78BFA649773E868478BF5AC3753E64
:10827000939C78BFE83C743E7BB478BF51B6723EA5
:108280003BCC78BF942F713ED6E378BFB2A86F3E47
:108290004AFB78BFAB216E3E981279BF7F9A6C3E45
:1082A000BF2979BF2F136B3EC04079BFBA8B693E9F
:1082B0009A5779BF2204683E4E6E79BF667C663E4F
:1082C000DC8479BF86F4643E439B79BF836C633E54
:1082D00083B179BF5CE4613E9DC779BF135C603EAA
:1082E00091DD79BFA8D35E3E5EF379BF1A4B5D3E48
:1082F00004097ABF6AC25B3E841E7ABF97395A3E30
:10830000DD337ABFA4B0583E10497ABF8F27573E5D
:108310001C5E7ABF589E553E02737ABF0115543ECB
:10832000C1877ABF898B523E599C7ABFF101513E79
:10833000CBB07ABF38784F3E16C57ABF60EE4D3E5F
:108340003AD97ABF67644C3E37ED7ABF4FDA4A3E7E
:108350000E017BBF1850493EBE147BBFC2C5473ECD
:1083600048287BBF4D3B463EAB3B7BBFB9B0443E4C
:10837000E74E7BBF0726433EFC617BBF379B413EF8
:10838000EA747BBF4910403EB2877BBF3E853E3ECC
:10839000539A7BBF15FA3C3ECDAC7BBFCF6E3B3EC4
:1083A00020BF7BBF6CE3393E4DD17BBFEC57383EDD
:1083B00053E37BBF50CC363E31F57BBF9840353E12
:1083C000E9067CBFC4B4333E7A187CBFD428323E61
:1083D000E5297CBFC99C303E283B7CBFA2102F3EC4
:1083E000444C7CBF61842D3E3A5D7CBF04F82B3E3B
:1083F000086E7CBF8D6B2A3EB07E7CBFFCDE283EC3
:10840000318F7CBF5152273E8A9F7CBF8CC5253E51
:10841000BDAF7CBFAD38243EC9BF7CBFB6AB223EEA
:10842000AECF7CBFA51E213E6CDF7CBF7B911F3E83
:1084300003EF7CBF38041E3E73FE7CBFDE761C3E1D
:10844000BC0D7DBF6BE91A3EDD1C7DBFE05B193EB4
:10845000D82B7DBF3DCE173EAC3A7DBF8340163E44
:1084600059497DBFB2B2143EDE577DBFCA24133EC8
:108470003D667DBFCC96113E74747DBFB708103E3B
:1084800085827DBF8B7A0E3E6E907DBF4AEC0C3E9E
:10849000309E7DBFF35D0B3ECCAB7DBF86CF093EEA
:1084A00040B97DBF0541083E8CC67DBF6EB2063E19
:1084B000B2D37DBFC223053EB1E07DBF0295033E2E
:1084C00088ED7DBF2E06023E38FA7DBF4577003E1F
:1084D000C2067EBF92D0FD3D24137EBF73B2FA3D2B
:1084E0005E1F7EBF2C94F73D722B7EBFC075F43D9E
:1084F0005E377EBF2E57F13D23437EBF7638EE3D7B
:10850000C14E7EBF9A19EB3D385A7EBF9AFAE73DBD
:1085100088657EBF76DBE43DB0707EBF2EBCE13D5A
:10852000B17B7EBFC49CDE3D8B867EBF377DDB3D4D
:108530003D917EBF895DD83DC99B7EBFB93DD53D8C
:108540002DA67EBFC81DD23D69B07EBFB7FDCE3D12
:108550007FBA7EBF86DDCB3D6DC47EBF36BDC83DD4
:1085600034CE7EBFC69CC53DD4D77EBF397CC23DCC
:108570004CE17EBF8D5BBF3D9DEA7EBFC33ABC3DF3
:10858000C7F37EBFDD19B93DC9FC7EBFDAF8B53D42
:10859000A4057FBFBBD7B23D580E7FBF80B6AF3DAD
:1085A000E4167FBF2B95AC3D491F7FBFBA73A93D31
:1085B00087277FBF3052A63D9D2F7FBF8C30A33DC4
:1085C0008D377FBFCF0EA03D543F7FBFF9EC9C3D60
:1085D000F4467FBF0ACB993D6D4E7FBF05A9963DFE
:1085E000BF557FBFE786933DE95C7FBFB464903D94
:1085F000EC637FBF6A428D3DC76A7FBF0A208A3D18
:108600007B717FBF94FD863D08787FBF0ADB833D89
:108610006D7E7FBF6CB8803DAB847FBF742B7B3D8C
:10862000C28A7FBFE9E5743DB1907FBF38A06E3D3F
:1086300078967FBF625A683D189C7FBF6814623D80
:1086400091A17FBF4CCE5B3DE3A67FBF0E88553D19
:108650000DAC7FBFAF414F3D0FB17FBF2FFB483DFA
:10866000EAB57FBF91B4423D9EBA7FBFD56D3C3D18
:108670002ABF7FBFFC26363D8FC37FBF07E02F3D5B
:10868000CCC77FBFF698293DE2CB7FBFCC51233DBD
:10869000D1CF7FBF880A1D3D98D37FBF2CC3163D25
:1086A00037D77FBFB87B103DAFDA7FBF2F340A3D8D
:1086B00000DE7FBF90EC033D29E17FBFB949FB3C61
:1086C0002BE47FBF2DBAEE3C05E77FBF7B2AE23C5F
:1086D000B8E97FBFA69AD53C43EC7FBFB00AC93C3E
:1086E000A7EE7FBF9B7ABC3CE3F07FBF69EAAF3C5B
:1086F000F8F27FBF1C5AA33CE6F47FBFB6C9963C94
:10870000ACF67FBF38398A3C4AF87FBF4B517B3C7F
:10871000C1F97FBF0030623C11FB7FBF900E493C26
:1087200039FC7FBF02ED2F3C39FD7FBF59CB163C92
:1087300013FE7FBF3053FB3BC4FE7FBF890FC93B95
:108740004EFF7FBFC1CB963BB1FF7FBFC70F493BF9
:10875000ECFF7FBFD40FC93A000080BF00000000CB
:10876000ECFF7FBFD40FC9BAB1FF7FBFC70F49BBB2
:108770004EFF7FBFC1CB96BBC4FE7FBF890FC9BB75
:1087800013FE7FBF3053FBBB39FD7FBF59CB16BCF7
:1087900039FC7FBF02ED2FBC11FB7FBF900E49BC9F
:1087A000C1F97FBF003062BC4AF87FBF4B517BBC30
:1087B000ACF67FBF38398ABCE6F47FBFB6C996BC39
:1087C000F8F27FBF1C5AA3BCE3F07FBF69EAAFBCDD
:1087D000A7EE7FBF9B7ABCBC43EC7FBFB00AC9BC8D
:1087E000B8E97FBFA69AD5BC05E77FBF7B2AE2BC6C
:1087F0002BE47FBF2DBAEEBC29E17FBFB949FBBC9A
:1088000000DE7FBF90EC03BDAFDA7FBF2F340ABD1F
:1088100037D77FBFB87B10BD98D37FBF2CC316BDA1
:10882000D1CF7FBF880A1DBDE2CB7FBFCC5123BD16
:10883000CCC77FBFF69829BD8FC37FBF07E02FBD90
:108840002ABF7FBFFC2636BD9EBA7FBFD56D3CBD1B
:10885000EAB57FBF91B442BD0FB17FBF2FFB48BDCA
:108860000DAC7FBFAF414FBDE3A67FBF0E8855BDA6
:1088700091A17FBF4CCE5BBD189C7FBF681462BDC9
:1088800078967FBF625A68BDB1907FBF38A06EBD39
:10889000C28A7FBFE9E574BDAB847FBF742B7BBD0B
:1088A0006D7E7FBF6CB880BD08787FBF0ADB83BD5B
:1088B0007B717FBF94FD86BDC76A7FBF0A208ABDDA
:1088C000EC637FBF6A428DBDE95C7FBFB46490BD3D
:1088D000BF557FBFE78693BD6D4E7FBF05A996BD8F
:1088E000F4467FBF0ACB99BD543F7FBFF9EC9CBDD6
:1088F0008D377FBFCF0EA0BD9D2F7FBF8C30A3BD16
:1089000087277FBF3052A6BD491F7FBFBA73A9BD5D
:10891000E4167FBF2B95ACBD580E7FBF80B6AFBDB0
:10892000A4057FBFBBD7B2BDC9FC7EBFDAF8B5BD19
:10893000C7F37EBFDD19B9BD9DEA7EBFC33ABCBD9A
:108940004CE17EBF8D5BBFBDD4D77EBF397CC2BD3D
:1089500034CE7EBFC69CC5BD6DC47EBF36BDC8BD0E
:108960007FBA7EBF86DDCBBD69B07EBFB7FDCEBD11
:108970002DA67EBFC81DD2BDC99B7EBFB93DD5BD4A
:108980003D917EBF895DD8BD8B867EBF377DDBBDC7
:10899000B17B7EBFC49CDEBDB0707EBF2EBCE1BD8E
:1089A00088657EBF76DBE4BD385A7EBF9AFAE7BDA4
:1089B000C14E7EBF9A19EBBD23437EBF7638EEBD14
:1089C0005E377EBF2E57F1BD722B7EBFC075F4BDE2
:1089D0005E1F7EBF2C94F7BD24137EBF73B2FABD19
:1089E000C2067EBF92D0FDBD38FA7DBF457700BE7E
:1089F00088ED7DBF2E0602BEB1E07DBF029503BEAD
:108A0000B2D37DBFC22305BE8CC67DBF6EB206BE8B
:108A100040B97DBF054108BECCAB7DBF86CF09BE46
:108A2000309E7DBFF35D0BBE6E907DBF4AEC0CBEE9
:108A300085827DBF8B7A0EBE74747DBFB70810BE71
:108A40003D667DBFCC9611BEDE577DBFCA2413BEE6
:108A500059497DBFB2B214BEAC3A7DBF834016BE49
:108A6000D82B7DBF3DCE17BEDD1C7DBFE05B19BEA0
:108A7000BC0D7DBF6BE91ABE73FE7CBFDE761CBEEB
:108A800003EF7CBF38041EBE6CDF7CBF7B911FBE32
:108A9000AECF7CBFA51E21BEC9BF7CBFB6AB22BE78
:108AA000BDAF7CBFAD3824BE8A9F7CBF8CC525BEC0
:108AB000318F7CBF515227BEB07E7CBFFCDE28BE0A
:108AC000086E7CBF8D6B2ABE3A5D7CBF04F82BBE5E
:108AD000444C7CBF61842DBE283B7CBFA2102FBEBE
:108AE000E5297CBFC99C30BE7A187CBFD42832BE31
:108AF000E9067CBFC4B433BE31F57BBF984035BEB8
:108B000053E37BBF50CC36BE4DD17BBFEC5738BE54
:108B100020BF7BBF6CE339BECDAC7BBFCF6E3BBE0D
:108B2000539A7BBF15FA3CBEB2877BBF3E853EBEE3
:108B3000EA747BBF491040BEFC617BBF379B41BEDE
:108B4000E74E7BBF072643BEAB3B7BBFB9B044BEFD
:108B500048287BBF4D3B46BEBE147BBFC2C547BE47
:108B60000E017BBF185049BE37ED7ABF4FDA4ABEBF
:108B70003AD97ABF67644CBE16C57ABF60EE4DBE67
:108B8000CBB07ABF38784FBE599C7ABFF10151BE45
:108B9000C1877ABF898B52BE02737ABF011554BE5A
:108BA0001C5E7ABF589E55BE10497ABF8F2757BEAC
:108BB000DD337ABFA4B058BE841E7ABF97395ABE3F
:108BC00004097ABF6AC25BBE5EF379BF1A4B5DBE11
:108BD00091DD79BFA8D35EBE9DC779BF135C60BE2F
:108BE00083B179BF5CE461BE439B79BF836C63BE94
:108BF000DC8479BF86F464BE4E6E79BF667C66BE47
:108C00009A5779BF220468BEC04079BFBA8B69BE4B
:108C1000BF2979BF2F136BBE981279BF7F9A6CBEA4
:108C20004AFB78BFAB216EBED6E378BFB2A86FBE59
:108C30003BCC78BF942F71BE7BB478BF51B672BE67
:108C4000939C78BFE83C74BE868478BF5AC375BED7
:108C5000526C78BFA64977BEF85378BFCCCF78BEA8
:108C6000773B78BFCB557ABED12278BFA4DB7BBEE1
:108C7000040A78BF56617DBE10F177BFE1E67EBE83
:108C8000F7D777BF223680BEB7BE77BFC0F880BEA9
:108C900051A577BF4ABB81BEC58B77BFC07D82BE61
:108CA000137277BF224083BE3A5877BF700284BEEA
:108CB0003C3E77BFAAC484BE172477BFCE8685BE4C
:108CC000CC0977BFDF4886BE5BEF76BFDA0A87BE86
:108CD000C4D476BFC1CC87BE07BA76BF938E88BE98
:108CE000249F76BF505089BE1B8476BFF8118ABE80
:108CF000EC6876BF8AD38ABE974D76BF07958BBE48
:108D00001B3276BF6E568CBE7A1676BFC0178DBEEC
:108D1000B3FA75BFFCD88DBEC6DE75BF229A8EBE73
:108D2000B3C275BF325B8FBE7BA675BF2C1C90BED5
:108D30001C8A75BF10DD90BE976D75BFDD9D91BE1D
:108D4000ED5075BF945E92BE1D3475BF351F93BE46
:108D5000271775BFBFDF93BE0BFA74BF31A094BE57
:108D6000C9DC74BF8D6095BE62BF74BFD22096BE51
:108D7000D5A174BF00E196BE228474BF17A197BE2F
:108D8000496674BF166198BE4B4874BFFE2099BEF9
:108D9000272A74BFCEE099BEDD0B74BF86A09ABEB1
:108DA0006EED73BF27609BBED9CE73BFAF1F9CBE55
:108DB0001FB073BF20DF9CBE3F9173BF789E9DBEE6
:108DC000397273BFB85D9EBE0E5373BFDF1C9FBE6A
:108DD000BE3373BFEEDB9FBE471473BFE59AA0BEE0
:108DE000ACF472BFC259A1BEEBD472BF8718A2BE49
:108DF00004B572BF33D7A2BEF89472BFC595A3BEA7
:108E0000C77472BF3F54A4BE705472BF9F12A5BEF8
:108E1000F43372BFE5D0A5BE521372BF128FA6BE47
:108E20008CF271BF254DA7BE9FD171BF1F0BA8BE8D
:108E30008EB071BFFEC8A8BE578F71BFC486A9BED1
:108E4000FB6D71BF6F44AABE7A4C71BF0102ABBE0D
:108E5000D42A71BF77BFABBE080971BFD47CACBE4A
:108E600017E770BF153AADBE02C570BF3CF7ADBE87
:108E7000C6A270BF49B4AEBE668070BF3A71AFBEC5
:108E8000E15D70BF102EB0BE373B70BFCBEAB0BE05
:108E9000671870BF6BA7B1BE73F56FBFEF63B2BE4B
:108EA0005AD26FBF5820B3BE1BAF6FBFA5DCB3BE95
:108EB000B88B6FBFD698B4BE30686FBFEC54B5BEE8
:108EC00083446FBFE610B6BEB0206FBFC3CCB6BE42
:108ED000BAFC6EBF8488B7BE9ED86EBF2A44B8BEA7
:108EE0005DB46EBFB2FFB8BEF88F6EBF1EBBB9BE19
:108EF0006D6B6EBF6E76BABEBE466EBFA031BBBE96
:108F0000EB216EBFB6ECBBBEF2FC6DBFAFA7BCBE23
:108F1000D5D76DBF8B62BDBE93B26DBF4A1DBEBEBD
:108F20002D8D6DBFEBD7BEBEA1676DBF6F92BFBE6B
:108F3000F2416DBFD54CC0BE1D1C6DBF1E07C1BE2A
:108F400024F66CBF48C1C1BE07D06CBF557BC2BE02
:108F5000C5A96CBF4435C3BE5E836CBF15EFC3BEED
:108F6000D45C6CBFC8A8C4BE24366CBF5C62C5BEEE
:108F7000500F6CBFD21BC6BE58E86BBF29D5C6BE0A
:108F80003BC16BBF628EC7BEFB996BBF7C47C8BE3F
:108F900095726BBF7700C9BE0C4B6BBF53B9C9BE8E
:108FA0005E236BBF1072CABE8CFB6ABFAE2ACBBEFB
:108FB00095D36ABF2CE3CBBE7BAB6ABF8B9BCCBE89
:108FC0003C836ABFCA53CDBED95A6ABFEA0BCEBE34
:108FD00052326ABFEAC3CEBEA7096ABFCA7BCFBE00
:108FE000D7E069BF8A33D0BEE4B769BF2AEBD0BEF1
:108FF000CC8E69BFAAA2D1BE916569BF095AD2BE03
:10900000323C69BF4811D3BEAE1269BF67C8D3BE38
:1090100007E968BF647FD4BE3CBF68BF4136D5BE98
:109020004C9568BFFDECD5BE396B68BF99A3D6BE21
:10903000034168BF135AD7BEA81668BF6B10D8BECD
:109040002AEC67BFA3C6D8BE87C167BFB97CD9BEAB
:10905000C19667BFAD32DABED86B67BF80E8DABEB3
:10906000CA4067BF319EDBBE991567BFC153DCBEE6
:1090700045EA66BF2E09DDBECCBE66BF79BEDDBE49
:10908000309366BFA273DEBE716766BFA928DFBEDC
:109090008E3B66BF8DDDDFBE880F66BF4F92E0BEA0
:1090A0005EE365BFEE46E1BE10B765BF6AFBE1BE99
:1090B000A08A65BFC4AFE2BE0B5E65BFFA63E3BEC4
:1090C000543165BF0E18E4BE790465BFFECBE4BE23
:1090D0007BD764BFCB7FE5BE59AA64BF7533E6BEBC
:1090E000147D64BFFBE6E6BEAC4F64BF5D9AE7BE8D
:1090F000212264BF9C4DE8BE73F463BFB700E9BE94
:10910000A1C663BFAEB3E9BEAC9863BF8166EABED9
:10911000956A63BF3019EBBE5A3C63BFBBCBEBBE55
:10912000FC0D63BF217EECBE7BDF62BF6330EDBE12
:10913000D7B062BF80E2EDBE108262BF7994EEBE0E
:10914000265362BF4C46EFBE1A2462BFFBF7EFBE48
:10915000EAF461BF85A9F0BE98C561BFEA5AF1BEC5
:10916000229661BF290CF2BE8A6661BF43BDF2BE82
:10917000D03661BF386EF3BEF20661BF071FF4BE82
:10918000F2D660BFB1CFF4BECFA660BF3580F5BECA
:10919000897660BF9330F6BE214660BFCBE0F6BE55
:1091A000961560BFDC90F7BEE9E45FBFC840F8BE2B
:1091B00019B45FBF8EF0F8BE27835FBF2DA0F9BE44
:1091C00012525FBFA54FFABEDB205FBFF7FEFABEAB
:1091D00081EF5EBF22AEFBBE05BE5EBF275DFCBE5B
:1091E000678C5EBF040CFDBEA65A5EBFBBBAFDBE57
:1091F000C3285EBF4A69FEBEBEF65DBFB217FFBEA2
:1092000097C45DBFF3C5FFBE4D925DBF063A00BF78
:10921000E15F5DBFFF9000BF532D5DBFE4E700BF7E
:10922000A3FA5CBFB53E01BFD1C75CBF739501BF58
:10923000DD945CBF1CEC01BFC7615CBFB14202BFE3
:109240008E2E5CBF329902BF34FB5BBF9FEF02BF23
:10925000B8C75BBFF84503BF1A945BBF3D9C03BF13
:109260005A605BBF6DF203BF792C5BBF894804BFB6
:1092700075F85ABF919E04BF50C45ABF84F404BF0E
:1092800009905ABF624A05BFA05B5ABF2CA005BF18
:1092900016275ABFE2F505BF6AF259BF824B06BFD7
:1092A0009CBD59BF0EA106BFAD8859BF86F606BF4B
:1092B0009C5359BFE84B07BF6A1E59BF36A107BF71
:1092C00017E958BF6FF607BFA1B358BF924B08BF4D
:1092D0000B7E58BFA1A008BF534858BF9BF508BFDD
:1092E000791258BF7F4A09BF7FDC57BF4E9F09BF25
:1092F00063A657BF09F409BF267057BFAD480ABF20
:10930000C73957BF3D9D0ABF480357BFB7F10ABFD2
:10931000A7CC56BF1C460BBFE59556BF6B9A0BBF3B
:10932000025F56BFA5EE0BBFFE2756BFC9420CBF5A
:10933000D9F055BFD7960CBF93B955BFD0EA0CBF33
:109340002C8255BFB33E0DBFA44A55BF81920DBFBD
:10935000FB1255BF38E60DBF31DB54BFDA390EBF03
:1093600047A354BF658D0EBF3B6B54BFDBE00EBF00
:109370000F3354BF3B340FBFC3FA53BF84870FBFB3
:1093800055C253BFB8DA0FBFC78953BFD52D10BF21
:10939000185153BFDC8010BF491853BFCDD310BF45
:1093A00059DF52BFA72611BF49A652BF6B7911BF23
:1093B000186D52BF19CC11BFC63352BFB01E12BFB9
:1093C00054FA51BF307112BFC2C051BF9AC312BF0D
:1093D000108751BFEE1513BF3D4D51BF2A6813BF13
:1093E0004A1351BF50BA13BF37D950BF5F0C14BFD7
:1093F000039F50BF585E14BFAF6450BF39B014BF55
:109400003B2A50BF040215BFA8EF4FBFB75315BF8B
:10941000F4B44FBF54A515BF1F7A4FBFD9F615BF7F
:109420002B3F4FBF474816BF17044FBF9F9916BF2A
:10943000E4C84EBFDFEA16BF908D4EBF073C17BF92
:109440001C524EBF188D17BF89164EBF12DE17BFB4
:10945000D5DA4DBFF52E18BF029F4DBFC07F18BF94
:1094600010634DBF73D018BFFD264DBF0F2119BF2C
:10947000CBEA4CBF947119BF79AE4CBF00C219BF83
:1094800008724CBF55121ABF78354CBF93621ABF91
:10949000C7F84BBFB8B21ABFF8BB4BBFC6021BBF61
:1094A000097F4BBFBB521BBFFA414BBF99A21BBFE9
:1094B000CC044BBF5FF21BBF7FC74ABF0C421CBF2F
:1094C000138A4ABFA2911CBF874C4ABF1FE11CBF31
:1094D000DC0E4ABF84301DBF12D149BFD17F1DBFF2
:1094E000299349BF06CF1DBF215549BF221E1EBF6C
:1094F000FA1649BF266D1EBFB3D848BF12BC1EBFA7
:109500004E9A48BFE50A1FBFCA5B48BF9F591FBF9D
:10951000271D48BF41A81FBF65DE47BFCBF61FBF51
:10952000849F47BF3B4520BF856047BF939320BFC3
:10953000672147BFD2E120BF2AE246BFF92F21BFF2
:10954000CEA246BF067E21BF546346BFFBCB21BFE0
:10955000BB2346BFD71922BF03E445BF996722BF8B
:109560002DA445BF43B522BF396445BFD30223BFF5
:10957000262445BF4B5023BFF5E344BFA99D23BF1D
:10958000A5A344BFEEEA23BF376344BF1A3824BF04
:10959000AB2244BF2C8524BF00E243BF25D224BFA9
:1095A00038A143BF041F25BF516043BFCB6B25BF0C
:1095B0004C1F43BF77B825BF29DE42BF0A0526BF2F
:1095C000E89C42BF845126BF895B42BFE39D26BF12
:1095D0000B1A42BF2AEA26BF70D841BF563627BFB2
:1095E000B79641BF688227BFE15441BF61CE27BF14
:1095F000EC1241BF401A28BFDAD040BF056628BF31
:10960000A98E40BFB0B128BF5C4C40BF41FD28BF10
:10961000F00940BFB84829BF67C73FBF159429BFAD
:10962000C0843FBF57DF29BFFC413FBF802A2ABF0C
:109630001BFF3EBF8E752ABF1BBC3EBF82C02ABF28
:10964000FF783EBF5B0B2BBFC5353EBF1B562BBF04
:109650006EF23DBFBFA02BBFF9AE3DBF4AEB2BBFA3
:10966000676B3DBFB9352CBFB8273DBF0F802CBFFE
:10967000ECE33CBF49CA2CBF03A03CBF69142DBF1B
:10968000FC5B3CBF6F5E2DBFD9173CBF59A82DBFF7
:1096900098D33BBF29F22DBF3B8F3BBFDE3B2EBF94
:1096A000C14A3BBF78852EBF29063BBFF7CE2EBFF0
:1096B00075C13ABF5B182FBFA47C3ABFA5612FBF0D
:1096C000B7373ABFD3AA2FBFACF239BFE6F32FBFEB
:1096D00085AD39BFDE3C30BF426839BFBB8530BF86
:1096E000E12239BF7CCE30BF65DD38BF221731BFE4
:1096F000CB9738BFAD5F31BF165238BF1DA831BF01
:10970000430C38BF71F031BF55C637BFAA3832BFDE
:109710004A8037BFC78032BF233A37BFC9C832BF7C
:10972000DFF336BFAF1033BF7FAD36BF7A5833BFDC
:10973000046736BF29A033BF6C2036BFBCE733BFF8
:10974000B8D935BF342F34BFE79235BF8F7634BFD9
:10975000FB4B35BFCFBD34BFF30435BFF30435BF7A
:10976000CFBD34BFFB4B35BF8F7634BFE79235BFDB
:10977000342F34BFB8D935BFBCE733BF6C2036BFF8
:1097800029A033BF046736BF7A5833BF7FAD36BFD9
:10979000AF1033BFDFF336BFC9C832BF233A37BF7C
:1097A000C78032BF4A8037BFAA3832BF55C637BFDD
:1097B00071F031BF430C38BF1DA831BF165238BFFE
:1097C000AD5F31BFCB9738BF221731BF65DD38BFE2
:1097D0007CCE30BFE12239BFBB8530BF426839BF84
:1097E000DE3C30BF85AD39BFE6F32FBFACF239BFE9
:1097F000D3AA2FBFB7373ABFA5612FBFA47C3ABF0A
:109800005B182FBF75C13ABFF7CE2EBF29063BBFED
:1098100078852EBFC14A3BBFDE3B2EBF3B8F3BBF8F
:1098200029F22DBF98D33BBF59A82DBFD9173CBFF4
:109830006F5E2DBFFC5B3CBF69142DBF03A03CBF16
:1098400049CA2CBFECE33CBF0F802CBFB8273DBFFB
:10985000B9352CBF676B3DBF4AEB2BBFF9AE3DBF9F
:10986000BFA02BBF6EF23DBF1B562BBFC5353EBF01
:109870005B0B2BBFFF783EBF82C02ABF1BBC3EBF25
:109880008E752ABF1BFF3EBF802A2ABFFC413FBF07
:1098900057DF29BFC0843FBF159429BF67C73FBFAB
:1098A000B84829BFF00940BF41FD28BF5C4C40BF0C
:1098B000B0B128BFA98E40BF056628BFDAD040BF2F
:1098C000401A28BFEC1241BF61CE27BFE15441BF0F
:1098D000688227BFB79641BF563627BF70D841BFB1
:1098E0002AEA26BF0B1A42BFE39D26BF895B42BF0F
:1098F000845126BFE89C42BF0A0526BF29DE42BF2D
:1099000077B825BF4C1F43BFCB6B25BF516043BF0A
:10991000041F25BF38A143BF25D224BF00E243BFA7
:109920002C8524BFAB2244BF1A3824BF376344BF01
:10993000EEEA23BFA5A344BFA99D23BFF5E344BF1F
:109940004B5023BF262445BFD30223BF396445BFF4
:1099500043B522BF2DA445BF996722BF03E445BF8D
:10996000D71922BFBB2346BFFBCB21BF546346BFE1
:10997000067E21BFCEA246BFF92F21BF2AE246BFF5
:10998000D2E120BF672147BF939320BF856047BFC7
:109990003B4520BF849F47BFCBF61FBF65DE47BF57
:1099A00041A81FBF271D48BF9F591FBFCA5B48BFA3
:1099B000E50A1FBF4E9A48BF12BC1EBFB3D848BFAE
:1099C000266D1EBFFA1649BF221E1EBF215549BF74
:1099D00006CF1DBF299349BFD17F1DBF12D149BFFB
:1099E00084301DBFDC0E4ABF1FE11CBF874C4ABF3D
:1099F000A2911CBF138A4ABF0C421CBF7FC74ABF3B
:109A00005FF21BBFCC044BBF99A21BBFFA414BBFF7
:109A1000BB521BBF097F4BBFC6021BBFF8BB4BBF6E
:109A2000B8B21ABFC7F84BBF93621ABF78354CBFA4
:109A300055121ABF08724CBF00C219BF79AE4CBF95
:109A4000947119BFCBEA4CBF0F2119BFFD264DBF42
:109A500073D018BF10634DBFC07F18BF029F4DBFAA
:109A6000F52E18BFD5DA4DBF12DE17BF89164EBFCF
:109A7000188D17BF1C524EBF073C17BF908D4EBFAD
:109A8000DFEA16BFE4C84EBF9F9916BF17044FBF49
:109A9000474816BF2B3F4FBFD9F615BF1F7A4FBFA0
:109AA00054A515BFF4B44FBFB75315BFA8EF4FBFB0
:109AB000040215BF3B2A50BF39B014BFAF6450BF7A
:109AC000585E14BF039F50BF5F0C14BF37D950BFFF
:109AD00050BA13BF4A1351BF2A6813BF3D4D51BF3F
:109AE000EE1513BF108751BF9AC312BFC2C051BF3A
:109AF000307112BF54FA51BFB01E12BFC63352BFED
:109B000019CC11BF186D52BF6B7911BF49A652BF56
:109B1000A72611BF59DF52BFCDD310BF491853BF7D
:109B2000DC8010BF185153BFD52D10BFC78953BF5C
:109B3000B8DA0FBF55C253BF84870FBFC3FA53BFF4
:109B40003B340FBF0F3354BFDBE00EBF3B6B54BF42
:109B5000658D0EBF47A354BFDA390EBF31DB54BF4A
:109B600038E60DBFFB1255BF81920DBFA44A55BF09
:109B7000B33E0DBF2C8255BFD0EA0CBF93B955BF81
:109B8000D7960CBFD9F055BFC9420CBFFE2756BFB0
:109B9000A5EE0BBF025F56BF6B9A0BBFE59556BF94
:109BA0001C460BBFA7CC56BFB7F10ABF480357BF2F
:109BB0003D9D0ABFC73957BFAD480ABF267057BF82
:109BC00009F409BF63A657BF4E9F09BF7FDC57BF8B
:109BD0007F4A09BF791258BF9BF508BF534858BF49
:109BE000A1A008BF0B7E58BF924B08BFA1B358BFBE
:109BF0006FF607BF17E958BF36A107BF6A1E59BFE6
:109C0000E84B07BF9C5359BF86F606BFAD8859BFC6
:109C10000EA106BF9CBD59BF824B06BF6AF259BF59
:109C2000E2F505BF16275ABF2CA005BFA05B5ABF9F
:109C3000624A05BF09905ABF84F404BF50C45ABF9A
:109C4000919E04BF75F85ABF894804BF792C5BBF49
:109C50006DF203BF5A605BBF3D9C03BF1A945BBFAC
:109C6000F84503BFB8C75BBF9FEF02BF34FB5BBFC4
:109C7000329902BF8E2E5CBFB14202BFC7615CBF8A
:109C80001CEC01BFDD945CBF739501BFD1C75CBF05
:109C9000B53E01BFA3FA5CBFE4E700BF532D5DBF33
:109CA000FF9000BFE15F5DBF063A00BF4D925DBF10
:109CB000F3C5FFBE97C45DBFB217FFBEBEF65DBF62
:109CC0004A69FEBEC3285EBFBBBAFDBEA65A5EBFD0
:109CD000040CFDBE678C5EBF275DFCBE05BE5EBF8B
:109CE00022AEFBBE81EF5EBFF7FEFABEDB205FBF98
:109CF000A54FFABE12525FBF2DA0F9BE27835FBFEA
:109D00008EF0F8BE19B45FBFC840F8BEE9E45FBF8B
:109D1000DC90F7BE961560BFCBE0F6BE214660BF73
:109D20009330F6BE897660BF3580F5BECFA660BFA2
:109D3000B1CFF4BEF2D660BF071FF4BEF20661BF1A
:109D4000386EF3BED03661BF43BDF2BE8A6661BFD6
:109D5000290CF2BE229661BFEA5AF1BE98C561BFD6
:109D600085A9F0BEEAF461BFFBF7EFBE1A2462BF1B
:109D70004C46EFBE265362BF7994EEBE108262BF9E
:109D800080E2EDBED7B062BF6330EDBE7BDF62BF65
:109D9000217EECBEFC0D63BFBBCBEBBE5A3C63BF68
:109DA0003019EBBE956A63BF8166EABEAC9863BFAB
:109DB000AEB3E9BEA1C663BFB700E9BE73F463BF2B
:109DC0009C4DE8BE212264BF5D9AE7BEAC4F64BFE4
:109DD000FBE6E6BE147D64BF7533E6BE59AA64BFD8
:109DE000CB7FE5BE7BD764BFFECBE4BE790465BF05
:109DF0000E18E4BE543165BFFA63E3BE0B5E65BF67
:109E0000C4AFE2BEA08A65BF6AFBE1BE10B765BF02
:109E1000EE46E1BE5EE365BF4F92E0BE880F66BFCF
:109E20008DDDDFBE8E3B66BFA928DFBE716766BFD2
:109E3000A273DEBE309366BF79BEDDBECCBE66BF08
:109E40002E09DDBE45EA66BFC153DCBE991567BF6A
:109E5000319EDBBECA4067BF80E8DABED86B67BF01
:109E6000AD32DABEC19667BFB97CD9BE87C167BFC4
:109E7000A3C6D8BE2AEC67BF6B10D8BEA81668BFB1
:109E8000135AD7BE034168BF99A3D6BE396B68BFCA
:109E9000FDECD5BE4C9568BF4136D5BE3CBF68BF12
:109EA000647FD4BE07E968BF67C8D3BEAE1269BF7E
:109EB0004811D3BE323C69BF095AD2BE916569BF11
:109EC000AAA2D1BECC8E69BF2AEBD0BEE4B769BFCF
:109ED0008A33D0BED7E069BFCA7BCFBEA7096ABFAD
:109EE000EAC3CEBE52326ABFEA0BCEBED95A6ABFAF
:109EF000CA53CDBE3C836ABF8B9BCCBE7BAB6ABFD3
:109F00002CE3CBBE95D36ABFAE2ACBBE8CFB6ABF17
:109F10001072CABE5E236BBF53B9C9BE0C4B6BBF78
:109F20007700C9BE95726BBF7C47C8BEFB996BBFFB
:109F3000628EC7BE3BC16BBF29D5C6BE58E86BBF9A
:109F4000D21BC6BE500F6CBF5C62C5BE24366CBF50
:109F5000C8A8C4BED45C6CBF15EFC3BE5E836CBF23
:109F60004435C3BEC5A96CBF557BC2BE07D06CBF0C
:109F700048C1C1BE24F66CBF1E07C1BE1D1C6DBF0B
:109F8000D54CC0BEF2416DBF6F92BFBEA1676DBF21
:109F9000EBD7BEBE2D8D6DBF4A1DBEBE93B26DBF49
:109FA0008B62BDBED5D76DBFAFA7BCBEF2FC6DBF87
:109FB000B6ECBBBEEB216EBFA031BBBEBE466EBFD2
:109FC0006E76BABE6D6B6EBF1EBBB9BEF88F6EBF2C
:109FD000B2FFB8BE5DB46EBF2A44B8BE9ED86EBF95
:109FE0008488B7BEBAFC6EBFC3CCB6BEB0206FBF0C
:109FF000E610B6BE83446FBFEC54B5BE30686FBF89
:10A00000D698B4BEB88B6FBFA5DCB3BE1BAF6FBF15
:10A010005820B3BE5AD26FBFEF63B2BE73F56FBFA5
:10A020006BA7B1BE671870BFCBEAB0BE373B70BF3D
:10A03000102EB0BEE15D70BF3A71AFBE668070BFDA
:10A0400049B4AEBEC6A270BF3CF7ADBE02C570BF7C
:10A05000153AADBE17E770BFD47CACBE080971BF1E
:10A0600077BFABBED42A71BF0102ABBE7A4C71BFC1
:10A070006F44AABEFB6D71BFC486A9BE578F71BF66
:10A08000FEC8A8BE8EB071BF1F0BA8BE9FD171BF06
:10A09000254DA7BE8CF271BF128FA6BE521372BFA0
:10A0A000E5D0A5BEF43372BF9F12A5BE705472BF37
:10A0B0003F54A4BEC77472BFC595A3BEF89472BFC7
:10A0C00033D7A2BE04B572BF8718A2BEEBD472BF4D
:10A0D000C259A1BEACF472BFE59AA0BE471473BFCB
:10A0E000EEDB9FBEBE3373BFDF1C9FBE0E5373BF3C
:10A0F000B85D9EBE397273BF789E9DBE3F9173BF9F
:10A1000020DF9CBE1FB073BFAF1F9CBED9CE73BFF4
:10A1100027609BBE6EED73BF86A09ABEDD0B74BF39
:10A12000CEE099BE272A74BFFE2099BE4B4874BF6B
:10A13000166198BE496674BF17A197BE228474BF8A
:10A1400000E196BED5A174BFD22096BE62BF74BF97
:10A150008D6095BEC9DC74BF31A094BE0BFA74BF8C
:10A16000BFDF93BE271775BF351F93BE1D3475BF64
:10A17000945E92BEED5075BFDD9D91BE976D75BF2B
:10A1800010DD90BE1C8A75BF2C1C90BE7BA675BFCF
:10A19000325B8FBEB3C275BF229A8EBEC6DE75BF5C
:10A1A000FCD88DBEB3FA75BFC0178DBE7A1676BFC8
:10A1B0006E568CBE1B3276BF07958BBE974D76BF11
:10A1C0008AD38ABEEC6876BFF8118ABE1B8476BF3C
:10A1D000505089BE249F76BF938E88BE07BA76BF43
:10A1E000C1CC87BEC4D476BFDA0A87BE5BEF76BF28
:10A1F000DF4886BECC0977BFCE8685BE172477BFE1
:10A20000AAC484BE3C3E77BF700284BE3A5877BF72
:10A21000224083BE137277BFC07D82BEC58B77BFDD
:10A220004ABB81BE51A577BFC0F880BEB7BE77BF1D
:10A23000223680BEF7D777BFE1E67EBE10F177BF4A
:10A2400056617DBE040A78BFA4DB7BBED12278BFF5
:10A25000CB557ABE773B78BFCCCF78BEF85378BF6A
:10A26000A64977BE526C78BF5AC375BE868478BF44
:10A27000E83C74BE939C78BF51B672BE7BB478BF85
:10A28000942F71BE3BCC78BFB2A86FBED6E378BF27
:10A29000AB216EBE4AFB78BF7F9A6CBE981279BF25
:10A2A0002F136BBEBF2979BFBA8B69BEC04079BF7F
:10A2B000220468BE9A5779BF667C66BE4E6E79BF2F
:10A2C00086F464BEDC8479BF836C63BE439B79BF34
:10A2D0005CE461BE83B179BF135C60BE9DC779BF8A
:10A2E000A8D35EBE91DD79BF1A4B5DBE5EF379BF28
:10A2F0006AC25BBE04097ABF97395ABE841E7ABF10
:10A30000A4B058BEDD337ABF8F2757BE10497ABF3D
:10A31000589E55BE1C5E7ABF011554BE02737ABFAB
:10A32000898B52BEC1877ABFF10151BE599C7ABF59
:10A3300038784FBECBB07ABF60EE4DBE16C57ABF3F
:10A3400067644CBE3AD97ABF4FDA4ABE37ED7ABF5E
:10A35000185049BE0E017BBFC2C547BEBE147BBFAD
:10A360004D3B46BE48287BBFB9B044BEAB3B7BBF2C
:10A37000072643BEE74E7BBF379B41BEFC617BBFD8
:10A38000491040BEEA747BBF3E853EBEB2877BBFAC
:10A3900015FA3CBE539A7BBFCF6E3BBECDAC7BBFA4
:10A3A0006CE339BE20BF7BBFEC5738BE4DD17BBFBD
:10A3B00050CC36BE53E37BBF984035BE31F57BBFF2
:10A3C000C4B433BEE9067CBFD42832BE7A187CBF41
:10A3D000C99C30BEE5297CBFA2102FBE283B7CBFA4
:10A3E00061842DBE444C7CBF04F82BBE3A5D7CBF1B
:10A3F0008D6B2ABE086E7CBFFCDE28BEB07E7CBFA3
:10A40000515227BE318F7CBF8CC525BE8A9F7CBF31
:10A41000AD3824BEBDAF7CBFB6AB22BEC9BF7CBFCA
:10A42000A51E21BEAECF7CBF7B911FBE6CDF7CBF63
:10A4300038041EBE03EF7CBFDE761CBE73FE7CBFFD
:10A440006BE91ABEBC0D7DBFE05B19BEDD1C7DBF94
:10A450003DCE17BED82B7DBF834016BEAC3A7DBF24
:10A46000B2B214BE59497DBFCA2413BEDE577DBFA8
:10A47000CC9611BE3D667DBFB70810BE74747DBF1B
:10A480008B7A0EBE85827DBF4AEC0CBE6E907DBF7E
:10A49000F35D0BBE309E7DBF86CF09BECCAB7DBFCA
:10A4A000054108BE40B97DBF6EB206BE8CC67DBFF9
:10A4B000C22305BEB2D37DBF029503BEB1E07DBF0E
:10A4C0002E0602BE88ED7DBF457700BE38FA7DBFFF
:10A4D00092D0FDBDC2067EBF73B2FABD24137EBF0B
:10A4E0002C94F7BD5E1F7EBFC075F4BD722B7EBF7E
:10A4F0002E57F1BD5E377EBF7638EEBD23437EBF5B
:10A500009A19EBBDC14E7EBF9AFAE7BD385A7EBF9D
:10A5100076DBE4BD88657EBF2EBCE1BDB0707EBF3A
:10A52000C49CDEBDB17B7EBF377DDBBD8B867EBF2D
:10A53000895DD8BD3D917EBFB93DD5BDC99B7EBF6C
:10A54000C81DD2BD2DA67EBFB7FDCEBD69B07EBFF2
:10A5500086DDCBBD7FBA7EBF36BDC8BD6DC47EBFB4
:10A56000C69CC5BD34CE7EBF397CC2BDD4D77EBFAC
:10A570008D5BBFBD4CE17EBFC33ABCBD9DEA7EBFD3
:10A58000DD19B9BDC7F37EBFDAF8B5BDC9FC7EBF22
:10A59000BBD7B2BDA4057FBF80B6AFBD580E7FBF8D
:10A5A0002B95ACBDE4167FBFBA73A9BD491F7FBF11
:10A5B0003052A6BD87277FBF8C30A3BD9D2F7FBFA4
:10A5C000CF0EA0BD8D377FBFF9EC9CBD543F7FBF40
:10A5D0000ACB99BDF4467FBF05A996BD6D4E7FBFDE
:10A5E000E78693BDBF557FBFB46490BDE95C7FBF74
:10A5F0006A428DBDEC637FBF0A208ABDC76A7FBFF8
:10A6000094FD86BD7B717FBF0ADB83BD08787FBF69
:10A610006CB880BD6D7E7FBF742B7BBDAB847FBF6C
:10A62000E9E574BDC28A7FBF38A06EBDB1907FBF1F
:10A63000625A68BD78967FBF681462BD189C7FBF60
:10A640004CCE5BBD91A17FBF0E8855BDE3A67FBFF9
:10A65000AF414FBD0DAC7FBF2FFB48BD0FB17FBFDA
:10A6600091B442BDEAB57FBFD56D3CBD9EBA7FBFF8
:10A67000FC2636BD2ABF7FBF07E02FBD8FC37FBF3B
:10A68000F69829BDCCC77FBFCC5123BDE2CB7FBF9D
:10A69000880A1DBDD1CF7FBF2CC316BD98D37FBF05
:10A6A000B87B10BD37D77FBF2F340ABDAFDA7FBF6D
:10A6B00090EC03BD00DE7FBFB949FBBC29E17FBF41
:10A6C0002DBAEEBC2BE47FBF7B2AE2BC05E77FBF3F
:10A6D000A69AD5BCB8E97FBFB00AC9BC43EC7FBF1E
:10A6E0009B7ABCBCA7EE7FBF69EAAFBCE3F07FBF3B
:10A6F0001C5AA3BCF8F27FBFB6C996BCE6F47FBF74
:10A7000038398ABCACF67FBF4B517BBC4AF87FBF5F
:10A71000003062BCC1F97FBF900E49BC11FB7FBF06
:10A7200002ED2FBC39FC7FBF59CB16BC39FD7FBF72
:10A730003053FBBB13FE7FBF890FC9BBC4FE7FBF75
:10A74000C1CB96BB4EFF7FBFC70F49BBB1FF7FBFD9
:10A75000D40FC9BAECFF7FBF00000080000080BFAB
:10A76000D40FC93AECFF7FBFC70F493BB1FF7FBF92
:10A77000C1CB963B4EFF7FBF890FC93BC4FE7FBF55
:10A780003053FB3B13FE7FBF59CB163C39FD7FBFD7
:10A7900002ED2F3C39FC7FBF900E493C11FB7FBF7F
:10A7A0000030623CC1F97FBF4B517B3C4AF87FBF10
:10A7B00038398A3CACF67FBFB6C9963CE6F47FBF19
:10A7C0001C5AA33CF8F27FBF69EAAF3CE3F07FBFBD
:10A7D0009B7ABC3CA7EE7FBFB00AC93C43EC7FBF6D
:10A7E000A69AD53CB8E97FBF7B2AE23C05E77FBF4C
:10A7F0002DBAEE3C2BE47FBFB949FB3C29E17FBF7A
:10A8000090EC033D00DE7FBF2F340A3DAFDA7FBFFF
:10A81000B87B103D37D77FBF2CC3163D98D37FBF81
:10A82000880A1D3DD1CF7FBFCC51233DE2CB7FBFF6
:10A83000F698293DCCC77FBF07E02F3D8FC37FBF70
:10A84000FC26363D2ABF7FBFD56D3C3D9EBA7FBFFB
:10A8500091B4423DEAB57FBF2FFB483D0FB17FBFAA
:10A86000AF414F3D0DAC7FBF0E88553DE3A67FBF86
:10A870004CCE5B3D91A17FBF6814623D189C7FBFA9
:10A88000625A683D78967FBF38A06E3DB1907FBF19
:10A89000E9E5743DC28A7FBF742B7B3DAB847FBFEB
:10A8A0006CB8803D6D7E7FBF0ADB833D08787FBF3B
:10A8B00094FD863D7B717FBF0A208A3DC76A7FBFBA
:10A8C0006A428D3DEC637FBFB464903DE95C7FBF1D
:10A8D000E786933DBF557FBF05A9963D6D4E7FBF6F
:10A8E0000ACB993DF4467FBFF9EC9C3D543F7FBFB6
:10A8F000CF0EA03D8D377FBF8C30A33D9D2F7FBFF6
:10A900003052A63D87277FBFBA73A93D491F7FBF3D
:10A910002B95AC3DE4167FBF80B6AF3D580E7FBF90
:10A92000BBD7B23DA4057FBFDAF8B53DC9FC7EBFF9
:10A93000DD19B93DC7F37EBFC33ABC3D9DEA7EBF7A
:10A940008D5BBF3D4CE17EBF397CC23DD4D77EBF1D
:10A95000C69CC53D34CE7EBF36BDC83D6DC47EBFEE
:10A9600086DDCB3D7FBA7EBFB7FDCE3D69B07EBFF1
:10A97000C81DD23D2DA67EBFB93DD53DC99B7EBF2A
:10A98000895DD83D3D917EBF377DDB3D8B867EBFA7
:10A99000C49CDE3DB17B7EBF2EBCE13DB0707EBF6E
:10A9A00076DBE43D88657EBF9AFAE73D385A7EBF84
:10A9B0009A19EB3DC14E7EBF7638EE3D23437EBFF4
:10A9C0002E57F13D5E377EBFC075F43D722B7EBFC2
:10A9D0002C94F73D5E1F7EBF73B2FA3D24137EBFF9
:10A9E00092D0FD3DC2067EBF4577003E38FA7DBF5E
:10A9F0002E06023E88ED7DBF0295033EB1E07DBF8D
:10AA0000C223053EB2D37DBF6EB2063E8CC67DBF6B
:10AA10000541083E40B97DBF86CF093ECCAB7DBF26
:10AA2000F35D0B3E309E7DBF4AEC0C3E6E907DBFC9
:10AA30008B7A0E3E85827DBFB708103E74747DBF51
:10AA4000CC96113E3D667DBFCA24133EDE577DBFC6
:10AA5000B2B2143E59497DBF8340163EAC3A7DBF29
:10AA60003DCE173ED82B7DBFE05B193EDD1C7DBF80
:10AA70006BE91A3EBC0D7DBFDE761C3E73FE7CBFCB
:10AA800038041E3E03EF7CBF7B911F3E6CDF7CBF12
:10AA9000A51E213EAECF7CBFB6AB223EC9BF7CBF58
:10AAA000AD38243EBDAF7CBF8CC5253E8A9F7CBFA0
:10AAB0005152273E318F7CBFFCDE283EB07E7CBFEA
:10AAC0008D6B2A3E086E7CBF04F82B3E3A5D7CBF3E
:10AAD00061842D3E444C7CBFA2102F3E283B7CBF9E
:10AAE000C99C303EE5297CBFD428323E7A187CBF11
:10AAF000C4B4333EE9067CBF9840353E31F57BBF98
:10AB000050CC363E53E37BBFEC57383E4DD17BBF34
:10AB10006CE3393E20BF7BBFCF6E3B3ECDAC7BBFED
:10AB200015FA3C3E539A7BBF3E853E3EB2877BBFC3
:10AB30004910403EEA747BBF379B413EFC617BBFBE
:10AB40000726433EE74E7BBFB9B0443EAB3B7BBFDD
:10AB50004D3B463E48287BBFC2C5473EBE147BBF27
:10AB60001850493E0E017BBF4FDA4A3E37ED7ABF9F
:10AB700067644C3E3AD97ABF60EE4D3E16C57ABF47
:10AB800038784F3ECBB07ABFF101513E599C7ABF25
:10AB9000898B523EC1877ABF0115543E02737ABF3A
:10ABA000589E553E1C5E7ABF8F27573E10497ABF8C
:10ABB000A4B0583EDD337ABF97395A3E841E7ABF1F
:10ABC0006AC25B3E04097ABF1A4B5D3E5EF379BFF1
:10ABD000A8D35E3E91DD79BF135C603E9DC779BF0F
:10ABE0005CE4613E83B179BF836C633E439B79BF74
:10ABF00086F4643EDC8479BF667C663E4E6E79BF27
:10AC00002204683E9A5779BFBA8B693EC04079BF2B
:10AC10002F136B3EBF2979BF7F9A6C3E981279BF84
:10AC2000AB216E3E4AFB78BFB2A86F3ED6E378BF39
:10AC3000942F713E3BCC78BF51B6723E7BB478BF47
:10AC4000E83C743E939C78BF5AC3753E868478BFB7
:10AC5000A649773E526C78BFCCCF783EF85378BF88
:10AC6000CB557A3E773B78BFA4DB7B3ED12278BFC1
:10AC700056617D3E040A78BFE1E67E3E10F177BF63
:10AC80002236803EF7D777BFC0F8803EB7BE77BF89
:10AC90004ABB813E51A577BFC07D823EC58B77BF41
:10ACA0002240833E137277BF7002843E3A5877BFCA
:10ACB000AAC4843E3C3E77BFCE86853E172477BF2C
:10ACC000DF48863ECC0977BFDA0A873E5BEF76BF66
:10ACD000C1CC873EC4D476BF938E883E07BA76BF78
:10ACE0005050893E249F76BFF8118A3E1B8476BF60
:10ACF0008AD38A3EEC6876BF07958B3E974D76BF28
:10AD00006E568C3E1B3276BFC0178D3E7A1676BFCC
:10AD1000FCD88D3EB3FA75BF229A8E3EC6DE75BF53
:10AD2000325B8F3EB3C275BF2C1C903E7BA675BFB5
:10AD300010DD903E1C8A75BFDD9D913E976D75BFFD
:10AD4000945E923EED5075BF351F933E1D3475BF26
:10AD5000BFDF933E271775BF31A0943E0BFA74BF37
:10AD60008D60953EC9DC74BFD220963E62BF74BF31
:10AD700000E1963ED5A174BF17A1973E228474BF0F
:10AD80001661983E496674BFFE20993E4B4874BFD9
:10AD9000CEE0993E272A74BF86A09A3EDD0B74BF91
:10ADA00027609B3E6EED73BFAF1F9C3ED9CE73BF35
:10ADB00020DF9C3E1FB073BF789E9D3E3F9173BFC6
:10ADC000B85D9E3E397273BFDF1C9F3E0E5373BF4A
:10ADD000EEDB9F3EBE3373BFE59AA03E471473BFC0
:10ADE000C259A13EACF472BF8718A23EEBD472BF29
:10ADF00033D7A23E04B572BFC595A33EF89472BF87
:10AE00003F54A43EC77472BF9F12A53E705472BFD8
:10AE1000E5D0A53EF43372BF128FA63E521372BF27
:10AE2000254DA73E8CF271BF1F0BA83E9FD171BF6D
:10AE3000FEC8A83E8EB071BFC486A93E578F71BFB1
:10AE40006F44AA3EFB6D71BF0102AB3E7A4C71BFED
:10AE500077BFAB3ED42A71BFD47CAC3E080971BF2A
:10AE6000153AAD3E17E770BF3CF7AD3E02C570BF67
:10AE700049B4AE3EC6A270BF3A71AF3E668070BFA5
:10AE8000102EB03EE15D70BFCBEAB03E373B70BFE5
:10AE90006BA7B13E671870BFEF63B23E73F56FBF2B
:10AEA0005820B33E5AD26FBFA5DCB33E1BAF6FBF75
:10AEB000D698B43EB88B6FBFEC54B53E30686FBFC8
:10AEC000E610B63E83446FBFC3CCB63EB0206FBF22
:10AED0008488B73EBAFC6EBF2A44B83E9ED86EBF87
:10AEE000B2FFB83E5DB46EBF1EBBB93EF88F6EBFF9
:10AEF0006E76BA3E6D6B6EBFA031BB3EBE466EBF76
:10AF0000B6ECBB3EEB216EBFAFA7BC3EF2FC6DBF03
:10AF10008B62BD3ED5D76DBF4A1DBE3E93B26DBF9D
:10AF2000EBD7BE3E2D8D6DBF6F92BF3EA1676DBF4B
:10AF3000D54CC03EF2416DBF1E07C13E1D1C6DBF0A
:10AF400048C1C13E24F66CBF557BC23E07D06CBFE2
:10AF50004435C33EC5A96CBF15EFC33E5E836CBFCD
:10AF6000C8A8C43ED45C6CBF5C62C53E24366CBFCE
:10AF7000D21BC63E500F6CBF29D5C63E58E86BBFEA
:10AF8000628EC73E3BC16BBF7C47C83EFB996BBF1F
:10AF90007700C93E95726BBF53B9C93E0C4B6BBF6E
:10AFA0001072CA3E5E236BBFAE2ACB3E8CFB6ABFDB
:10AFB0002CE3CB3E95D36ABF8B9BCC3E7BAB6ABF69
:10AFC000CA53CD3E3C836ABFEA0BCE3ED95A6ABF14
:10AFD000EAC3CE3E52326ABFCA7BCF3EA7096ABFE0
:10AFE0008A33D03ED7E069BF2AEBD03EE4B769BFD1
:10AFF000AAA2D13ECC8E69BF095AD23E916569BFE3
:10B000004811D33E323C69BF67C8D33EAE1269BF18
:10B01000647FD43E07E968BF4136D53E3CBF68BF78
:10B02000FDECD53E4C9568BF99A3D63E396B68BF01
:10B03000135AD73E034168BF6B10D83EA81668BFAD
:10B04000A3C6D83E2AEC67BFB97CD93E87C167BF8B
:10B05000AD32DA3EC19667BF80E8DA3ED86B67BF93
:10B06000319EDB3ECA4067BFC153DC3E991567BFC6
:10B070002E09DD3E45EA66BF79BEDD3ECCBE66BF29
:10B08000A273DE3E309366BFA928DF3E716766BFBC
:10B090008DDDDF3E8E3B66BF4F92E03E880F66BF80
:10B0A000EE46E13E5EE365BF6AFBE13E10B765BF79
:10B0B000C4AFE23EA08A65BFFA63E33E0B5E65BFA4
:10B0C0000E18E43E543165BFFECBE43E790465BF03
:10B0D000CB7FE53E7BD764BF7533E63E59AA64BF9C
:10B0E000FBE6E63E147D64BF5D9AE73EAC4F64BF6D
:10B0F0009C4DE83E212264BFB700E93E73F463BF74
:10B10000AEB3E93EA1C663BF8166EA3EAC9863BFB9
:10B110003019EB3E956A63BFBBCBEB3E5A3C63BF35
:10B12000217EEC3EFC0D63BF6330ED3E7BDF62BFF2
:10B1300080E2ED3ED7B062BF7994EE3E108262BFEE
:10B140004C46EF3E265362BFFBF7EF3E1A2462BF28
:10B1500085A9F03EEAF461BFEA5AF13E98C561BFA5
:10B16000290CF23E229661BF43BDF23E8A6661BF62
:10B17000386EF33ED03661BF071FF43EF20661BF62
:10B18000B1CFF43EF2D660BF3580F53ECFA660BFAA
:10B190009330F63E897660BFCBE0F63E214660BF35
:10B1A000DC90F73E961560BFC840F83EE9E45FBF0B
:10B1B0008EF0F83E19B45FBF2DA0F93E27835FBF24
:10B1C000A54FFA3E12525FBFF7FEFA3EDB205FBF8B
:10B1D00022AEFB3E81EF5EBF275DFC3E05BE5EBF3B
:10B1E000040CFD3E678C5EBFBBBAFD3EA65A5EBF37
:10B1F0004A69FE3EC3285EBFB217FF3EBEF65DBF82
:10B20000F3C5FF3E97C45DBF063A003F4D925DBF58
:10B21000FF90003FE15F5DBFE4E7003F532D5DBF5E
:10B22000B53E013FA3FA5CBF7395013FD1C75CBF38
:10B230001CEC013FDD945CBFB142023FC7615CBFC3
:10B240003299023F8E2E5CBF9FEF023F34FB5BBF03
:10B25000F845033FB8C75BBF3D9C033F1A945BBFF3
:10B260006DF2033F5A605BBF8948043F792C5BBF96
:10B27000919E043F75F85ABF84F4043F50C45ABFEE
:10B28000624A053F09905ABF2CA0053FA05B5ABFF8
:10B29000E2F5053F16275ABF824B063F6AF259BFB7
:10B2A0000EA1063F9CBD59BF86F6063FAD8859BF2B
:10B2B000E84B073F9C5359BF36A1073F6A1E59BF51
:10B2C0006FF6073F17E958BF924B083FA1B358BF2D
:10B2D000A1A0083F0B7E58BF9BF5083F534858BFBD
:10B2E0007F4A093F791258BF4E9F093F7FDC57BF05
:10B2F00009F4093F63A657BFAD480A3F267057BF00
:10B300003D9D0A3FC73957BFB7F10A3F480357BFB2
:10B310001C460B3FA7CC56BF6B9A0B3FE59556BF1B
:10B32000A5EE0B3F025F56BFC9420C3FFE2756BF3A
:10B33000D7960C3FD9F055BFD0EA0C3F93B955BF13
:10B34000B33E0D3F2C8255BF81920D3FA44A55BF9D
:10B3500038E60D3FFB1255BFDA390E3F31DB54BFE3
:10B36000658D0E3F47A354BFDBE00E3F3B6B54BFE0
:10B370003B340F3F0F3354BF84870F3FC3FA53BF93
:10B38000B8DA0F3F55C253BFD52D103FC78953BF01
:10B39000DC80103F185153BFCDD3103F491853BF25
:10B3A000A726113F59DF52BF6B79113F49A652BF03
:10B3B00019CC113F186D52BFB01E123FC63352BF99
:10B3C0003071123F54FA51BF9AC3123FC2C051BFED
:10B3D000EE15133F108751BF2A68133F3D4D51BFF3
:10B3E00050BA133F4A1351BF5F0C143F37D950BFB7
:10B3F000585E143F039F50BF39B0143FAF6450BF35
:10B400000402153F3B2A50BFB753153FA8EF4FBF6B
:10B4100054A5153FF4B44FBFD9F6153F1F7A4FBF5F
:10B420004748163F2B3F4FBF9F99163F17044FBF0A
:10B43000DFEA163FE4C84EBF073C173F908D4EBF72
:10B44000188D173F1C524EBF12DE173F89164EBF94
:10B45000F52E183FD5DA4DBFC07F183F029F4DBF74
:10B4600073D0183F10634DBF0F21193FFD264DBF0C
:10B470009471193FCBEA4CBF00C2193F79AE4CBF63
:10B4800055121A3F08724CBF93621A3F78354CBF71
:10B49000B8B21A3FC7F84BBFC6021B3FF8BB4BBF41
:10B4A000BB521B3F097F4BBF99A21B3FFA414BBFC9
:10B4B0005FF21B3FCC044BBF0C421C3F7FC74ABF0F
:10B4C000A2911C3F138A4ABF1FE11C3F874C4ABF11
:10B4D00084301D3FDC0E4ABFD17F1D3F12D149BFD2
:10B4E00006CF1D3F299349BF221E1E3F215549BF4C
:10B4F000266D1E3FFA1649BF12BC1E3FB3D848BF87
:10B50000E50A1F3F4E9A48BF9F591F3FCA5B48BF7D
:10B5100041A81F3F271D48BFCBF61F3F65DE47BF31
:10B520003B45203F849F47BF9393203F856047BFA3
:10B53000D2E1203F672147BFF92F213F2AE246BFD2
:10B54000067E213FCEA246BFFBCB213F546346BFC0
:10B55000D719223FBB2346BF9967223F03E445BF6B
:10B5600043B5223F2DA445BFD302233F396445BFD5
:10B570004B50233F262445BFA99D233FF5E344BFFD
:10B58000EEEA233FA5A344BF1A38243F376344BFE4
:10B590002C85243FAB2244BF25D2243F00E243BF89
:10B5A000041F253F38A143BFCB6B253F516043BFEC
:10B5B00077B8253F4C1F43BF0A05263F29DE42BF0F
:10B5C0008451263FE89C42BFE39D263F895B42BFF2
:10B5D0002AEA263F0B1A42BF5636273F70D841BF92
:10B5E0006882273FB79641BF61CE273FE15441BFF4
:10B5F000401A283FEC1241BF0566283FDAD040BF11
:10B60000B0B1283FA98E40BF41FD283F5C4C40BFF0
:10B61000B848293FF00940BF1594293F67C73FBF8D
:10B6200057DF293FC0843FBF802A2A3FFC413FBFEC
:10B630008E752A3F1BFF3EBF82C02A3F1BBC3EBF08
:10B640005B0B2B3FFF783EBF1B562B3FC5353EBFE4
:10B65000BFA02B3F6EF23DBF4AEB2B3FF9AE3DBF83
:10B66000B9352C3F676B3DBF0F802C3FB8273DBFDE
:10B6700049CA2C3FECE33CBF69142D3F03A03CBFFB
:10B680006F5E2D3FFC5B3CBF59A82D3FD9173CBFD7
:10B6900029F22D3F98D33BBFDE3B2E3F3B8F3BBF74
:10B6A00078852E3FC14A3BBFF7CE2E3F29063BBFD0
:10B6B0005B182F3F75C13ABFA5612F3FA47C3ABFED
:10B6C000D3AA2F3FB7373ABFE6F32F3FACF239BFCB
:10B6D000DE3C303F85AD39BFBB85303F426839BF66
:10B6E0007CCE303FE12239BF2217313F65DD38BFC4
:10B6F000AD5F313FCB9738BF1DA8313F165238BFE1
:10B7000071F0313F430C38BFAA38323F55C637BFBE
:10B71000C780323F4A8037BFC9C8323F233A37BF5C
:10B72000AF10333FDFF336BF7A58333F7FAD36BFBC
:10B7300029A0333F046736BFBCE7333F6C2036BFD8
:10B74000342F343FB8D935BF8F76343FE79235BFB9
:10B75000CFBD343FFB4B35BFF304353FF30435BF5A
:10B76000FB4B353FCFBD34BFE792353F8F7634BFBB
:10B77000B8D9353F342F34BF6C20363FBCE733BFD8
:10B780000467363F29A033BF7FAD363F7A5833BFB9
:10B79000DFF3363FAF1033BF233A373FC9C832BF5C
:10B7A0004A80373FC78032BF55C6373FAA3832BFBD
:10B7B000430C383F71F031BF1652383F1DA831BFDE
:10B7C000CB97383FAD5F31BF65DD383F221731BFC2
:10B7D000E122393F7CCE30BF4268393FBB8530BF64
:10B7E00085AD393FDE3C30BFACF2393FE6F32FBFC9
:10B7F000B7373A3FD3AA2FBFA47C3A3FA5612FBFEA
:10B8000075C13A3F5B182FBF29063B3FF7CE2EBFCD
:10B81000C14A3B3F78852EBF3B8F3B3FDE3B2EBF6F
:10B8200098D33B3F29F22DBFD9173C3F59A82DBFD4
:10B83000FC5B3C3F6F5E2DBF03A03C3F69142DBFF6
:10B84000ECE33C3F49CA2CBFB8273D3F0F802CBFDB
:10B85000676B3D3FB9352CBFF9AE3D3F4AEB2BBF7F
:10B860006EF23D3FBFA02BBFC5353E3F1B562BBFE1
:10B87000FF783E3F5B0B2BBF1BBC3E3F82C02ABF05
:10B880001BFF3E3F8E752ABFFC413F3F802A2ABFE7
:10B89000C0843F3F57DF29BF67C73F3F159429BF8B
:10B8A000F009403FB84829BF5C4C403F41FD28BFEC
:10B8B000A98E403FB0B128BFDAD0403F056628BF0F
:10B8C000EC12413F401A28BFE154413F61CE27BFEF
:10B8D000B796413F688227BF70D8413F563627BF91
:10B8E0000B1A423F2AEA26BF895B423FE39D26BFEF
:10B8F000E89C423F845126BF29DE423F0A0526BF0D
:10B900004C1F433F77B825BF5160433FCB6B25BFEA
:10B9100038A1433F041F25BF00E2433F25D224BF87
:10B92000AB22443F2C8524BF3763443F1A3824BFE1
:10B93000A5A3443FEEEA23BFF5E3443FA99D23BFFF
:10B940002624453F4B5023BF3964453FD30223BFD4
:10B950002DA4453F43B522BF03E4453F996722BF6D
:10B96000BB23463FD71922BF5463463FFBCB21BFC1
:10B97000CEA2463F067E21BF2AE2463FF92F21BFD5
:10B980006721473FD2E120BF8560473F939320BFA7
:10B99000849F473F3B4520BF65DE473FCBF61FBF37
:10B9A000271D483F41A81FBFCA5B483F9F591FBF83
:10B9B0004E9A483FE50A1FBFB3D8483F12BC1EBF8E
:10B9C000FA16493F266D1EBF2155493F221E1EBF54
:10B9D0002993493F06CF1DBF12D1493FD17F1DBFDB
:10B9E000DC0E4A3F84301DBF874C4A3F1FE11CBF1D
:10B9F000138A4A3FA2911CBF7FC74A3F0C421CBF1B
:10BA0000CC044B3F5FF21BBFFA414B3F99A21BBFD7
:10BA1000097F4B3FBB521BBFF8BB4B3FC6021BBF4E
:10BA2000C7F84B3FB8B21ABF78354C3F93621ABF84
:10BA300008724C3F55121ABF79AE4C3F00C219BF75
:10BA4000CBEA4C3F947119BFFD264D3F0F2119BF22
:10BA500010634D3F73D018BF029F4D3FC07F18BF8A
:10BA6000D5DA4D3FF52E18BF89164E3F12DE17BFAF
:10BA70001C524E3F188D17BF908D4E3F073C17BF8D
:10BA8000E4C84E3FDFEA16BF17044F3F9F9916BF29
:10BA90002B3F4F3F474816BF1F7A4F3FD9F615BF80
:10BAA000F4B44F3F54A515BFA8EF4F3FB75315BF90
:10BAB0003B2A503F040215BFAF64503F39B014BF5A
:10BAC000039F503F585E14BF37D9503F5F0C14BFDF
:10BAD0004A13513F50BA13BF3D4D513F2A6813BF1F
:10BAE0001087513FEE1513BFC2C0513F9AC312BF1A
:10BAF00054FA513F307112BFC633523FB01E12BFCD
:10BB0000186D523F19CC11BF49A6523F6B7911BF36
:10BB100059DF523FA72611BF4918533FCDD310BF5D
:10BB20001851533FDC8010BFC789533FD52D10BF3C
:10BB300055C2533FB8DA0FBFC3FA533F84870FBFD4
:10BB40000F33543F3B340FBF3B6B543FDBE00EBF22
:10BB500047A3543F658D0EBF31DB543FDA390EBF2A
:10BB6000FB12553F38E60DBFA44A553F81920DBFE9
:10BB70002C82553FB33E0DBF93B9553FD0EA0CBF61
:10BB8000D9F0553FD7960CBFFE27563FC9420CBF90
:10BB9000025F563FA5EE0BBFE595563F6B9A0BBF74
:10BBA000A7CC563F1C460BBF4803573FB7F10ABF0F
:10BBB000C739573F3D9D0ABF2670573FAD480ABF62
:10BBC00063A6573F09F409BF7FDC573F4E9F09BF6B
:10BBD0007912583F7F4A09BF5348583F9BF508BF29
:10BBE0000B7E583FA1A008BFA1B3583F924B08BF9E
:10BBF00017E9583F6FF607BF6A1E593F36A107BFC6
:10BC00009C53593FE84B07BFAD88593F86F606BFA6
:10BC10009CBD593F0EA106BF6AF2593F824B06BF39
:10BC200016275A3FE2F505BFA05B5A3F2CA005BF7F
:10BC300009905A3F624A05BF50C45A3F84F404BF7A
:10BC400075F85A3F919E04BF792C5B3F894804BF29
:10BC50005A605B3F6DF203BF1A945B3F3D9C03BF8C
:10BC6000B8C75B3FF84503BF34FB5B3F9FEF02BFA4
:10BC70008E2E5C3F329902BFC7615C3FB14202BF6A
:10BC8000DD945C3F1CEC01BFD1C75C3F739501BFE5
:10BC9000A3FA5C3FB53E01BF532D5D3FE4E700BF13
:10BCA000E15F5D3FFF9000BF4D925D3F063A00BFF0
:10BCB00097C45D3FF3C5FFBEBEF65D3FB217FFBE42
:10BCC000C3285E3F4A69FEBEA65A5E3FBBBAFDBEB0
:10BCD000678C5E3F040CFDBE05BE5E3F275DFCBE6B
:10BCE00081EF5E3F22AEFBBEDB205F3FF7FEFABE78
:10BCF00012525F3FA54FFABE27835F3F2DA0F9BECA
:10BD000019B45F3F8EF0F8BEE9E45F3FC840F8BE6B
:10BD10009615603FDC90F7BE2146603FCBE0F6BE53
:10BD20008976603F9330F6BECFA6603F3580F5BE82
:10BD3000F2D6603FB1CFF4BEF206613F071FF4BEFA
:10BD4000D036613F386EF3BE8A66613F43BDF2BEB6
:10BD50002296613F290CF2BE98C5613FEA5AF1BEB6
:10BD6000EAF4613F85A9F0BE1A24623FFBF7EFBEFB
:10BD70002653623F4C46EFBE1082623F7994EEBE7E
:10BD8000D7B0623F80E2EDBE7BDF623F6330EDBE45
:10BD9000FC0D633F217EECBE5A3C633FBBCBEBBE48
:10BDA000956A633F3019EBBEAC98633F8166EABE8B
:10BDB000A1C6633FAEB3E9BE73F4633FB700E9BE0B
:10BDC0002122643F9C4DE8BEAC4F643F5D9AE7BEC4
:10BDD000147D643FFBE6E6BE59AA643F7533E6BEB8
:10BDE0007BD7643FCB7FE5BE7904653FFECBE4BEE5
:10BDF0005431653F0E18E4BE0B5E653FFA63E3BE47
:10BE0000A08A653FC4AFE2BE10B7653F6AFBE1BEE2
:10BE10005EE3653FEE46E1BE880F663F4F92E0BEAF
:10BE20008E3B663F8DDDDFBE7167663FA928DFBEB2
:10BE30003093663FA273DEBECCBE663F79BEDDBEE8
:10BE400045EA663F2E09DDBE9915673FC153DCBE4A
:10BE5000CA40673F319EDBBED86B673F80E8DABEE1
:10BE6000C196673FAD32DABE87C1673FB97CD9BEA4
:10BE70002AEC673FA3C6D8BEA816683F6B10D8BE91
:10BE80000341683F135AD7BE396B683F99A3D6BEAA
:10BE90004C95683FFDECD5BE3CBF683F4136D5BEF2
:10BEA00007E9683F647FD4BEAE12693F67C8D3BE5E
:10BEB000323C693F4811D3BE9165693F095AD2BEF1
:10BEC000CC8E693FAAA2D1BEE4B7693F2AEBD0BEAF
:10BED000D7E0693F8A33D0BEA7096A3FCA7BCFBE8D
:10BEE00052326A3FEAC3CEBED95A6A3FEA0BCEBE8F
:10BEF0003C836A3FCA53CDBE7BAB6A3F8B9BCCBEB3
:10BF000095D36A3F2CE3CBBE8CFB6A3FAE2ACBBEF7
:10BF10005E236B3F1072CABE0C4B6B3F53B9C9BE58
:10BF200095726B3F7700C9BEFB996B3F7C47C8BEDB
:10BF30003BC16B3F628EC7BE58E86B3F29D5C6BE7A
:10BF4000500F6C3FD21BC6BE24366C3F5C62C5BE30
:10BF5000D45C6C3FC8A8C4BE5E836C3F15EFC3BE03
:10BF6000C5A96C3F4435C3BE07D06C3F557BC2BEEC
:10BF700024F66C3F48C1C1BE1D1C6D3F1E07C1BEEB
:10BF8000F2416D3FD54CC0BEA1676D3F6F92BFBE01
:10BF90002D8D6D3FEBD7BEBE93B26D3F4A1DBEBE29
:10BFA000D5D76D3F8B62BDBEF2FC6D3FAFA7BCBE67
:10BFB000EB216E3FB6ECBBBEBE466E3FA031BBBEB2
:10BFC0006D6B6E3F6E76BABEF88F6E3F1EBBB9BE0C
:10BFD0005DB46E3FB2FFB8BE9ED86E3F2A44B8BE75
:10BFE000BAFC6E3F8488B7BEB0206F3FC3CCB6BEEC
:10BFF00083446F3FE610B6BE30686F3FEC54B5BE69
:10C00000B88B6F3FD698B4BE1BAF6F3FA5DCB3BEF5
:10C010005AD26F3F5820B3BE73F56F3FEF63B2BE85
:10C020006718703F6BA7B1BE373B703FCBEAB0BE1D
:10C03000E15D703F102EB0BE6680703F3A71AFBEBA
:10C04000C6A2703F49B4AEBE02C5703F3CF7ADBE5C
:10C0500017E7703F153AADBE0809713FD47CACBEFE
:10C06000D42A713F77BFABBE7A4C713F0102ABBEA1
:10C07000FB6D713F6F44AABE578F713FC486A9BE46
:10C080008EB0713FFEC8A8BE9FD1713F1F0BA8BEE6
:10C090008CF2713F254DA7BE5213723F128FA6BE80
:10C0A000F433723FE5D0A5BE7054723F9F12A5BE17
:10C0B000C774723F3F54A4BEF894723FC595A3BEA7
:10C0C00004B5723F33D7A2BEEBD4723F8718A2BE2D
:10C0D000ACF4723FC259A1BE4714733FE59AA0BEAB
:10C0E000BE33733FEEDB9FBE0E53733FDF1C9FBE1C
:10C0F0003972733FB85D9EBE3F91733F789E9DBE7F
:10C100001FB0733F20DF9CBED9CE733FAF1F9CBED4
:10C110006EED733F27609BBEDD0B743F86A09ABE19
:10C12000272A743FCEE099BE4B48743FFE2099BE4B
:10C130004966743F166198BE2284743F17A197BE6A
:10C14000D5A1743F00E196BE62BF743FD22096BE77
:10C15000C9DC743F8D6095BE0BFA743F31A094BE6C
:10C160002717753FBFDF93BE1D34753F351F93BE44
:10C17000ED50753F945E92BE976D753FDD9D91BE0B
:10C180001C8A753F10DD90BE7BA6753F2C1C90BEAF
:10C19000B3C2753F325B8FBEC6DE753F229A8EBE3C
:10C1A000B3FA753FFCD88DBE7A16763FC0178DBEA8
:10C1B0001B32763F6E568CBE974D763F07958BBEF1
:10C1C000EC68763F8AD38ABE1B84763FF8118ABE1C
:10C1D000249F763F505089BE07BA763F938E88BE23
:10C1E000C4D4763FC1CC87BE5BEF763FDA0A87BE08
:10C1F000CC09773FDF4886BE1724773FCE8685BEC1
:10C200003C3E773FAAC484BE3A58773F700284BE52
:10C210001372773F224083BEC58B773FC07D82BEBD
:10C2200051A5773F4ABB81BEB7BE773FC0F880BEFD
:10C23000F7D7773F223680BE10F1773FE1E67EBE2A
:10C24000040A783F56617DBED122783FA4DB7BBED5
:10C25000773B783FCB557ABEF853783FCCCF78BE4A
:10C26000526C783FA64977BE8684783F5AC375BE24
:10C27000939C783FE83C74BE7BB4783F51B672BE65
:10C280003BCC783F942F71BED6E3783FB2A86FBE07
:10C290004AFB783FAB216EBE9812793F7F9A6CBE05
:10C2A000BF29793F2F136BBEC040793FBA8B69BE5F
:10C2B0009A57793F220468BE4E6E793F667C66BE0F
:10C2C000DC84793F86F464BE439B793F836C63BE14
:10C2D00083B1793F5CE461BE9DC7793F135C60BE6A
:10C2E00091DD793FA8D35EBE5EF3793F1A4B5DBE08
:10C2F00004097A3F6AC25BBE841E7A3F97395ABEF0
:10C30000DD337A3FA4B058BE10497A3F8F2757BE1D
:10C310001C5E7A3F589E55BE02737A3F011554BE8B
:10C32000C1877A3F898B52BE599C7A3FF10151BE39
:10C33000CBB07A3F38784FBE16C57A3F60EE4DBE1F
:10C340003AD97A3F67644CBE37ED7A3F4FDA4ABE3E
:10C350000E017B3F185049BEBE147B3FC2C547BE8D
:10C3600048287B3F4D3B46BEAB3B7B3FB9B044BE0C
:10C37000E74E7B3F072643BEFC617B3F379B41BEB8
:10C38000EA747B3F491040BEB2877B3F3E853EBE8C
:10C39000539A7B3F15FA3CBECDAC7B3FCF6E3BBE84
:10C3A00020BF7B3F6CE339BE4DD17B3FEC5738BE9D
:10C3B00053E37B3F50CC36BE31F57B3F984035BED2
:10C3C000E9067C3FC4B433BE7A187C3FD42832BE21
:10C3D000E5297C3FC99C30BE283B7C3FA2102FBE84
:10C3E000444C7C3F61842DBE3A5D7C3F04F82BBEFB
:10C3F000086E7C3F8D6B2ABEB07E7C3FFCDE28BE83
:10C40000318F7C3F515227BE8A9F7C3F8CC525BE11
:10C41000BDAF7C3FAD3824BEC9BF7C3FB6AB22BEAA
:10C42000AECF7C3FA51E21BE6CDF7C3F7B911FBE43
:10C4300003EF7C3F38041EBE73FE7C3FDE761CBEDD
:10C44000BC0D7D3F6BE91ABEDD1C7D3FE05B19BE74
:10C45000D82B7D3F3DCE17BEAC3A7D3F834016BE04
:10C4600059497D3FB2B214BEDE577D3FCA2413BE88
:10C470003D667D3FCC9611BE74747D3FB70810BEFB
:10C4800085827D3F8B7A0EBE6E907D3F4AEC0CBE5E
:10C49000309E7D3FF35D0BBECCAB7D3F86CF09BEAA
:10C4A00040B97D3F054108BE8CC67D3F6EB206BED9
:10C4B000B2D37D3FC22305BEB1E07D3F029503BEEE
:10C4C00088ED7D3F2E0602BE38FA7D3F457700BEDF
:10C4D000C2067E3F92D0FDBD24137E3F73B2FABDEB
:10C4E0005E1F7E3F2C94F7BD722B7E3FC075F4BD5E
:10C4F0005E377E3F2E57F1BD23437E3F7638EEBD3B
:10C50000C14E7E3F9A19EBBD385A7E3F9AFAE7BD7D
:10C5100088657E3F76DBE4BDB0707E3F2EBCE1BD1A
:10C52000B17B7E3FC49CDEBD8B867E3F377DDBBD0D
:10C530003D917E3F895DD8BDC99B7E3FB93DD5BD4C
:10C540002DA67E3FC81DD2BD69B07E3FB7FDCEBDD2
:10C550007FBA7E3F86DDCBBD6DC47E3F36BDC8BD94
:10C5600034CE7E3FC69CC5BDD4D77E3F397CC2BD8C
:10C570004CE17E3F8D5BBFBD9DEA7E3FC33ABCBDB3
:10C58000C7F37E3FDD19B9BDC9FC7E3FDAF8B5BD02
:10C59000A4057F3FBBD7B2BD580E7F3F80B6AFBD6D
:10C5A000E4167F3F2B95ACBD491F7F3FBA73A9BDF1
:10C5B00087277F3F3052A6BD9D2F7F3F8C30A3BD84
:10C5C0008D377F3FCF0EA0BD543F7F3FF9EC9CBD20
:10C5D000F4467F3F0ACB99BD6D4E7F3F05A996BDBE
:10C5E000BF557F3FE78693BDE95C7F3FB46490BD54
:10C5F000EC637F3F6A428DBDC76A7F3F0A208ABDD8
:10C600007B717F3F94FD86BD08787F3F0ADB83BD49
:10C610006D7E7F3F6CB880BDAB847F3F742B7BBD4C
:10C62000C28A7F3FE9E574BDB1907F3F38A06EBDFF
:10C6300078967F3F625A68BD189C7F3F681462BD40
:10C6400091A17F3F4CCE5BBDE3A67F3F0E8855BDD9
:10C650000DAC7F3FAF414FBD0FB17F3F2FFB48BDBA
:10C66000EAB57F3F91B442BD9EBA7F3FD56D3CBDD8
:10C670002ABF7F3FFC2636BD8FC37F3F07E02FBD1B
:10C68000CCC77F3FF69829BDE2CB7F3FCC5123BD7D
:10C69000D1CF7F3F880A1DBD98D37F3F2CC316BDE5
:10C6A00037D77F3FB87B10BDAFDA7F3F2F340ABD4D
:10C6B00000DE7F3F90EC03BD29E17F3FB949FBBC21
:10C6C0002BE47F3F2DBAEEBC05E77F3F7B2AE2BC1F
:10C6D000B8E97F3FA69AD5BC43EC7F3FB00AC9BCFE
:10C6E000A7EE7F3F9B7ABCBCE3F07F3F69EAAFBC1B
:10C6F000F8F27F3F1C5AA3BCE6F47F3FB6C996BC54
:10C70000ACF67F3F38398ABC4AF87F3F4B517BBC3F
:10C71000C1F97F3F003062BC11FB7F3F900E49BCE6
:10C7200039FC7F3F02ED2FBC39FD7F3F59CB16BC52
:10C7300013FE7F3F3053FBBBC4FE7F3F890FC9BB55
:10C740004EFF7F3FC1CB96BBB1FF7F3FC70F49BBB9
:10C75000ECFF7F3FD40FC9BA78C70108000000245E
:10C7600030000000801E0108A8C701083000002426
:10C7700048550200901E0108000000000000000063
:10C780000024F4490090D0030090D0030000803FC3
:10C790003D0AF73FB81EA53FF0A7C63E4260E53C04
:08C7A000190001001000000067
:040000050800029954
:00000001FF
